date,apprehended_placed_cbp,cbp_custody,transferred_out_cbp,hhs_care,discharged_hhs,flag_negative_count,flag_transfers_gt_cbp_custody,flag_discharges_gt_hhs_care,flag_zero_transfer_ratio,is_observed,flag_missing_date,cbp_custody_observed,hhs_care_observed,apprehended_placed_cbp_observed,transferred_out_cbp_observed,discharged_hhs_observed,flag_stock_interpolated,total_system_load,net_daily_intake,care_load_growth_rate,discharge_offset_ratio,total_system_load_7d_avg,hhs_care_7d_avg,net_daily_intake_7d_avg,total_system_load_14d_avg,hhs_care_14d_avg,net_daily_intake_14d_avg,care_load_volatility_index,net_intake_volatility_index,cumulative_apprehended_placed_cbp,cumulative_transferred_out_cbp,cumulative_discharged_hhs,cumulative_net_intake,positive_net_intake_run_days,negative_net_intake_run_days,backlog_indicator,relief_period_flag,high_load_flag,severe_load_flag,volatility_spike_flag,net_intake_spike_flag,net_intake_relief_spike_flag,strain_period_flag,system_state
2023-01-12,33.0,53.0,34.0,6566.0,436.0,False,False,False,False,True,False,53.0,6566.0,33.0,34.0,436.0,False,6619.0,-402.0,,12.823529411764707,6619.0,6566.0,-402.0,6619.0,6566.0,-402.0,0.0,0.0,33.0,34.0,436.0,-402.0,0,1,False,False,False,False,False,False,True,False,Normal
2023-01-13,,52.6,,6621.6,,False,False,False,False,False,True,,,,,,True,6674.200000000001,,0.008339628342650007,,6646.6,6593.8,-402.0,6646.6,6593.8,-402.0,0.0,0.0,33.0,34.0,436.0,-402.0,0,0,False,False,False,False,False,False,False,False,Missing Report
2023-01-14,,52.2,,6677.2,,False,False,False,False,False,True,,,,,,True,6729.4,,0.008270654160798196,,6674.2,6621.599999999999,-402.0,6674.2,6621.599999999999,-402.0,55.19999999999993,0.0,33.0,34.0,436.0,-402.0,0,0,False,False,False,False,False,False,False,False,Missing Report
2023-01-15,,51.8,,6732.8,,False,False,False,False,False,True,,,,,,True,6784.6,,0.008202811543376987,,6701.8,6649.4,-402.0,6701.8,6649.4,-402.0,71.26289357021659,0.0,33.0,34.0,436.0,-402.0,0,0,False,False,False,False,False,False,False,False,Missing Report
2023-01-16,,51.4,,6788.4,,False,False,False,False,False,True,,,,,,True,6839.799999999999,,0.008136072870913447,,6729.4,6677.2,-402.0,6729.4,6677.2,-402.0,87.27886342064713,0.0,33.0,34.0,436.0,-402.0,0,0,False,False,False,False,False,False,False,False,Missing Report
2023-01-17,,51.0,,6844.0,,False,False,False,False,False,True,,,,,,True,6895.0,,0.008070411415538548,,6757.0,6705.0,-402.0,6757.0,6705.0,-402.0,103.26974387496074,0.0,33.0,34.0,436.0,-402.0,0,0,False,False,False,False,False,False,False,False,Missing Report
2023-01-18,,50.6,,6899.6,,False,False,False,False,False,True,,,,,,True,6950.200000000001,,0.008005801305293714,,6784.599999999999,6732.8,-402.0,6784.599999999999,6732.8,-402.0,119.24562885070473,0.0,33.0,34.0,436.0,-402.0,0,0,False,False,False,False,False,False,False,False,Missing Report
2023-01-19,,50.2,,6955.2,,False,False,False,False,False,True,,,,,,True,7005.4,,0.00794221749014401,,6839.8,6788.400000000001,,6812.2,6760.6,-402.0,135.21183380163131,0.0,33.0,34.0,436.0,-402.0,0,0,False,False,False,False,False,False,False,False,Missing Report
2023-01-20,,49.8,,7010.8,,False,False,False,False,False,True,,,,,,True,7060.6,,0.0078796357095956,,6895.0,6844.0,,6839.799999999999,6788.4,-402.0,151.17142587142564,0.0,33.0,34.0,436.0,-402.0,0,0,False,False,False,False,False,False,False,False,Missing Report
2023-01-21,,49.4,,7066.4,,False,False,False,False,False,True,,,,,,True,7115.799999999999,,0.007818032461830215,,6950.2,6899.599999999999,,6867.4,6816.2,-402.0,167.12629954618112,0.0,33.0,34.0,436.0,-402.0,0,0,False,False,False,False,False,False,False,False,Missing Report
2023-01-22,32.0,49.0,39.0,7122.0,227.0,False,False,False,False,True,False,49.0,7122.0,32.0,39.0,227.0,False,7171.0,-188.0,0.007757384974282688,5.82051282051282,7005.400000000001,6955.2,-188.0,6895.0,6844.0,-295.0,183.0776884276176,0.0,65.0,73.0,663.0,-590.0,0,1,False,False,False,False,False,False,True,False,Normal
2023-01-23,32.0,50.0,39.0,7280.0,181.0,False,False,False,False,True,False,50.0,7280.0,32.0,39.0,181.0,False,7330.0,-142.0,0.022172639799191263,4.641025641025641,7075.428571428572,7025.428571428572,-165.0,6931.25,6880.333333333333,-244.0,215.03290445882877,138.7515765676196,97.0,112.0,844.0,-732.0,0,2,False,False,False,False,False,False,True,False,Normal
2023-01-24,47.0,42.0,47.0,7433.0,175.0,False,True,False,False,True,False,42.0,7433.0,47.0,47.0,175.0,False,7475.0,-128.0,0.01978171896316505,3.723404255319149,7158.285714285715,7109.571428571428,-152.66666666666666,6973.076923076923,6922.846153846154,-215.0,255.20438264864623,127.27398267779108,144.0,159.0,1019.0,-860.0,0,3,False,True,False,False,True,False,True,False,Relief
2023-01-25,20.0,22.0,41.0,7538.0,180.0,False,True,False,False,True,False,22.0,7538.0,20.0,41.0,180.0,False,7560.0,-139.0,0.011371237458194017,4.390243902439025,7245.400000000001,7200.771428571429,-149.25,7015.0,6966.785714285715,-199.8,291.0755122749997,115.34383381871785,164.0,200.0,1199.0,-999.0,0,4,False,True,False,False,True,False,True,False,Relief
2023-01-26,,27.75,,7521.5,,False,False,False,False,False,True,,,,,,True,7549.25,,-0.00142195767195763,,7323.092857142858,7281.671428571428,-149.25,7081.446428571428,7035.035714285715,-149.25,299.77166596767034,26.525145302775172,164.0,200.0,1199.0,-999.0,0,0,False,False,False,False,True,False,False,False,Missing Report
2023-01-27,,33.5,,7505.0,,False,False,False,False,False,True,,,,,,True,7538.5,,-0.0014239825148193441,,7391.364285714286,7352.271428571429,-149.25,7143.182142857143,7098.135714285714,-149.25,298.4459502715961,26.525145302775172,164.0,200.0,1199.0,-999.0,0,0,False,False,False,False,True,False,False,False,Missing Report
2023-01-28,,39.25,,7488.5,,False,False,False,False,False,True,,,,,,True,7527.75,,-0.001426013132586057,,7450.214285714285,7412.571428571428,-149.25,7200.207142857143,7156.085714285714,-149.25,289.43720911793184,26.525145302775172,164.0,200.0,1199.0,-999.0,0,0,False,False,False,False,True,False,False,False,Missing Report
2023-01-29,23.0,45.0,11.0,7472.0,303.0,False,False,False,False,True,False,45.0,7472.0,23.0,11.0,303.0,False,7517.0,-292.0,-0.0014280495499983115,27.545454545454547,7499.642857142857,7462.571428571428,-175.25,7252.521428571429,7208.885714285714,-177.8,274.33473497387484,67.84688644293121,187.0,211.0,1502.0,-1291.0,0,1,False,False,False,False,True,False,True,False,Watch
2023-01-30,34.0,54.0,29.0,7743.0,196.0,False,False,False,False,True,False,54.0,7743.0,34.0,29.0,196.0,False,7797.0,-167.0,0.037248902487694524,6.758620689655173,7566.357142857143,7528.714285714285,-181.5,7320.892857142857,7277.071428571428,-176.0,282.7130801966632,60.84406298070504,221.0,240.0,1698.0,-1458.0,0,2,False,False,False,False,True,False,True,False,Watch
2023-01-31,26.0,36.0,36.0,7803.0,158.0,False,False,False,False,True,False,36.0,7803.0,26.0,36.0,158.0,False,7839.0,-122.0,0.0053866871873797795,4.388888888888889,7618.357142857143,7581.571428571428,-180.0,7388.321428571428,7345.571428571428,-168.28571428571428,285.87848798066113,59.1740773360382,247.0,276.0,1856.0,-1580.0,0,3,False,True,False,False,True,False,True,False,Relief
2023-02-01,25.0,32.0,27.0,7903.0,231.0,False,False,False,False,True,False,32.0,7903.0,25.0,27.0,231.0,False,7935.0,-204.0,0.012246460007653948,8.555555555555555,7671.928571428572,7633.714285714285,-196.25,7458.664285714286,7417.242857142856,-172.75,290.89755758855745,56.22086547079932,272.0,303.0,2087.0,-1784.0,0,4,False,True,False,False,True,False,True,False,Relief
2023-02-02,15.0,13.0,23.0,7879.0,298.0,False,True,False,False,True,False,13.0,7879.0,15.0,23.0,298.0,False,7892.0,-275.0,-0.0054190296156270135,12.956521739130435,7720.892857142857,7684.785714285715,-212.0,7521.992857142856,7483.228571428571,-184.11111111111111,280.9684179194005,62.66866131577339,287.0,326.0,2385.0,-2059.0,0,5,False,True,False,False,True,False,True,False,Relief
2023-02-03,,14.666666666666666,,7781.333333333333,,False,False,False,False,False,True,,,,,,True,7796.0,,-0.012164216928535199,,7757.678571428572,7724.2619047619055,-212.0,7574.521428571429,7538.2666666666655,-184.11111111111111,255.6784802730263,62.66866131577339,287.0,326.0,2385.0,-2059.0,0,0,False,False,False,False,True,False,False,False,Missing Report
2023-02-04,,16.333333333333332,,7683.666666666667,,False,False,False,False,False,True,,,,,,True,7700.0,,-0.012314007183170883,,7782.285714285715,7752.142857142857,-212.0,7616.25,7582.357142857143,-184.11111111111111,220.27447912512483,62.66866131577339,287.0,326.0,2385.0,-2059.0,0,0,False,False,False,False,True,False,False,False,Missing Report
2023-02-05,16.0,18.0,15.0,7586.0,342.0,False,False,False,False,True,False,18.0,7586.0,16.0,15.0,342.0,False,7604.0,-327.0,-0.012467532467532516,22.8,7794.714285714285,7768.428571428572,-219.0,7647.178571428572,7615.5,-199.55555555555554,179.58958094058914,78.79897066445588,303.0,341.0,2727.0,-2386.0,0,1,False,False,False,False,False,False,True,False,Normal
2023-02-06,11.0,22.0,12.0,7720.0,196.0,False,False,False,False,True,False,22.0,7720.0,11.0,12.0,196.0,False,7742.0,-184.0,0.018148342977380327,16.333333333333332,7786.857142857143,7765.142857142857,-222.4,7676.607142857143,7646.928571428572,-204.22222222222223,155.79713493112138,76.16393138779304,314.0,353.0,2923.0,-2570.0,0,2,False,False,False,False,False,False,True,False,Normal
2023-02-07,16.0,20.0,20.0,7855.0,200.0,False,False,False,False,True,False,20.0,7855.0,16.0,20.0,200.0,False,7875.0,-180.0,0.017179023508137492,10.0,7792.0,7772.571428571428,-234.0,7705.178571428572,7677.071428571428,-210.0,152.6260963096549,71.48776119029048,330.0,373.0,3123.0,-2750.0,0,3,False,True,False,False,False,False,True,False,Relief
2023-02-08,93.0,196.0,169.0,7915.0,317.0,False,False,False,False,True,False,196.0,7915.0,93.0,169.0,317.0,False,8111.0,-148.0,0.029968253968253977,1.8757396449704142,7817.142857142857,7774.285714285715,-222.8,7744.535714285715,7704.0,-211.0,180.7590527880524,70.42549254353854,423.0,542.0,3440.0,-2898.0,0,4,False,True,False,False,False,False,True,False,Relief
2023-02-09,124.0,234.0,161.0,7908.0,353.0,False,False,False,False,True,False,234.0,7908.0,124.0,161.0,353.0,False,8142.0,-192.0,0.003821970163974786,2.1925465838509317,7852.857142857143,7778.428571428572,-206.2,7786.875,7731.607142857143,-209.1,199.90470686535076,66.66908328953285,547.0,703.0,3793.0,-3090.0,0,5,False,True,False,False,False,False,True,False,Relief
2023-02-10,,223.66666666666666,,7750.0,,False,False,False,False,False,True,,,,,,True,7973.666666666667,,-0.020674690903136006,,7878.2380952380945,7773.952380952381,-206.2,7817.958333333334,7749.107142857143,-209.1,191.98941262987535,66.66908328953285,547.0,703.0,3793.0,-3090.0,0,0,False,False,False,False,False,False,False,False,Missing Report
2023-02-11,,213.33333333333334,,7592.0,,False,False,False,False,False,True,,,,,,True,7805.333333333333,,-0.021111157560302685,,7893.285714285715,7760.857142857143,-206.2,7837.785714285715,7756.5,-209.1,173.1193258327899,66.66908328953285,547.0,703.0,3793.0,-3090.0,0,0,False,False,False,False,False,False,False,False,Missing Report
2023-02-12,92.0,203.0,173.0,7434.0,317.0,False,False,False,False,True,False,203.0,7434.0,92.0,173.0,317.0,False,7637.0,-144.0,-0.02156645029039972,1.8323699421965318,7898.0,7739.142857142857,-169.6,7846.357142857143,7753.785714285715,-194.3,158.35616376754427,62.51941920537794,639.0,876.0,4110.0,-3234.0,0,1,False,False,False,False,False,False,True,False,Normal
2023-02-13,186.0,259.0,172.0,7483.0,244.0,False,False,False,False,True,False,259.0,7483.0,186.0,172.0,244.0,False,7742.0,-72.0,0.013748854262144894,1.4186046511627908,7898.0,7705.285714285715,-147.2,7842.428571428572,7735.214285714285,-184.8,160.34457706571212,73.39966696866624,825.0,1048.0,4354.0,-3306.0,0,2,False,False,False,False,False,False,False,False,Normal
2023-02-14,154.0,225.0,220.0,7794.0,223.0,False,False,False,False,True,False,225.0,7794.0,154.0,220.0,223.0,False,8019.0,-3.0,0.03577886850942913,1.0136363636363637,7918.571428571428,7696.571428571428,-111.8,7855.285714285715,7734.571428571428,-172.9,167.12188382651377,92.0017511910628,979.0,1268.0,4577.0,-3309.0,0,3,False,True,False,False,False,False,False,False,Relief
2023-02-15,91.0,199.0,172.0,7869.0,290.0,False,False,False,False,True,False,199.0,7869.0,91.0,172.0,290.0,False,8068.0,-118.0,0.006110487591969083,1.686046511627907,7912.428571428572,7690.0,-105.8,7864.785714285715,7732.142857142857,-164.3,175.5685079300946,92.78775062833817,1070.0,1440.0,4867.0,-3427.0,0,4,False,True,False,False,False,False,True,False,Relief
2023-02-16,81.0,213.0,153.0,7793.0,361.0,False,False,False,False,True,False,213.0,7793.0,81.0,153.0,361.0,False,8006.0,-208.0,-0.007684680218145723,2.3594771241830066,7893.0,7673.571428571428,-109.0,7872.928571428572,7726.0,-157.6,179.5268319621948,86.08290577499503,1151.0,1593.0,5228.0,-3635.0,0,5,False,True,False,False,False,False,True,False,Relief
2023-02-17,,231.0,,7799.0,,False,False,False,False,False,True,,,,,,True,8030.0,,0.002997751686235395,,7901.047619047619,7680.571428571428,-109.0,7889.642857142857,7727.2619047619055,-157.6,182.6789470083962,86.08290577499503,1151.0,1593.0,5228.0,-3635.0,0,0,False,False,False,False,False,False,False,False,Missing Report
2023-02-18,,249.0,,7805.0,,False,False,False,False,False,True,,,,,,True,8054.0,,0.002988792029887888,,7936.571428571428,7711.0,-109.0,7914.928571428572,7735.928571428572,-157.6,178.87006115892495,86.08290577499503,1151.0,1593.0,5228.0,-3635.0,0,0,False,False,False,False,False,False,False,False,Missing Report
2023-02-19,,267.0,,7811.0,,False,False,False,False,False,True,,,,,,True,8078.0,,0.002979885771045465,,7999.571428571428,7764.857142857143,-100.25,7948.785714285715,7752.0,-138.77777777777777,159.276226604648,65.96168921763945,1151.0,1593.0,5228.0,-3635.0,0,0,False,False,False,False,False,False,False,False,Missing Report
2023-02-20,209.0,285.0,184.0,7817.0,209.0,False,False,False,False,True,False,285.0,7817.0,209.0,184.0,209.0,False,8102.0,-25.0,0.002971032433770837,1.1358695652173914,8051.0,7812.571428571428,-88.5,7974.5,7758.928571428572,-121.11111111111111,152.22782914372402,73.22814425554645,1360.0,1777.0,5437.0,-3660.0,0,1,False,False,False,False,False,False,False,False,Normal
2023-02-21,184.0,314.0,217.0,7967.0,213.0,False,False,False,False,True,False,314.0,7967.0,184.0,217.0,213.0,False,8281.0,4.0,0.02209331029375461,0.9815668202764977,8088.428571428572,7837.285714285715,-86.75,8003.5,7766.928571428572,-100.66666666666667,169.50630928932355,80.09525578959101,1544.0,1994.0,5650.0,-3656.0,1,0,False,False,True,False,False,False,False,False,Watch
2023-02-22,107.0,215.0,230.0,7978.0,232.0,False,True,False,False,True,False,215.0,7978.0,107.0,230.0,232.0,False,8193.0,-2.0,-0.010626735901461126,1.008695652173913,8106.285714285715,7852.857142857143,-57.75,8009.357142857143,7771.428571428572,-84.44444444444444,174.83943619597778,84.0001653437527,1651.0,2224.0,5882.0,-3658.0,0,1,False,False,False,False,False,False,False,False,Normal
2023-02-23,101.0,162.0,178.0,7914.0,386.0,False,True,False,False,True,False,162.0,7914.0,101.0,178.0,386.0,False,8076.0,-208.0,-0.0142804833394361,2.168539325842697,8116.285714285715,7870.142857142857,-57.75,8004.642857142857,7771.857142857143,-86.22222222222223,171.85207633786408,86.68733727854638,1752.0,2402.0,6268.0,-3866.0,0,2,False,False,False,False,False,False,True,False,Normal
2023-02-24,,171.33333333333334,,7812.333333333333,,False,False,False,False,False,True,,,,,,True,7983.666666666666,,-0.01143305266633654,,8109.666666666666,7872.047619047619,-57.75,8005.357142857143,7776.309523809524,-86.22222222222223,171.73416468810814,86.68733727854638,1752.0,2402.0,6268.0,-3866.0,0,0,False,False,False,False,False,False,False,False,Missing Report
2023-02-25,,180.66666666666666,,7710.666666666667,,False,False,False,False,False,True,,,,,,True,7891.333333333334,,-0.011565279111519167,,8086.428571428572,7858.571428571428,-57.75,8011.5,7784.785714285715,-86.22222222222223,165.4522292715909,86.68733727854638,1752.0,2402.0,6268.0,-3866.0,0,0,False,False,False,False,False,False,False,False,Missing Report
2023-02-26,99.0,190.0,176.0,7609.0,323.0,False,False,False,False,True,False,190.0,7609.0,99.0,176.0,323.0,False,7799.0,-147.0,-0.011700599814142176,1.8352272727272727,8046.571428571428,7829.714285714285,-75.6,8023.071428571428,7797.285714285715,-86.55555555555556,141.12164714110386,86.94266948844962,1851.0,2578.0,6591.0,-4013.0,0,1,False,False,False,False,False,False,True,False,Normal
2023-02-27,167.0,239.0,166.0,7800.0,248.0,False,False,False,False,True,False,239.0,7800.0,167.0,166.0,248.0,False,8039.0,-82.0,0.03077317604821128,1.4939759036144578,8037.571428571428,7827.285714285715,-87.0,8044.285714285715,7819.928571428572,-87.66666666666667,115.6423795637176,86.79717737346078,2018.0,2744.0,6839.0,-4095.0,0,2,False,False,False,False,False,False,False,False,Normal
2023-02-28,115.0,216.0,169.0,7896.0,200.0,False,False,False,False,True,False,216.0,7896.0,115.0,169.0,200.0,False,8112.0,-31.0,0.009080731434258027,1.183431952662722,8013.428571428572,7817.142857142857,-94.0,8050.928571428572,7827.214285714285,-90.77777777777777,116.74401674460424,83.83432736322548,2133.0,2913.0,7039.0,-4126.0,0,3,False,True,False,False,False,False,False,False,Relief
2023-03-01,84.0,158.0,193.0,7930.0,307.0,False,True,False,False,True,False,158.0,7930.0,84.0,193.0,307.0,False,8088.0,-114.0,-0.00295857988165682,1.5906735751295338,7998.428571428572,7810.285714285715,-116.4,8052.357142857143,7831.571428571428,-90.33333333333333,117.09083801375468,83.68243543301074,2217.0,3106.0,7346.0,-4240.0,0,4,False,True,False,False,False,False,True,False,Relief
2023-03-02,130.0,227.0,192.0,7870.0,335.0,False,False,False,False,True,False,227.0,7870.0,130.0,192.0,335.0,False,8097.0,-143.0,0.001112759643916883,1.7447916666666667,8001.428571428572,7804.0,-103.4,8058.857142857143,7837.071428571428,-83.11111111111111,116.8450441686054,74.56615258353567,2347.0,3298.0,7681.0,-4383.0,0,5,False,True,False,False,False,False,True,False,Relief
2023-03-03,,224.4,,7867.8,,False,False,False,False,False,True,,,,,,True,8092.2,,-0.0005928121526491692,,8016.933333333333,7811.92380952381,-103.4,8063.3,7841.9857142857145,-83.11111111111111,116.84592163061751,74.56615258353567,2347.0,3298.0,7681.0,-4383.0,0,0,False,False,False,False,False,False,False,False,Missing Report
2023-03-04,,221.8,,7865.6,,False,False,False,False,False,True,,,,,,True,8087.400000000001,,-0.0005931637873507478,,8044.942857142857,7834.057142857143,-103.4,8065.685714285714,7846.314285714286,-83.11111111111111,116.98232587251621,74.56615258353567,2347.0,3298.0,7681.0,-4383.0,0,0,False,False,False,False,False,False,False,False,Missing Report
2023-03-05,,219.2,,7863.4,,False,False,False,False,False,True,,,,,,True,8082.599999999999,,-0.0005935158394541062,,8085.457142857143,7870.400000000001,-92.5,8066.0142857142855,7850.057142857143,-83.11111111111111,117.0260258249836,74.56615258353567,2347.0,3298.0,7681.0,-4383.0,0,0,False,False,False,False,False,False,False,False,Missing Report
2023-03-06,,216.6,,7861.2,,False,False,False,False,False,True,,,,,,True,8077.8,,-0.0005938683097022057,,8091.0,7879.142857142857,-96.0,8064.285714285715,7853.214285714285,-90.375,116.6316619385301,76.23448319869061,2347.0,3298.0,7681.0,-4383.0,0,0,False,False,False,False,False,False,False,False,Missing Report
2023-03-07,88.0,214.0,160.0,7859.0,259.0,False,False,False,False,True,False,214.0,7859.0,88.0,160.0,259.0,False,8073.0,-99.0,-0.0005942211988413382,1.61875,8085.428571428572,7873.857142857143,-118.66666666666667,8049.428571428572,7845.5,-103.25,98.78447822392,66.03408210916551,2435.0,3458.0,7940.0,-4482.0,0,1,False,False,False,False,False,False,True,False,Normal
2023-03-08,113.0,208.0,159.0,7885.0,291.0,False,False,False,False,True,False,208.0,7885.0,113.0,159.0,291.0,False,8093.0,-132.0,0.0024773937817414993,1.830188679245283,8086.142857142857,7867.428571428572,-124.66666666666667,8042.285714285715,7838.857142857143,-119.5,90.90581743467584,52.07960939067923,2548.0,3617.0,8231.0,-4614.0,0,2,False,False,False,False,False,False,True,False,Normal
2023-03-09,174.0,285.0,150.0,7786.0,340.0,False,False,False,False,True,False,285.0,7786.0,174.0,150.0,340.0,False,8071.0,-190.0,-0.0027183986160880247,2.2666666666666666,8082.428571428572,7855.428571428572,-140.33333333333334,8041.928571428572,7829.714285714285,-117.25,90.77289954506391,47.93373402044605,2722.0,3767.0,8571.0,-4804.0,0,3,False,True,False,False,False,False,True,False,Relief
2023-03-10,,271.25,,7731.25,,False,False,False,False,False,True,,,,,,True,8002.5,,-0.008487176310246536,,8069.614285714286,7835.921428571428,-140.33333333333334,8043.273809523809,7823.922619047619,-117.25,89.9791335531102,47.93373402044605,2722.0,3767.0,8571.0,-4804.0,0,0,False,False,False,False,False,False,False,False,Missing Report
2023-03-11,,257.5,,7676.5,,False,False,False,False,False,True,,,,,,True,7934.0,,-0.008559825054670456,,8047.7,7808.907142857142,-140.33333333333334,8046.321428571428,7821.482142857143,-117.25,85.02307540689961,47.93373402044605,2722.0,3767.0,8571.0,-4804.0,0,0,False,False,False,False,False,False,False,False,Missing Report
2023-03-12,,243.75,,7621.75,,False,False,False,False,False,True,,,,,,True,7865.5,,-0.00863372825812958,,8016.685714285714,7774.385714285714,-140.33333333333334,8051.071428571428,7822.392857142857,-113.0,70.81320420732901,50.11985634456679,2722.0,3767.0,8571.0,-4804.0,0,0,False,False,False,False,False,False,False,False,Missing Report
2023-03-13,104.0,230.0,206.0,7567.0,249.0,False,False,False,False,True,False,230.0,7567.0,104.0,206.0,249.0,False,7797.0,-43.0,-0.008708918695569223,1.2087378640776698,7976.571428571428,7732.357142857143,-116.0,8033.785714285715,7805.75,-107.42857142857143,98.21955670170944,55.96682690921227,2826.0,3973.0,8820.0,-4847.0,0,1,False,False,False,False,False,False,False,False,Normal
2023-03-14,147.0,276.0,214.0,7810.0,181.0,False,False,False,False,True,False,276.0,7810.0,147.0,214.0,181.0,False,8086.0,33.0,0.0370655380274465,0.8457943925233645,7978.428571428572,7725.357142857143,-83.0,8031.928571428572,7799.607142857143,-98.28571428571429,96.8633567976502,73.129370036291,2973.0,4187.0,9001.0,-4814.0,1,0,False,False,False,False,False,True,False,False,Normal
2023-03-15,108.0,220.0,213.0,7915.0,286.0,False,False,False,False,True,False,220.0,7915.0,108.0,213.0,286.0,False,8135.0,-73.0,0.006059856542171671,1.3427230046948357,7984.428571428572,7729.642857142857,-68.25,8035.285714285715,7798.535714285715,-92.42857142857143,99.72830673802775,73.30269922919435,3081.0,4400.0,9287.0,-4887.0,0,1,False,False,False,False,False,False,False,False,Normal
2023-03-16,180.0,280.0,146.0,7989.0,308.0,False,False,False,False,True,False,280.0,7989.0,180.0,146.0,308.0,False,8269.0,-162.0,0.01647203441917644,2.1095890410958904,8012.714285714285,7758.642857142857,-61.25,8047.571428571428,7807.035714285715,-95.14285714285714,117.01253337583941,75.7967206226158,3261.0,4546.0,9595.0,-5049.0,0,2,False,False,True,False,False,False,True,False,Watch
2023-03-17,,284.6666666666667,,7954.333333333333,,False,False,False,False,False,True,,,,,,True,8239.0,,-0.0036280082234853017,,8046.5,7790.5119047619055,-61.25,8058.057142857143,7813.216666666666,-95.14285714285714,127.4329429349173,75.7967206226158,3261.0,4546.0,9595.0,-5049.0,0,0,False,False,False,False,False,False,False,False,Missing Report
2023-03-18,,289.3333333333333,,7919.666666666667,,False,False,False,False,False,True,,,,,,True,8209.0,,-0.003641218594489626,,8085.785714285715,7825.25,-61.25,8066.742857142856,7817.078571428572,-95.14285714285714,133.58246496098906,75.7967206226158,3261.0,4546.0,9595.0,-5049.0,0,0,False,False,False,False,False,False,False,False,Missing Report
2023-03-19,134.0,294.0,186.0,7885.0,306.0,False,False,False,False,True,False,294.0,7885.0,134.0,186.0,306.0,False,8179.0,-120.0,-0.0036545255207698357,1.6451612903225807,8130.571428571428,7862.857142857143,-73.0,8073.628571428571,7818.621428571429,-98.25,136.90592181702854,70.72229391884053,3395.0,4732.0,9901.0,-5169.0,0,1,False,False,False,False,False,False,True,False,Normal
2023-03-20,202.0,313.0,158.0,7931.0,279.0,False,False,False,False,True,False,313.0,7931.0,202.0,158.0,279.0,False,8244.0,-121.0,0.007947181807066883,1.7658227848101267,8194.42857142857,7914.857142857143,-88.6,8085.5,7823.607142857143,-100.77777777777777,144.30150060523258,66.58787009992476,3597.0,4890.0,10180.0,-5290.0,0,2,False,False,False,False,False,False,True,False,Normal
2023-03-21,110.0,272.0,193.0,8050.0,221.0,False,False,False,False,True,False,272.0,8050.0,110.0,193.0,221.0,False,8322.0,-28.0,0.009461426491994107,1.145077720207254,8228.142857142857,7949.142857142857,-100.8,8103.285714285715,7837.25,-92.88888888888889,157.39351886344798,70.89154470817464,3707.0,5083.0,10401.0,-5318.0,0,3,False,True,True,False,False,False,False,False,Relief
2023-03-22,166.0,277.0,229.0,8097.0,246.0,False,False,False,False,True,False,277.0,8097.0,166.0,229.0,246.0,False,8374.0,-17.0,0.006248497957221932,1.074235807860262,8262.285714285714,7975.142857142857,-89.6,8123.357142857143,7852.392857142857,-80.11111111111111,173.1130609403304,73.28445340664774,3873.0,5312.0,10647.0,-5335.0,0,4,False,True,True,False,False,False,False,False,Relief
2023-03-23,136.0,276.0,178.0,8102.0,331.0,False,False,False,False,True,False,276.0,8102.0,136.0,178.0,331.0,False,8378.0,-153.0,0.0004776689754000252,1.8595505617977528,8277.857142857143,7991.285714285715,-87.8,8145.285714285715,7874.964285714285,-76.0,185.00631114865715,67.12860791048786,4009.0,5490.0,10978.0,-5488.0,0,5,False,True,True,False,False,False,True,False,Relief
2023-03-24,,266.0,,8017.0,,False,False,False,False,False,True,,,,,,True,8283.0,,-0.011339221771305752,,8284.142857142857,8000.2380952380945,-87.8,8165.321428571428,7895.375,-76.0,183.53637316544027,67.12860791048786,4009.0,5490.0,10978.0,-5488.0,0,0,False,False,True,False,False,False,False,False,Missing Report
2023-03-25,,256.0,,7932.0,,False,False,False,False,False,True,,,,,,True,8188.0,,-0.011469274417481579,,8281.142857142857,8002.0,-87.8,8183.464285714285,7913.625,-76.0,171.03963376562663,67.12860791048786,4009.0,5490.0,10978.0,-5488.0,0,0,False,False,False,False,False,False,False,False,Missing Report
2023-03-26,87.0,246.0,173.0,7847.0,352.0,False,False,False,False,True,False,246.0,7847.0,87.0,173.0,352.0,False,8093.0,-179.0,-0.011602344894968253,2.0346820809248554,8268.857142857143,7996.571428571428,-99.6,8199.714285714286,7929.714285714285,-86.3,147.72501927121078,71.17903873722634,4096.0,5663.0,11330.0,-5667.0,0,1,False,False,False,False,False,False,True,False,Normal
2023-03-27,84.0,171.0,157.0,7994.0,235.0,False,False,False,False,True,False,171.0,7994.0,84.0,157.0,235.0,False,8165.0,-78.0,0.008896577289015273,1.4968152866242037,8257.57142857143,8005.571428571428,-91.0,8226.0,7960.214285714285,-89.8,93.25234581498817,69.65757516435517,4180.0,5820.0,11565.0,-5745.0,0,2,False,False,False,False,False,False,False,False,Normal
2023-03-28,167.0,209.0,157.0,8079.0,223.0,False,False,False,False,True,False,209.0,8079.0,167.0,157.0,223.0,False,8288.0,-66.0,0.015064298836497292,1.4203821656050954,8252.714285714286,8009.714285714285,-98.6,8240.42857142857,7979.428571428572,-99.7,85.20447287437611,55.95245997968085,4347.0,5977.0,11788.0,-5811.0,0,3,False,True,True,False,False,False,False,False,Relief
2023-03-29,109.0,245.0,159.0,8208.0,267.0,False,False,False,False,True,False,245.0,8208.0,109.0,159.0,267.0,False,8453.0,-108.0,0.019908301158301223,1.679245283018868,8264.0,8025.571428571428,-116.8,8263.142857142857,8000.357142857143,-103.2,96.56632407342106,55.18614963114495,4456.0,6136.0,12055.0,-5919.0,0,4,False,True,True,False,False,False,True,False,Relief
2023-03-30,156.0,256.0,176.0,8158.0,359.0,False,False,False,False,True,False,256.0,8158.0,156.0,176.0,359.0,False,8414.0,-183.0,-0.004613746598840618,2.039772727272727,8269.142857142857,8033.571428571428,-122.8,8273.5,8012.428571428572,-105.3,104.67807793419797,58.000095785361594,4612.0,6312.0,12414.0,-6102.0,0,5,False,True,True,False,False,False,True,False,Relief
2023-03-31,,248.0,,8099.0,,False,False,False,False,False,True,,,,,,True,8347.0,,-0.007962918944616093,,8278.285714285714,8045.285714285715,-122.8,8281.214285714286,8022.7619047619055,-105.3,105.91228487720446,58.000095785361594,4612.0,6312.0,12414.0,-6102.0,0,0,False,False,True,False,False,False,False,False,Missing Report
2023-04-01,,240.0,,8040.0,,False,False,False,False,False,True,,,,,,True,8280.0,,-0.00802683598897802,,8291.42857142857,8060.714285714285,-122.8,8286.285714285714,8031.357142857143,-105.3,103.86857714765972,58.000095785361594,4612.0,6312.0,12414.0,-6102.0,0,0,False,False,True,False,False,False,False,False,Missing Report
2023-04-02,125.0,232.0,192.0,7981.0,304.0,False,False,False,False,True,False,232.0,7981.0,125.0,192.0,304.0,False,8213.0,-112.0,-0.008091787439613474,1.5833333333333333,8308.57142857143,8079.857142857143,-109.4,8288.714285714286,8038.214285714285,-104.5,101.53849483847962,57.82973091566125,4737.0,6504.0,12718.0,-6214.0,0,1,False,False,False,False,False,False,True,False,Normal
2023-04-03,118.0,139.0,168.0,8054.0,284.0,False,True,False,False,True,False,139.0,8054.0,118.0,168.0,284.0,False,8193.0,-116.0,-0.0024351637647631597,1.6904761904761905,8312.57142857143,8088.428571428572,-117.0,8285.07142857143,8047.0,-104.0,104.14742826006223,57.692672363519904,4855.0,6672.0,13002.0,-6330.0,0,2,False,False,False,False,False,False,True,False,Normal
2023-04-04,142.0,235.0,139.0,8068.0,259.0,False,False,False,False,True,False,235.0,8068.0,142.0,139.0,259.0,False,8303.0,-120.0,0.013426095447333086,1.8633093525179856,8314.714285714286,8086.857142857143,-127.8,8283.714285714286,8048.285714285715,-113.2,103.75224080724935,51.19635403685183,4997.0,6811.0,13261.0,-6450.0,0,3,False,True,True,False,False,False,True,False,Relief
2023-04-05,148.0,245.0,175.0,8175.0,260.0,False,False,False,False,True,False,245.0,8175.0,148.0,175.0,260.0,False,8420.0,-85.0,0.014091292303986425,1.4857142857142858,8310.0,8082.142857142857,-123.2,8287.0,8053.857142857143,-120.0,107.49239686886418,40.370506285873915,5145.0,6986.0,13521.0,-6535.0,0,4,False,True,True,False,False,False,False,False,Relief
2023-04-06,119.0,219.0,210.0,8178.0,284.0,False,False,False,False,True,False,219.0,8178.0,119.0,210.0,284.0,False,8397.0,-74.0,-0.002731591448931092,1.3523809523809525,8307.57142857143,8085.0,-101.4,8288.357142857143,8059.285714285715,-112.1,108.84117372988553,40.92119798398444,5264.0,7196.0,13805.0,-6609.0,0,5,False,True,True,False,False,False,False,False,Relief
2023-04-07,,216.0,,8085.333333333333,,False,False,False,False,False,True,,,,,,True,8301.333333333332,,-0.011392957802389914,,8301.047619047618,8083.047619047619,-101.4,8289.666666666666,8064.166666666666,-112.1,108.88204234536188,40.92119798398444,5264.0,7196.0,13805.0,-6609.0,0,0,False,False,True,False,False,False,False,False,Missing Report
2023-04-08,,213.0,,7992.666666666667,,False,False,False,False,False,True,,,,,,True,8205.666666666668,,-0.011524253132026652,,8290.42857142857,8076.285714285715,-101.4,8290.92857142857,8068.5,-112.1,107.70918256938931,40.92119798398444,5264.0,7196.0,13805.0,-6609.0,0,0,False,False,False,False,False,False,False,False,Missing Report
2023-04-09,105.0,210.0,149.0,7900.0,329.0,False,False,False,False,True,False,210.0,7900.0,105.0,149.0,329.0,False,8110.0,-180.0,-0.011658609903725248,2.208053691275168,8275.714285714286,8064.714285714285,-115.0,8292.142857142857,8072.285714285715,-112.2,105.3767124475307,41.10366298897361,5369.0,7345.0,14134.0,-6789.0,0,1,False,False,False,False,False,False,True,False,Normal
2023-04-10,143.0,203.0,163.0,7826.0,265.0,False,False,False,False,True,False,203.0,7826.0,143.0,163.0,265.0,False,8029.0,-102.0,-0.00998766954377317,1.6257668711656441,8252.285714285714,8032.142857142857,-112.2,8282.42857142857,8060.285714285715,-114.6,122.82350818801797,39.55642945351765,5512.0,7508.0,14399.0,-6891.0,0,2,False,False,False,False,False,False,True,False,Normal
2023-04-11,119.0,209.0,152.0,7922.0,187.0,False,False,False,False,True,False,209.0,7922.0,119.0,152.0,187.0,False,8131.0,-35.0,0.012703948187819059,1.230263157894737,8227.714285714286,8011.285714285715,-95.2,8271.214285714286,8049.071428571428,-111.5,129.2736848402776,44.672263330965436,5631.0,7660.0,14586.0,-6926.0,0,3,False,True,False,False,False,False,False,False,Relief
2023-04-12,155.0,212.0,181.0,7876.0,283.0,False,False,False,False,True,False,212.0,7876.0,155.0,181.0,283.0,False,8088.0,-102.0,-0.005288402410527637,1.5635359116022098,8180.285714285715,7968.571428571428,-98.6,8245.142857142857,8025.357142857143,-110.9,126.56930902785057,44.76469342883726,5786.0,7841.0,14869.0,-7028.0,0,4,False,True,False,False,False,False,True,False,Relief
2023-04-13,109.0,214.0,173.0,7795.0,370.0,False,False,False,False,True,False,214.0,7795.0,109.0,173.0,370.0,False,8009.0,-197.0,-0.0097675568743818,2.138728323699422,8124.857142857143,7913.857142857143,-123.2,8216.214285714286,7999.428571428572,-112.3,131.20503997659435,47.41085201606165,5895.0,8014.0,15239.0,-7225.0,0,5,False,True,False,False,False,False,True,False,Relief
2023-04-14,,237.0,,7656.666666666667,,False,False,False,False,False,True,,,,,,True,7893.666666666667,,-0.01440046614225654,,8066.619047619048,7852.619047619047,-123.2,8183.833333333334,7967.833333333334,-112.3,150.9061376921403,47.41085201606165,5895.0,8014.0,15239.0,-7225.0,0,0,False,False,False,False,False,False,False,False,Missing Report
2023-04-15,,260.0,,7518.333333333333,,False,False,False,False,False,True,,,,,,True,7778.333333333333,,-0.01461086947341761,,8005.571428571428,7784.857142857143,-123.2,8148.0,7930.571428571428,-112.3,182.55672341755496,47.41085201606165,5895.0,8014.0,15239.0,-7225.0,0,0,False,False,False,False,False,False,False,False,Missing Report
2023-04-16,191.0,283.0,192.0,7380.0,272.0,False,False,False,False,True,False,283.0,7380.0,191.0,192.0,272.0,False,7663.0,-80.0,-0.014827512320548464,1.4166666666666667,7941.714285714285,7710.571428571428,-103.2,8108.714285714285,7887.642857142857,-109.1,222.33780632653568,48.50074455327702,6086.0,8206.0,15511.0,-7305.0,0,1,False,False,False,False,True,False,False,False,Watch
2023-04-17,170.0,297.0,196.0,7344.0,248.0,False,False,False,False,True,False,297.0,7344.0,170.0,196.0,248.0,False,7641.0,-52.0,-0.002870938274827095,1.2653061224489797,7886.285714285715,7641.714285714285,-93.2,8069.285714285715,7836.928571428572,-102.7,253.06297507313255,51.61190646438958,6256.0,8402.0,15759.0,-7357.0,0,2,False,False,False,False,True,False,False,False,Watch
2023-04-18,152.0,272.0,214.0,7376.0,234.0,False,False,False,False,True,False,272.0,7376.0,152.0,214.0,234.0,False,7648.0,-20.0,0.000916110456746555,1.0934579439252337,7817.285714285715,7563.714285714285,-90.2,8022.5,7787.5,-92.7,266.7101486985421,57.2655607188514,6408.0,8616.0,15993.0,-7377.0,0,3,False,True,False,False,True,False,False,False,Relief
2023-04-19,239.0,367.0,224.0,7356.0,229.0,False,False,False,False,True,False,367.0,7356.0,239.0,224.0,229.0,False,7723.0,-5.0,0.009806485355648542,1.0223214285714286,7765.142857142857,7489.428571428572,-70.8,7972.714285714285,7729.0,-84.7,251.41741289479123,63.68856516937202,6647.0,8840.0,16222.0,-7382.0,0,4,False,True,False,False,True,False,False,False,Relief
2023-04-20,113.0,280.0,237.0,7490.0,320.0,False,False,False,False,True,False,280.0,7490.0,113.0,237.0,320.0,False,7770.0,-83.0,0.0060857179852389365,1.350210970464135,7731.0,7445.857142857143,-48.0,7927.928571428572,7679.857142857143,-85.6,224.41948582197463,63.58406508971683,6760.0,9077.0,16542.0,-7465.0,0,5,False,True,False,False,True,False,False,False,Relief
2023-04-21,,288.6666666666667,,7504.666666666667,,False,False,False,False,False,True,,,,,,True,7793.333333333334,,0.0030030030030030463,,7716.666666666667,7424.142857142857,-48.0,7891.642857142857,7638.380952380953,-85.6,199.03323882890413,63.58406508971683,6760.0,9077.0,16542.0,-7465.0,0,0,False,False,False,False,False,False,False,False,Missing Report
2023-04-22,,297.3333333333333,,7519.333333333333,,False,False,False,False,False,True,,,,,,True,7816.666666666666,,0.0029940119760476502,,7722.142857142857,7424.285714285715,-48.0,7863.857142857143,7604.571428571428,-85.6,177.84756337872284,63.58406508971683,6760.0,9077.0,16542.0,-7465.0,0,0,False,False,False,False,False,False,False,False,Missing Report
2023-04-23,196.0,306.0,187.0,7534.0,266.0,False,False,False,False,True,False,306.0,7534.0,196.0,187.0,266.0,False,7840.0,-79.0,0.0029850746268658135,1.4224598930481283,7747.428571428572,7446.285714285715,-47.8,7844.571428571428,7578.428571428572,-75.5,163.13339036658266,54.261199560807654,6956.0,9264.0,16808.0,-7544.0,0,1,False,False,False,False,False,False,False,False,Normal
2023-04-24,236.0,330.0,222.0,7796.0,213.0,False,False,False,False,True,False,330.0,7796.0,236.0,222.0,213.0,False,8126.0,9.0,0.03647959183673466,0.9594594594594594,7816.714285714285,7510.857142857143,-35.6,7851.5,7576.285714285715,-64.4,173.31132749854842,59.35243138331511,7192.0,9486.0,17021.0,-7535.0,1,0,False,False,False,False,False,True,False,False,Normal
2023-04-25,81.0,230.0,242.0,8017.0,202.0,False,True,False,False,True,False,230.0,8017.0,81.0,242.0,202.0,False,8247.0,40.0,0.014890475018459304,0.8347107438016529,7902.285714285715,7602.428571428572,-23.6,7859.785714285715,7583.071428571428,-56.9,189.69965497188454,67.64030685257963,7273.0,9728.0,17223.0,-7495.0,2,0,False,False,False,False,False,True,False,False,Normal
2023-04-26,118.0,245.0,160.0,8117.0,256.0,False,False,False,False,True,False,245.0,8117.0,118.0,160.0,256.0,False,8362.0,-96.0,0.013944464653813604,1.6,7993.571428571428,7711.142857142857,-41.8,7879.357142857143,7600.285714285715,-56.3,225.76235384831895,67.22111110192836,7391.0,9888.0,17479.0,-7591.0,0,1,False,False,True,False,True,False,True,False,Watch
2023-04-27,218.0,283.0,208.0,8159.0,310.0,False,False,False,False,True,False,283.0,8159.0,218.0,208.0,310.0,False,8442.0,-102.0,0.009567089213107005,1.4903846153846154,8089.571428571428,7806.714285714285,-45.6,7910.285714285715,7626.285714285715,-46.8,270.1794230412711,49.50600412520147,7609.0,10096.0,17789.0,-7693.0,0,2,False,False,True,False,True,False,True,False,Watch
2023-04-28,,269.6666666666667,,8223.333333333334,,False,False,False,False,False,True,,,,,,True,8493.0,,0.006041222459132856,,8189.523809523809,7909.380952380953,-45.6,7953.095238095238,7666.761904761904,-46.8,311.6436006429906,49.50600412520147,7609.0,10096.0,17789.0,-7693.0,0,0,False,False,True,False,True,False,False,False,Missing Report
2023-04-29,,256.3333333333333,,8287.666666666666,,False,False,False,False,False,True,,,,,,True,8544.0,,0.006004945249028504,,8293.42857142857,8019.142857142857,-45.6,8007.785714285715,7721.714285714285,-46.8,344.10805317348616,49.50600412520147,7609.0,10096.0,17789.0,-7693.0,0,0,False,False,True,False,True,False,False,False,Missing Report
2023-04-30,132.0,243.0,183.0,8352.0,293.0,False,False,False,False,True,False,243.0,8352.0,132.0,183.0,293.0,False,8595.0,-110.0,0.00596910112359561,1.6010928961748634,8401.285714285714,8136.0,-51.8,8074.357142857143,7791.142857142857,-49.8,361.9640267408516,52.556424705051974,7741.0,10279.0,18082.0,-7803.0,0,1,False,False,True,False,True,False,True,False,Watch
2023-05-01,224.0,315.0,152.0,8492.0,237.0,False,False,False,False,True,False,315.0,8492.0,224.0,152.0,237.0,False,8807.0,-85.0,0.024665503199534644,1.5592105263157894,8498.57142857143,8235.42857142857,-70.6,8157.642857142857,7873.142857142857,-53.1,387.80342329070703,53.73277501777784,7965.0,10431.0,18319.0,-7888.0,0,2,False,False,True,False,True,False,False,False,Watch
2023-05-02,167.0,326.0,213.0,8654.0,245.0,False,False,False,False,True,False,326.0,8654.0,167.0,213.0,245.0,False,8980.0,-32.0,0.01964346542522999,1.1502347417840375,8603.285714285714,8326.42857142857,-85.0,8252.785714285714,7964.428571428572,-54.3,415.55288281119596,53.04096949005046,8132.0,10644.0,18564.0,-7920.0,0,3,False,True,True,False,True,False,False,False,Relief
2023-05-03,209.0,353.0,232.0,8704.0,267.0,False,False,False,False,True,False,353.0,8704.0,209.0,232.0,267.0,False,9057.0,-35.0,0.008574610244988845,1.1508620689655173,8702.57142857143,8410.285714285714,-72.8,8348.07142857143,8060.714285714285,-57.3,437.1121270332243,50.74128277623454,8341.0,10876.0,18831.0,-7955.0,0,4,False,True,True,False,True,False,False,False,Relief
2023-05-04,153.0,253.0,286.0,8790.0,332.0,False,True,False,False,True,False,253.0,8790.0,153.0,286.0,332.0,False,9043.0,-46.0,-0.0015457657060836683,1.1608391608391608,8788.42857142857,8500.42857142857,-61.6,8439.0,8153.571428571428,-53.6,440.0068375537088,50.00266659555954,8494.0,11162.0,19163.0,-8001.0,0,5,False,True,True,False,True,False,False,False,Relief
2023-05-05,,281.0,,8688.333333333334,,False,False,False,False,False,True,,,,,,True,8969.333333333334,,-0.008146264145379445,,8856.47619047619,8566.857142857143,-61.6,8523.0,8238.119047619048,-53.6,419.0155332371542,50.00266659555954,8494.0,11162.0,19163.0,-8001.0,0,0,False,False,True,False,True,False,False,False,Missing Report
2023-05-06,,309.0,,8586.666666666666,,False,False,False,False,False,True,,,,,,True,8895.666666666666,,-0.008213170804221903,,8906.714285714286,8609.57142857143,-61.6,8600.07142857143,8314.357142857143,-53.6,376.1419348985901,50.00266659555954,8494.0,11162.0,19163.0,-8001.0,0,0,False,False,True,False,True,False,False,False,Missing Report
2023-05-07,180.0,337.0,219.0,8485.0,375.0,False,False,False,False,True,False,337.0,8485.0,180.0,219.0,375.0,False,8822.0,-156.0,-0.00828118559598301,1.7123287671232876,8939.142857142857,8628.57142857143,-70.8,8670.214285714286,8382.285714285714,-61.3,309.0854059257546,59.39519247286692,8674.0,11381.0,19538.0,-8157.0,0,1,False,False,True,False,True,False,True,False,Watch
2023-05-08,133.0,287.0,189.0,8590.0,261.0,False,False,False,False,True,False,287.0,8590.0,133.0,189.0,261.0,False,8877.0,-72.0,0.006234413965087171,1.380952380952381,8949.142857142857,8642.57142857143,-68.2,8723.857142857143,8439.0,-69.4,270.0775676576884,54.02304035213962,8807.0,11570.0,19799.0,-8229.0,0,2,False,False,True,False,True,False,False,False,Watch
2023-05-09,187.0,310.0,247.0,8606.0,250.0,False,False,False,False,True,False,310.0,8606.0,187.0,247.0,250.0,False,8916.0,-3.0,0.004393376140588101,1.0121457489878543,8940.0,8635.714285714286,-62.4,8771.642857142857,8481.07142857143,-73.7,236.28569786051824,45.365307351666054,8994.0,11817.0,20049.0,-8232.0,0,3,False,True,True,False,True,False,False,False,Relief
2023-05-10,168.0,285.0,210.0,8681.0,304.0,False,False,False,False,True,False,285.0,8681.0,168.0,210.0,304.0,False,8966.0,-94.0,0.0056078959174517,1.4476190476190476,8927.0,8632.42857142857,-74.2,8814.785714285714,8521.357142857143,-73.5,209.34168720645076,45.260357930533594,9162.0,12027.0,20353.0,-8326.0,0,4,False,True,True,False,False,False,False,False,Relief
2023-05-11,269.0,412.0,204.0,8672.0,392.0,False,False,False,False,True,False,412.0,8672.0,269.0,204.0,392.0,False,9084.0,-188.0,0.013160829801472262,1.9215686274509804,8932.857142857143,8615.57142857143,-102.6,8860.642857142857,8558.0,-82.1,190.90434640146714,57.73011923308907,9431.0,12231.0,20745.0,-8514.0,0,5,False,True,True,False,False,False,True,False,Relief
2023-05-12,,359.6666666666667,,8596.333333333334,,False,False,False,False,False,True,,,,,,True,8956.0,,-0.014090708938793495,,8930.95238095238,8602.42857142857,-102.6,8893.714285714286,8584.642857142857,-82.1,159.90327509797774,57.73011923308907,9431.0,12231.0,20745.0,-8514.0,0,0,False,False,True,False,False,False,False,False,Missing Report
2023-05-13,,307.3333333333333,,8520.666666666666,,False,False,False,False,False,True,,,,,,True,8828.0,,-0.014292094685127266,,8921.285714285714,8593.0,-102.6,8914.0,8601.285714285714,-82.1,126.6900788080044,57.73011923308907,9431.0,12231.0,20745.0,-8514.0,0,0,False,False,True,False,False,False,False,False,Missing Report
2023-05-14,100.0,255.0,236.0,8445.0,288.0,False,False,False,False,True,False,255.0,8445.0,100.0,236.0,288.0,False,8700.0,-52.0,-0.014499320344358857,1.2203389830508475,8903.857142857143,8587.285714285714,-81.8,8921.5,8607.92857142857,-76.3,108.09624945067014,57.52883335047463,9531.0,12467.0,21033.0,-8566.0,0,1,False,False,True,False,False,False,False,False,Watch
2023-05-15,205.0,294.0,177.0,8571.0,277.0,False,False,False,False,True,False,294.0,8571.0,205.0,177.0,277.0,False,8865.0,-100.0,0.018965517241379404,1.5649717514124293,8902.142857142857,8584.57142857143,-87.4,8925.642857142857,8613.57142857143,-77.8,104.41931120197519,57.97470712877023,9736.0,12644.0,21310.0,-8666.0,0,2,False,False,True,False,False,False,True,False,Watch
2023-05-16,161.0,304.0,211.0,8572.0,272.0,False,False,False,False,True,False,304.0,8572.0,161.0,211.0,272.0,False,8876.0,-61.0,0.0012408347433727762,1.2890995260663507,8896.42857142857,8579.714285714286,-99.0,8918.214285714286,8607.714285714286,-80.7,103.95311296325865,56.124959787167114,9897.0,12855.0,21582.0,-8727.0,0,3,False,True,True,False,False,False,False,False,Relief
2023-05-17,57.0,162.0,193.0,8569.0,307.0,False,True,False,False,True,False,162.0,8569.0,57.0,193.0,307.0,False,8731.0,-114.0,-0.016336187471834185,1.5906735751295338,8862.857142857143,8563.714285714286,-103.0,8894.92857142857,8598.07142857143,-88.6,106.94276595103209,54.51442214884273,9954.0,13048.0,21889.0,-8841.0,0,4,False,True,True,False,False,False,True,False,Relief
2023-05-18,80.0,122.0,152.0,8474.0,351.0,False,True,False,False,True,False,122.0,8474.0,80.0,152.0,351.0,False,8596.0,-199.0,-0.015462146374985664,2.3092105263157894,8793.142857142857,8535.42857142857,-105.2,8863.0,8575.5,-103.9,124.60364511550223,62.163672850164126,10034.0,13200.0,22240.0,-9040.0,0,5,False,True,True,False,False,False,True,False,Relief
2023-05-19,,138.0,,8258.0,,False,False,False,False,False,True,,,,,,True,8396.0,,-0.023266635644485834,,8713.142857142857,8487.095238095239,-105.2,8822.04761904762,8544.761904761905,-103.9,172.1228867881586,62.163672850164126,10034.0,13200.0,22240.0,-9040.0,0,0,False,False,True,False,False,False,False,False,Missing Report
2023-05-20,,154.0,,8042.0,,False,False,False,False,False,True,,,,,,True,8196.0,,-0.02382086707956166,,8622.857142857143,8418.714285714286,-105.2,8772.07142857143,8505.857142857143,-103.9,238.0515342673375,62.163672850164126,10034.0,13200.0,22240.0,-9040.0,0,0,False,False,False,False,True,False,False,False,Missing Report
2023-05-21,107.0,170.0,133.0,7826.0,343.0,False,False,False,False,True,False,170.0,7826.0,107.0,133.0,343.0,False,7996.0,-210.0,-0.024402147388970175,2.5789473684210527,8522.285714285714,8330.285714285714,-136.8,8713.07142857143,8458.785714285714,-109.3,314.7344336679152,69.14565946046238,10141.0,13333.0,22583.0,-9250.0,0,1,False,False,False,False,True,False,True,False,Watch
2023-05-22,99.0,156.0,139.0,7848.0,240.0,False,False,False,False,True,False,156.0,7848.0,99.0,139.0,240.0,False,8004.0,-101.0,0.0010005002501249916,1.7266187050359711,8399.285714285714,8227.0,-137.0,8650.714285714286,8405.785714285714,-112.2,362.5998915039551,68.00620886687076,10240.0,13472.0,22823.0,-9351.0,0,2,False,False,False,False,True,False,True,False,Watch
2023-05-23,25.0,66.0,94.0,7788.0,246.0,False,True,False,False,True,False,66.0,7788.0,25.0,94.0,246.0,False,7854.0,-152.0,-0.01874062968515744,2.617021276595745,8253.285714285714,8115.0,-155.2,8574.857142857143,8347.357142857143,-127.1,410.72541026500926,56.82614812840226,10265.0,13566.0,23069.0,-9503.0,0,3,False,True,False,False,True,False,True,False,Relief
2023-05-24,35.0,70.0,53.0,7709.0,276.0,False,False,False,False,True,False,70.0,7709.0,35.0,53.0,276.0,False,7779.0,-223.0,-0.009549274255156615,5.2075471698113205,8117.285714285715,7992.142857142857,-177.0,8490.07142857143,8277.92857142857,-140.0,444.8677356223965,62.80481227138926,10300.0,13619.0,23345.0,-9726.0,0,4,False,True,False,False,True,False,True,False,Relief
2023-05-25,43.0,73.0,64.0,7546.0,408.0,False,False,False,False,True,False,73.0,7546.0,43.0,64.0,408.0,False,7619.0,-344.0,-0.02056819642627583,6.375,7977.714285714285,7859.571428571428,-206.0,8385.42857142857,8197.5,-155.6,466.2045959390792,89.67744668780688,10343.0,13683.0,23753.0,-10070.0,0,5,False,True,False,False,True,False,True,False,Relief
2023-05-26,,69.75,,7408.5,,False,False,False,False,False,True,,,,,,True,7478.25,,-0.018473552959705986,,7846.607142857143,7738.214285714285,-206.0,8279.875,8112.654761904762,-155.6,493.5699501317624,89.67744668780688,10343.0,13683.0,23753.0,-10070.0,0,0,False,False,False,False,True,False,False,False,Missing Report
2023-05-27,,66.5,,7271.0,,False,False,False,False,False,True,,,,,,True,7337.5,,-0.018821248286698067,,7723.964285714285,7628.071428571428,-206.0,8173.410714285715,8023.392857142857,-155.6,525.9344395303069,89.67744668780688,10343.0,13683.0,23753.0,-10070.0,0,0,False,False,False,False,True,False,False,False,Missing Report
2023-05-28,,63.25,,7133.5,,False,False,False,False,False,True,,,,,,True,7196.75,,-0.019182282793867134,,7609.785714285715,7529.142857142857,-205.0,8066.035714285715,7929.714285714285,-167.11111111111111,562.3474054315491,86.92877033014506,10343.0,13683.0,23753.0,-10070.0,0,0,False,False,False,False,True,False,False,False,Missing Report
2023-05-29,41.0,60.0,71.0,6996.0,207.0,False,True,False,False,True,False,60.0,6996.0,41.0,71.0,207.0,False,7056.0,-136.0,-0.019557439121825837,2.915492957746479,7474.357142857143,7407.428571428572,-213.75,7936.821428571428,7817.214285714285,-171.11111111111111,572.3856572795388,84.24138597572518,10384.0,13754.0,23960.0,-10206.0,0,1,False,False,False,False,True,False,True,False,Watch
2023-05-30,65.0,83.0,65.0,7046.0,168.0,False,False,False,False,True,False,83.0,7046.0,65.0,65.0,168.0,False,7129.0,-103.0,0.010345804988662222,2.5846153846153848,7370.785714285715,7301.428571428572,-201.5,7812.035714285715,7708.214285714285,-175.77777777777777,541.4828541317524,78.33546096401322,10449.0,13819.0,24128.0,-10309.0,0,2,False,False,False,False,True,False,True,False,Watch
2023-05-31,38.0,80.0,82.0,7053.0,210.0,False,True,False,False,True,False,80.0,7053.0,38.0,82.0,210.0,False,7133.0,-128.0,0.0005610885117126596,2.5609756097560976,7278.5,7207.714285714285,-177.75,7697.892857142857,7599.928571428572,-177.33333333333334,499.6800294869885,77.08436936240702,10487.0,13901.0,24338.0,-10437.0,0,3,False,True,False,False,True,False,True,False,Relief
2023-06-01,56.0,82.0,68.0,7002.0,287.0,False,False,False,False,True,False,82.0,7002.0,56.0,68.0,287.0,False,7084.0,-219.0,-0.006869479882237517,4.220588235294118,7202.071428571428,7130.0,-146.5,7589.892857142857,7494.785714285715,-179.55555555555554,451.73287837678765,78.0690577487507,10543.0,13969.0,24625.0,-10656.0,0,4,False,True,False,False,True,False,True,False,Relief
2023-06-02,,89.0,,6853.0,,False,False,False,False,False,True,,,,,,True,6942.0,,-0.020045172219085305,,7125.464285714285,7050.642857142857,-146.5,7486.035714285715,7394.428571428572,-179.55555555555554,418.03219025320857,78.0690577487507,10543.0,13969.0,24625.0,-10656.0,0,0,False,False,False,False,True,False,False,False,Missing Report
2023-06-03,,96.0,,6704.0,,False,False,False,False,False,True,,,,,,True,6800.0,,-0.020455200230481085,,7048.678571428572,6969.642857142857,-146.5,7386.321428571428,7298.857142857143,-179.55555555555554,401.83774266307125,78.0690577487507,10543.0,13969.0,24625.0,-10656.0,0,0,False,False,False,False,True,False,False,False,Missing Report
2023-06-04,74.0,103.0,80.0,6555.0,292.0,False,False,False,False,True,False,103.0,6555.0,74.0,80.0,292.0,False,6658.0,-212.0,-0.020882352941176463,3.65,6971.714285714285,6887.0,-159.6,7290.75,7208.071428571428,-179.77777777777777,404.78161253462804,78.16933186643236,10617.0,14049.0,24917.0,-10868.0,0,1,False,False,False,False,True,False,True,False,Watch
2023-06-05,68.0,107.0,102.0,6523.0,189.0,False,False,False,False,True,False,107.0,6523.0,68.0,102.0,189.0,False,6630.0,-87.0,-0.004205467107239458,1.8529411764705883,6910.857142857143,6819.428571428572,-149.8,7192.607142857143,7113.428571428572,-178.22222222222223,384.6119637210226,80.04963737859428,10685.0,14151.0,25106.0,-10955.0,0,2,False,False,False,False,True,False,False,False,Watch
2023-06-06,92.0,124.0,93.0,6508.0,187.0,False,False,False,False,True,False,124.0,6508.0,92.0,93.0,187.0,False,6632.0,-94.0,0.0003016591251885359,2.010752688172043,6839.857142857143,6742.571428571428,-148.0,7105.321428571428,7022.0,-171.77777777777777,360.8983906193345,84.62827213434313,10777.0,14244.0,25293.0,-11049.0,0,3,False,True,False,False,True,False,False,False,Relief
2023-06-07,113.0,162.0,107.0,6483.0,208.0,False,False,False,False,True,False,162.0,6483.0,113.0,107.0,208.0,False,6645.0,-101.0,0.0019601930036188264,1.9439252336448598,6770.142857142857,6661.142857142857,-142.6,7024.321428571428,6934.428571428572,-158.22222222222223,323.3738523004366,85.16715590205207,10890.0,14351.0,25501.0,-11150.0,0,4,False,True,False,False,True,False,True,False,Relief
2023-06-08,106.0,196.0,131.0,6446.0,255.0,False,False,False,False,True,False,196.0,6446.0,106.0,131.0,255.0,False,6642.0,-124.0,-0.0004514672686229959,1.9465648854961832,6707.0,6581.714285714285,-123.6,6954.535714285715,6855.857142857143,-133.77777777777777,288.73262280612283,49.126820011521694,10996.0,14482.0,25756.0,-11274.0,0,5,False,True,False,False,True,False,True,False,Relief
2023-06-09,,181.33333333333334,,6299.666666666667,,False,False,False,False,False,True,,,,,,True,6481.0,,-0.024239686841312835,,6641.142857142857,6502.666666666666,-123.6,6883.303571428572,6776.654761904762,-133.77777777777777,272.1266704935965,49.126820011521694,10996.0,14482.0,25756.0,-11274.0,0,0,False,False,False,False,True,False,False,False,Missing Report
2023-06-10,,166.66666666666666,,6153.333333333333,,False,False,False,False,False,True,,,,,,True,6320.0,,-0.02484184539422929,,6572.571428571428,6424.0,-123.6,6810.625,6696.821428571428,-133.77777777777777,277.3159949546108,49.126820011521694,10996.0,14482.0,25756.0,-11274.0,0,0,False,False,False,False,True,False,False,False,Missing Report
2023-06-11,86.0,152.0,168.0,6007.0,238.0,False,True,False,False,True,False,152.0,6007.0,86.0,168.0,238.0,False,6159.0,-70.0,-0.025474683544303822,1.4166666666666667,6501.285714285715,6345.714285714285,-95.2,6736.5,6616.357142857143,-127.4,303.6133041576255,50.51776365244655,11082.0,14650.0,25994.0,-11344.0,0,1,False,False,False,False,True,False,False,False,Watch
2023-06-12,84.0,118.0,136.0,6021.0,177.0,False,True,False,False,True,False,118.0,6021.0,84.0,136.0,177.0,False,6139.0,-41.0,-0.0032472804026627555,1.3014705882352942,6431.142857142857,6274.0,-86.0,6671.0,6546.714285714285,-117.9,327.36899904913565,57.21004185358455,11166.0,14786.0,26171.0,-11385.0,0,2,False,False,False,False,True,False,False,False,Watch
2023-06-13,59.0,64.0,117.0,6061.0,146.0,False,True,False,False,True,False,64.0,6061.0,59.0,117.0,146.0,False,6125.0,-29.0,-0.0022805017103763037,1.2478632478632479,6358.714285714285,6210.142857142857,-73.0,6599.285714285715,6476.357142857143,-110.5,329.2844056134306,63.76214481266388,11225.0,14903.0,26317.0,-11414.0,0,3,False,True,False,False,True,False,False,False,Relief
2023-06-14,62.0,97.0,52.0,6065.0,167.0,False,False,False,False,True,False,97.0,6065.0,62.0,52.0,167.0,False,6162.0,-115.0,0.00604081632653064,3.2115384615384617,6289.714285714285,6150.428571428572,-75.8,6529.928571428572,6405.785714285715,-109.2,309.91176518127196,63.49768149748118,11287.0,14955.0,26484.0,-11529.0,0,4,False,True,False,False,True,False,True,False,Relief
2023-06-15,91.0,75.0,97.0,6038.0,272.0,False,True,False,False,True,False,75.0,6038.0,91.0,97.0,272.0,False,6113.0,-175.0,-0.007951963648166194,2.804123711340206,6214.142857142857,6092.142857142857,-86.0,6460.571428571428,6336.928571428572,-104.8,283.93897347724135,56.142279572133205,11378.0,15052.0,26756.0,-11704.0,0,5,False,True,False,False,True,False,True,False,Relief
2023-06-16,,69.0,,5948.25,,False,False,False,False,False,True,,,,,,True,6017.25,,-0.01566334042205142,,6147.892857142857,6041.940476190476,-86.0,6394.517857142857,6272.303571428572,-104.8,270.5769914652903,56.142279572133205,11378.0,15052.0,26756.0,-11704.0,0,0,False,False,False,False,True,False,False,False,Missing Report
2023-06-17,,63.0,,5858.5,,False,False,False,False,False,True,,,,,,True,5921.5,,-0.015912584652457484,,6090.964285714285,5999.821428571428,-86.0,6331.767857142857,6211.910714285715,-104.8,271.17395184007074,56.142279572133205,11378.0,15052.0,26756.0,-11704.0,0,0,False,False,False,False,True,False,False,False,Missing Report
2023-06-18,,57.0,,5768.75,,False,False,False,False,False,True,,,,,,True,5825.75,,-0.016169889386135283,,6043.357142857143,5965.785714285715,-90.0,6272.321428571428,6155.75,-92.88888888888889,285.02515794102743,44.15723169664426,11378.0,15052.0,26756.0,-11704.0,0,0,False,False,False,False,True,False,False,False,Missing Report
2023-06-19,29.0,51.0,11.0,5679.0,142.0,False,False,False,False,True,False,51.0,5679.0,29.0,11.0,142.0,False,5730.0,-131.0,-0.016435652061966288,12.909090909090908,5984.928571428572,5916.928571428572,-112.5,6208.035714285715,6095.464285714285,-97.77777777777777,299.2854126778058,45.82787846327229,11407.0,15063.0,26898.0,-11835.0,0,1,False,False,False,False,True,False,True,False,Watch
2023-06-20,33.0,53.0,34.0,5904.0,134.0,False,False,False,False,True,False,53.0,5904.0,33.0,34.0,134.0,False,5957.0,-100.0,0.03961605584642225,3.9411764705882355,5960.928571428572,5894.5,-130.25,6159.821428571428,6052.321428571428,-98.44444444444444,279.4447005389554,45.809690871886374,11440.0,15097.0,27032.0,-11935.0,0,2,False,False,False,False,True,False,True,False,Watch
2023-06-21,93.0,196.0,169.0,5922.0,149.0,False,False,False,False,True,False,196.0,5922.0,93.0,169.0,149.0,False,6118.0,20.0,0.027027027027026973,0.8816568047337278,5954.642857142857,5874.071428571428,-96.5,6122.178571428572,6012.25,-85.0,242.05441673166396,60.39867548216613,11533.0,15266.0,27181.0,-11915.0,1,0,False,False,False,False,True,True,False,False,Watch
2023-06-22,124.0,234.0,161.0,5956.0,207.0,False,False,False,False,True,False,234.0,5956.0,124.0,161.0,207.0,False,6190.0,-46.0,0.011768551814318462,1.2857142857142858,5965.642857142857,5862.357142857143,-64.25,6089.892857142857,5977.25,-76.33333333333333,192.44713845330648,59.695058421949945,11657.0,15427.0,27388.0,-11961.0,0,1,False,False,False,False,False,False,False,False,Normal
2023-06-23,,223.66666666666666,,5892.666666666667,,False,False,False,False,False,True,,,,,,True,6116.333333333334,,-0.01190091545503491,,5979.797619047619,5854.416666666666,-64.25,6063.845238095238,5948.178571428572,-76.33333333333333,156.81991569456574,59.695058421949945,11657.0,15427.0,27388.0,-11961.0,0,0,False,False,False,False,False,False,False,False,Missing Report
2023-06-24,,213.33333333333334,,5829.333333333333,,False,False,False,False,False,True,,,,,,True,6042.666666666666,,-0.012044253092811763,,5997.107142857143,5850.25,-64.25,6044.035714285715,5925.035714285715,-76.33333333333333,138.40902205789158,59.695058421949945,11657.0,15427.0,27388.0,-11961.0,0,0,False,False,False,False,False,False,False,False,Missing Report
2023-06-25,92.0,203.0,173.0,5766.0,263.0,False,False,False,False,True,False,203.0,5766.0,92.0,173.0,263.0,False,5969.0,-90.0,-0.012191085613415642,1.5202312138728324,6017.571428571428,5849.857142857143,-69.4,6030.464285714285,5907.821428571428,-78.55555555555556,135.55491252661665,59.801988075462795,11749.0,15600.0,27651.0,-12051.0,0,1,False,False,False,False,False,False,False,False,Normal
2023-06-26,186.0,259.0,172.0,5819.0,174.0,False,False,False,False,True,False,259.0,5819.0,186.0,172.0,174.0,False,6078.0,-2.0,0.018261015245434775,1.0116279069767442,6067.285714285715,5869.857142857143,-43.6,6026.107142857143,5893.392857142857,-74.22222222222223,132.7492150271271,64.12054619577458,11935.0,15772.0,27825.0,-12053.0,0,2,False,False,False,False,False,False,False,False,Normal
2023-06-27,154.0,225.0,220.0,5917.0,155.0,False,False,False,False,True,False,225.0,5917.0,154.0,220.0,155.0,False,6142.0,65.0,0.010529779532741035,0.7045454545454546,6093.714285714285,5871.714285714285,-10.6,6027.321428571428,5883.107142857143,-63.77777777777778,133.7970096997842,78.45982694630715,12089.0,15992.0,27980.0,-11988.0,1,0,False,False,False,False,False,True,False,False,Normal
2023-06-28,91.0,199.0,172.0,5999.0,174.0,False,False,False,False,True,False,199.0,5999.0,91.0,172.0,174.0,False,6198.0,-2.0,0.009117551286226044,1.0116279069767442,6105.142857142857,5882.714285714285,-15.0,6029.892857142857,5878.392857142857,-51.22222222222222,136.8945700935128,78.27959149385278,12180.0,16164.0,28154.0,-11990.0,0,1,False,False,False,False,False,False,False,False,Normal
2023-06-29,81.0,213.0,153.0,6058.0,213.0,False,False,False,False,True,False,213.0,6058.0,81.0,153.0,213.0,False,6271.0,-60.0,0.01177799290093584,1.392156862745098,6116.714285714285,5897.285714285715,-17.8,6041.178571428572,5879.821428571428,-38.44444444444444,150.14462706128893,63.549412096240545,12261.0,16317.0,28367.0,-12050.0,0,2,False,False,False,False,False,False,False,False,Normal
2023-06-30,,237.0,,6006.333333333333,,False,False,False,False,False,True,,,,,,True,6243.333333333333,,-0.004411842874608052,,6134.857142857143,5913.52380952381,-17.8,6057.327380952381,5883.970238095238,-38.44444444444444,159.25483014133937,63.549412096240545,12261.0,16317.0,28367.0,-12050.0,0,0,False,False,False,False,False,False,False,False,Missing Report
2023-07-01,,261.0,,5954.666666666667,,False,False,False,False,False,True,,,,,,True,6215.666666666667,,-0.004431393486385327,,6159.571428571428,5931.428571428572,-17.8,6078.339285714285,5890.839285714285,-38.44444444444444,159.361360533347,63.549412096240545,12261.0,16317.0,28367.0,-12050.0,0,0,False,False,False,False,False,False,False,False,Missing Report
2023-07-02,209.0,285.0,184.0,5903.0,309.0,False,False,False,False,True,False,285.0,5903.0,209.0,184.0,309.0,False,6188.0,-125.0,-0.0044511181423285695,1.6793478260869565,6190.857142857143,5951.0,-24.8,6104.214285714285,5900.428571428572,-47.1,143.84806842197085,65.87100188162398,12470.0,16501.0,28676.0,-12175.0,0,1,False,False,False,False,False,False,True,False,Normal
2023-07-03,,299.5,,6015.0,,False,False,False,False,False,True,,,,,,True,6314.5,,0.02044279250161596,,6224.642857142857,5979.0,-30.5,6145.964285714285,5924.428571428572,-37.77777777777778,106.97963258832242,62.47955221065906,12470.0,16501.0,28676.0,-12175.0,0,0,False,False,False,False,False,False,False,False,Missing Report
2023-07-04,184.0,314.0,217.0,6127.0,124.0,False,False,False,False,True,False,314.0,6127.0,184.0,217.0,124.0,False,6441.0,93.0,0.020033256789927956,0.5714285714285714,6267.357142857143,6009.0,-23.5,6180.535714285715,5940.357142857143,-16.333333333333332,118.77138455340507,70.99471811339228,12654.0,16718.0,28800.0,-12082.0,1,0,False,False,False,False,False,True,False,False,Normal
2023-07-05,107.0,215.0,230.0,6193.0,167.0,False,True,False,False,True,False,215.0,6193.0,107.0,230.0,167.0,False,6408.0,63.0,-0.005123428039124356,0.7260869565217392,6297.357142857143,6036.714285714285,-7.25,6201.25,5959.714285714285,-11.555555555555555,131.6196402548683,75.07514753750279,12761.0,16948.0,28967.0,-12019.0,2,0,False,False,False,False,False,True,False,False,Normal
2023-07-06,101.0,162.0,178.0,6239.0,205.0,False,True,False,False,True,False,162.0,6239.0,101.0,178.0,205.0,False,6401.0,-27.0,-0.0010923845193507864,1.151685393258427,6315.928571428572,6062.571428571428,1.0,6216.321428571428,5979.928571428572,-9.444444444444445,141.91056627925994,74.24808265388279,12862.0,17126.0,29172.0,-12046.0,0,1,False,False,False,False,False,False,False,False,Normal
2023-07-07,,171.33333333333334,,6230.666666666667,,False,False,False,False,False,True,,,,,,True,6402.0,,0.00015622558975159073,,6338.595238095238,6094.619047619047,1.0,6236.726190476191,6004.071428571428,-9.444444444444445,146.87825074976945,74.24808265388279,12862.0,17126.0,29172.0,-12046.0,0,0,False,False,False,False,False,False,False,False,Missing Report
2023-07-08,,180.66666666666666,,6222.333333333333,,False,False,False,False,False,True,,,,,,True,6403.0,,0.00015620118712900144,,6365.357142857143,6132.857142857143,1.0,6262.464285714285,6032.142857142857,-9.444444444444445,141.737963636219,74.24808265388279,12862.0,17126.0,29172.0,-12046.0,0,0,False,False,False,False,False,False,False,False,Missing Report
2023-07-09,99.0,190.0,176.0,6214.0,196.0,False,False,False,False,True,False,190.0,6214.0,99.0,176.0,196.0,False,6404.0,-20.0,0.00015617679212875935,1.1136363636363635,6396.214285714285,6177.285714285715,27.25,6293.535714285715,6064.142857142857,-1.6666666666666667,118.17863088257907,68.1725751310601,12961.0,17302.0,29368.0,-12066.0,0,1,False,False,False,False,False,False,False,False,Normal
2023-07-10,167.0,239.0,166.0,6346.0,163.0,False,False,False,False,True,False,239.0,6346.0,167.0,166.0,163.0,False,6585.0,3.0,0.02826358525921302,0.9819277108433735,6434.857142857143,6224.571428571428,22.4,6329.75,6101.785714285715,-1.1111111111111112,124.55940727274809,68.18989009458181,13128.0,17468.0,29531.0,-12063.0,1,0,False,False,False,False,False,False,False,False,Normal
2023-07-11,115.0,216.0,169.0,6498.0,143.0,False,False,False,False,True,False,216.0,6498.0,115.0,169.0,143.0,False,6714.0,26.0,0.019589977220956678,0.8461538461538461,6473.857142857143,6277.571428571428,9.0,6370.607142857143,6143.285714285715,-5.444444444444445,149.54374495251997,64.60865095153908,13243.0,17637.0,29674.0,-12037.0,2,0,False,False,False,False,False,True,False,False,Normal
2023-07-12,84.0,158.0,193.0,6521.0,210.0,False,True,False,False,True,False,158.0,6521.0,84.0,193.0,210.0,False,6679.0,-17.0,-0.005212987786714307,1.0880829015544042,6512.571428571428,6324.428571428572,-7.0,6404.964285714285,6180.571428571428,-7.111111111111111,161.60503951697095,64.70209510604076,13327.0,17830.0,29884.0,-12054.0,0,1,False,False,False,False,False,False,False,False,Normal
2023-07-13,130.0,227.0,192.0,6604.0,226.0,False,False,False,False,True,False,227.0,6604.0,130.0,192.0,226.0,False,6831.0,-34.0,0.022757897888905587,1.1770833333333333,6574.0,6376.571428571428,-8.4,6444.964285714285,6219.571428571428,-4.222222222222222,192.28793601197015,62.59148859425279,13457.0,18022.0,30110.0,-12088.0,0,2,False,False,False,False,False,False,False,False,Normal
2023-07-14,,222.66666666666666,,6558.666666666667,,False,False,False,False,False,True,,,,,,True,6781.333333333334,,-0.007270775386717276,,6628.190476190476,6423.428571428572,-8.4,6483.392857142857,6259.02380952381,-4.222222222222222,202.3867163043968,62.59148859425279,13457.0,18022.0,30110.0,-12088.0,0,0,False,False,False,False,False,False,False,False,Missing Report
2023-07-15,,218.33333333333334,,6513.333333333333,,False,False,False,False,False,True,,,,,,True,6731.666666666666,,-0.0073240267400709325,,6675.142857142857,6465.0,-8.4,6520.25,6298.928571428572,-4.222222222222222,196.7875199076956,62.59148859425279,13457.0,18022.0,30110.0,-12088.0,0,0,False,False,False,False,False,False,False,False,Missing Report
2023-07-16,88.0,214.0,160.0,6468.0,218.0,False,False,False,False,True,False,214.0,6468.0,88.0,160.0,218.0,False,6682.0,-58.0,-0.007378063877197194,1.3625,6714.857142857143,6501.285714285715,-16.0,6555.535714285715,6339.285714285715,3.2222222222222223,175.79951890879798,48.922841745390045,13545.0,18182.0,30328.0,-12146.0,0,1,False,False,False,False,False,False,False,False,Normal
2023-07-17,113.0,208.0,159.0,6632.0,160.0,False,False,False,False,True,False,208.0,6632.0,113.0,159.0,160.0,False,6840.0,-1.0,0.023645615085303717,1.0062893081761006,6751.285714285715,6542.142857142857,-16.8,6593.071428571428,6383.357142857143,2.8,176.475715797238,46.144218369032096,13658.0,18341.0,30488.0,-12147.0,0,2,False,False,False,False,False,False,False,False,Normal
2023-07-18,174.0,285.0,150.0,6874.0,181.0,False,False,False,False,True,False,285.0,6874.0,174.0,150.0,181.0,False,7159.0,-31.0,0.0466374269005847,1.2066666666666668,6814.857142857143,6595.857142857143,-28.2,6644.357142857143,6436.714285714285,-9.6,226.2051660931881,34.37117655504108,13832.0,18491.0,30669.0,-12178.0,0,3,False,True,False,False,True,False,False,False,Relief
2023-07-19,104.0,230.0,206.0,7001.0,226.0,False,False,False,False,True,False,230.0,7001.0,104.0,206.0,226.0,False,7231.0,-20.0,0.010057270568515131,1.0970873786407767,6893.714285714285,6664.428571428572,-28.8,6703.142857142857,6494.428571428572,-17.9,263.86164835939974,23.048017509346387,13936.0,18697.0,30895.0,-12198.0,0,4,False,True,False,False,True,False,False,False,Relief
2023-07-20,147.0,276.0,214.0,7116.0,281.0,False,False,False,False,True,False,276.0,7116.0,147.0,214.0,281.0,False,7392.0,-67.0,0.022265246853823806,1.3130841121495327,6973.857142857143,6737.571428571428,-35.4,6773.928571428572,6557.071428571428,-21.9,306.1150886462769,27.786687460005478,14083.0,18911.0,31176.0,-12265.0,0,5,False,True,False,False,True,False,False,False,Relief
2023-07-21,,257.3333333333333,,7094.666666666667,,False,False,False,False,False,True,,,,,,True,7352.0,,-0.005411255411255422,,7055.380952380952,6814.142857142857,-35.4,6841.785714285715,6618.785714285715,-21.9,322.1986064563483,27.786687460005478,14083.0,18911.0,31176.0,-12265.0,0,0,False,False,False,False,True,False,False,False,Missing Report
2023-07-22,,238.66666666666666,,7073.333333333333,,False,False,False,False,False,True,,,,,,True,7312.0,,-0.005440696409140355,,7138.285714285715,6894.142857142857,-35.4,6906.714285714285,6679.571428571428,-21.9,318.5428054838,27.786687460005478,14083.0,18911.0,31176.0,-12265.0,0,0,False,False,False,False,True,False,False,False,Missing Report
2023-07-23,108.0,220.0,213.0,7052.0,276.0,False,False,False,False,True,False,220.0,7052.0,108.0,213.0,276.0,False,7272.0,-63.0,-0.005470459518599591,1.295774647887324,7222.571428571428,6977.571428571428,-36.4,6968.714285714285,6739.428571428572,-26.2,296.9071009891781,30.64056860511027,14191.0,19124.0,31452.0,-12328.0,0,1,False,False,False,False,True,False,False,False,Watch
2023-07-24,180.0,280.0,146.0,7220.0,187.0,False,False,False,False,True,False,280.0,7220.0,180.0,146.0,187.0,False,7500.0,-41.0,0.031353135313531455,1.2808219178082192,7316.857142857143,7061.571428571428,-44.4,7034.071428571428,6801.857142857143,-30.6,306.49705952409914,29.102119052284788,14371.0,19270.0,31639.0,-12369.0,0,2,False,False,False,False,True,False,False,False,Watch
2023-07-25,134.0,294.0,186.0,7510.0,136.0,False,False,False,False,True,False,294.0,7510.0,134.0,186.0,136.0,False,7804.0,50.0,0.04053333333333331,0.7311827956989247,7409.0,7152.428571428572,-28.2,7111.928571428572,6874.142857142857,-28.2,353.7389103953489,34.733269353748206,14505.0,19456.0,31775.0,-12319.0,1,0,False,False,False,False,True,True,False,False,Watch
2023-07-26,202.0,313.0,158.0,7647.0,215.0,False,False,False,False,True,False,313.0,7647.0,202.0,158.0,215.0,False,7960.0,-57.0,0.019989748846745314,1.360759493670886,7513.142857142857,7244.714285714285,-35.6,7203.428571428572,6954.571428571428,-32.2,396.26062882711204,35.59275831464131,14707.0,19614.0,31990.0,-12376.0,0,1,False,False,False,False,True,False,False,False,Watch
2023-07-27,110.0,272.0,193.0,7754.0,259.0,False,False,False,False,True,False,272.0,7754.0,110.0,193.0,259.0,False,8026.0,-66.0,0.008291457286432102,1.3419689119170986,7603.714285714285,7335.857142857143,-35.4,7288.785714285715,7036.714285714285,-35.4,436.52572803121683,37.17585835518082,14817.0,19807.0,32249.0,-12442.0,0,2,False,False,False,False,True,False,False,False,Watch
2023-07-28,,273.6666666666667,,7726.333333333333,,False,False,False,False,False,True,,,,,,True,8000.0,,-0.0032394717169199616,,7696.285714285715,7426.0952380952385,-35.4,7375.833333333334,7120.119047619047,-35.4,448.88297734532165,37.17585835518082,14817.0,19807.0,32249.0,-12442.0,0,0,False,False,False,False,True,False,False,False,Missing Report
2023-07-29,,275.3333333333333,,7698.666666666667,,False,False,False,False,False,True,,,,,,True,7974.0,,-0.003249999999999975,,7790.857142857143,7515.428571428572,-35.4,7464.571428571428,7204.785714285715,-35.4,434.3038132434205,37.17585835518082,14817.0,19807.0,32249.0,-12442.0,0,0,False,False,False,False,True,False,False,False,Missing Report
2023-07-30,166.0,277.0,229.0,7671.0,305.0,False,False,False,False,True,False,277.0,7671.0,166.0,229.0,305.0,False,7948.0,-76.0,-0.003260596940055205,1.331877729257642,7887.428571428572,7603.857142857143,-38.0,7555.0,7290.714285714285,-37.2,388.1771998218245,38.79232455582505,14983.0,20036.0,32554.0,-12518.0,0,1,False,False,False,False,True,False,False,False,Watch
2023-07-31,136.0,276.0,178.0,7800.0,220.0,False,False,False,False,True,False,276.0,7800.0,136.0,178.0,220.0,False,8076.0,-42.0,0.01610468042274782,1.2359550561797752,7969.714285714285,7686.714285714285,-38.2,7643.285714285715,7374.142857142857,-41.3,351.91288882144687,36.64863192838504,15119.0,20214.0,32774.0,-12560.0,0,2,False,False,False,False,True,False,False,False,Watch
2023-08-01,87.0,246.0,173.0,8103.0,168.0,False,False,False,False,True,False,246.0,8103.0,87.0,173.0,168.0,False,8349.0,5.0,0.033803863298662806,0.9710982658959537,8047.571428571428,7771.428571428572,-47.2,7728.285714285715,7461.928571428572,-37.7,369.2304739009471,39.4350380020388,15206.0,20387.0,32942.0,-12555.0,1,0,False,False,True,False,True,False,False,False,Watch
2023-08-02,84.0,171.0,157.0,8261.0,271.0,False,False,False,False,True,False,171.0,8261.0,84.0,157.0,271.0,False,8432.0,-114.0,0.00994131033656731,1.7261146496815287,8115.0,7859.142857142857,-58.6,7814.071428571428,7551.928571428572,-47.1,384.0269350099838,45.486139525012554,15290.0,20544.0,33213.0,-12669.0,0,1,False,False,True,False,True,False,True,False,Watch
2023-08-03,167.0,209.0,157.0,8294.0,339.0,False,False,False,False,True,False,209.0,8294.0,167.0,157.0,339.0,False,8503.0,-182.0,0.008420303605312984,2.159235668789809,8183.142857142857,7936.285714285715,-81.8,7893.428571428572,7636.071428571428,-58.6,404.3522292194037,62.45033582331213,15457.0,20701.0,33552.0,-12851.0,0,2,False,False,True,False,True,False,True,False,Watch
2023-08-04,,221.0,,8295.333333333334,,False,False,False,False,False,True,,,,,,True,8516.333333333334,,0.0015680740130934456,,8256.904761904761,8017.571428571428,-81.8,7976.595238095238,7721.833333333333,-58.6,404.16496544331466,62.45033582331213,15457.0,20701.0,33552.0,-12851.0,0,0,False,False,True,False,True,False,False,False,Missing Report
2023-08-05,,233.0,,8296.666666666666,,False,False,False,False,False,True,,,,,,True,8529.666666666666,,0.0015656190066146713,,8336.285714285714,8103.0,-81.8,8063.571428571428,7809.214285714285,-58.6,380.4687713314494,62.45033582331213,15457.0,20701.0,33552.0,-12851.0,0,0,False,False,True,False,True,False,False,False,Missing Report
2023-08-06,109.0,245.0,159.0,8298.0,322.0,False,False,False,False,True,False,245.0,8298.0,109.0,159.0,322.0,False,8543.0,-163.0,0.0015631716753292668,2.0251572327044025,8421.285714285714,8192.57142857143,-99.2,8154.357142857143,7898.214285714285,-68.6,324.5958556034667,70.69527722714041,15566.0,20860.0,33874.0,-13014.0,0,1,False,False,True,False,True,False,True,False,Watch
2023-08-07,156.0,256.0,176.0,8493.0,202.0,False,False,False,False,True,False,256.0,8493.0,156.0,176.0,202.0,False,8749.0,-26.0,0.024113309141987616,1.1477272727272727,8517.42857142857,8291.57142857143,-96.0,8243.57142857143,7989.142857142857,-67.1,301.75133897606474,71.50050504872142,15722.0,21036.0,34076.0,-13040.0,0,2,False,False,True,False,True,False,False,False,Watch
2023-08-08,125.0,232.0,192.0,8725.0,207.0,False,False,False,False,True,False,232.0,8725.0,125.0,192.0,207.0,False,8957.0,-15.0,0.023774145616641817,1.078125,8604.285714285714,8380.42857142857,-100.0,8325.92857142857,8075.928571428572,-73.6,328.6920253016875,61.99498187577598,15847.0,21228.0,34283.0,-13055.0,0,3,False,True,True,False,True,False,False,False,Relief
2023-08-09,118.0,139.0,168.0,8888.0,251.0,False,True,False,False,True,False,139.0,8888.0,118.0,168.0,251.0,False,9027.0,-83.0,0.007815116668527411,1.494047619047619,8689.285714285714,8470.0,-93.8,8402.142857142857,8164.571428571428,-76.2,359.56989297838334,61.76622593834499,15965.0,21396.0,34534.0,-13138.0,0,4,False,True,True,False,True,False,False,False,Relief
2023-08-10,142.0,235.0,139.0,8914.0,353.0,False,False,False,False,True,False,235.0,8914.0,142.0,139.0,353.0,False,9149.0,-214.0,0.013515010523983628,2.539568345323741,8781.57142857143,8558.57142857143,-100.2,8482.357142857143,8247.42857142857,-91.0,392.9188703863907,75.29940238806688,16107.0,21535.0,34887.0,-13352.0,0,5,False,True,True,False,True,False,True,False,Relief
2023-08-11,,236.66666666666666,,9034.0,,False,False,False,False,False,True,,,,,,True,9270.666666666666,,0.013298356833169267,,8889.333333333332,8664.095238095239,-100.2,8573.119047619048,8340.833333333334,-91.0,418.830190324441,75.29940238806688,16107.0,21535.0,34887.0,-13352.0,0,0,False,False,True,False,True,False,False,False,Missing Report
2023-08-12,,238.33333333333334,,9154.0,,False,False,False,False,False,True,,,,,,True,9392.333333333334,,0.013123831439666445,,9012.57142857143,8786.57142857143,-100.2,8674.42857142857,8444.785714285714,-91.0,434.0259834785634,75.29940238806688,16107.0,21535.0,34887.0,-13352.0,0,0,False,False,True,False,True,False,False,False,Missing Report
2023-08-13,,240.0,,9274.0,,False,False,False,False,False,True,,,,,,True,9514.0,,0.012953827589878175,,9151.285714285714,8926.0,-84.5,8786.285714285714,8559.285714285714,-92.66666666666667,434.20436830531065,79.67119931317724,16107.0,21535.0,34887.0,-13352.0,0,0,False,False,True,False,True,False,False,False,Missing Report
2023-08-14,,241.66666666666666,,9394.0,,False,False,False,False,False,True,,,,,,True,9635.666666666666,,0.012788171816971339,,9277.95238095238,9054.714285714286,-104.0,8897.690476190477,8673.142857142857,-99.0,438.0132196476055,82.71465580968284,16107.0,21535.0,34887.0,-13352.0,0,0,False,False,True,False,True,False,False,False,Missing Report
2023-08-15,,243.33333333333334,,9514.0,,False,False,False,False,False,True,,,,,,True,9757.333333333334,,0.012626699415366538,,9392.285714285714,9167.42857142857,-148.5,8998.285714285714,8773.92857142857,-113.85714285714286,463.2971735962271,76.95329443116478,16107.0,21535.0,34887.0,-13352.0,0,0,False,False,True,False,True,False,False,False,Missing Report
2023-08-16,148.0,245.0,175.0,9634.0,288.0,False,False,False,False,True,False,245.0,9634.0,148.0,175.0,288.0,False,9879.0,-113.0,0.012469253894506593,1.6457142857142857,9514.0,9274.0,-163.5,9101.642857142857,8872.0,-113.71428571428571,487.99400066868316,76.95391323321235,16255.0,21710.0,35175.0,-13465.0,0,1,False,False,True,False,True,False,True,False,Watch
2023-08-17,119.0,219.0,210.0,9694.0,407.0,False,False,False,False,True,False,219.0,9694.0,119.0,210.0,407.0,False,9913.0,-197.0,0.0034416438910820357,1.938095238095238,9623.142857142857,9385.42857142857,-155.0,9202.357142857143,8972.0,-115.85714285714286,500.28575534020524,79.34403689299027,16374.0,21920.0,35582.0,-13662.0,0,2,False,False,True,False,True,False,True,False,Watch
2023-08-18,,216.0,,9623.666666666666,,False,False,False,False,False,True,,,,,,True,9839.666666666666,,-0.0073976932647366045,,9704.42857142857,9469.666666666668,-155.0,9296.880952380952,9066.880952380952,-115.85714285714286,485.4945246399972,79.34403689299027,16374.0,21920.0,35582.0,-13662.0,0,0,False,False,True,False,True,False,False,False,Missing Report
2023-08-19,,213.0,,9553.333333333334,,False,False,False,False,False,True,,,,,,True,9766.333333333334,,-0.007452826992784156,,9757.857142857143,9526.714285714286,-155.0,9385.214285714286,9156.642857142857,-115.85714285714286,446.0676926732876,79.34403689299027,16374.0,21920.0,35582.0,-13662.0,0,0,False,False,True,False,True,False,False,False,Missing Report
2023-08-20,105.0,210.0,149.0,9483.0,390.0,False,False,False,False,True,False,210.0,9483.0,105.0,149.0,390.0,False,9693.0,-241.0,-0.007508788695860025,2.61744966442953,9783.42857142857,9556.57142857143,-183.66666666666666,9467.357142857143,9241.285714285714,-127.0,380.04411494458634,91.5987627281796,16479.0,22069.0,35972.0,-13903.0,0,1,False,False,True,False,True,False,True,False,Watch
2023-08-21,143.0,203.0,163.0,9668.0,281.0,False,False,False,False,True,False,203.0,9668.0,143.0,163.0,281.0,False,9871.0,-118.0,0.018363767667388897,1.7239263803680982,9817.04761904762,9595.714285714286,-167.25,9547.5,9325.214285714286,-140.14285714285714,332.19620785434284,80.6358658237317,16622.0,22232.0,36253.0,-14021.0,0,2,False,False,True,False,True,False,True,False,Watch
2023-08-22,119.0,209.0,152.0,9921.0,230.0,False,False,False,False,True,False,209.0,9921.0,119.0,152.0,230.0,False,10130.0,-78.0,0.026238476344848438,1.513157894736842,9870.285714285714,9653.857142857143,-149.4,9631.285714285714,9410.642857142857,-149.14285714285714,319.48775392557826,66.64190016155648,16741.0,22384.0,36483.0,-14099.0,0,3,False,True,True,True,True,False,False,True,Relief
2023-08-23,155.0,212.0,181.0,10071.0,285.0,False,False,False,False,True,False,212.0,10071.0,155.0,181.0,285.0,False,10283.0,-104.0,0.015103652517275412,1.574585635359116,9928.0,9716.285714285714,-147.6,9721.0,9495.142857142857,-152.14285714285714,313.02871171661076,63.56998393222119,16896.0,22565.0,36768.0,-14203.0,0,4,False,True,True,True,True,False,True,True,Relief
2023-08-24,109.0,214.0,173.0,10026.0,443.0,False,False,False,False,True,False,214.0,10026.0,109.0,173.0,443.0,False,10240.0,-270.0,-0.0041816590489156535,2.560693641618497,9974.714285714286,9763.714285714286,-162.2,9798.92857142857,9574.57142857143,-160.14285714285714,294.9560065289958,75.12529217120905,17005.0,22738.0,37211.0,-14473.0,0,5,False,True,True,True,True,False,True,True,Relief
2023-08-25,,237.0,,9975.0,,False,False,False,False,False,True,,,,,,True,10212.0,,-0.0027343749999999556,,10027.904761904763,9813.904761904763,-162.2,9866.166666666666,9641.785714285714,-160.14285714285714,271.6419447615439,75.12529217120905,17005.0,22738.0,37211.0,-14473.0,0,0,False,False,True,True,True,False,False,True,Missing Report
2023-08-26,,260.0,,9924.0,,False,False,False,False,False,True,,,,,,True,10184.0,,-0.0027418723070896656,,10087.57142857143,9866.857142857143,-162.2,9922.714285714286,9696.785714285714,-160.14285714285714,246.66929510526654,75.12529217120905,17005.0,22738.0,37211.0,-14473.0,0,0,False,False,True,True,True,False,False,True,Missing Report
2023-08-27,191.0,283.0,192.0,9873.0,488.0,False,False,False,False,True,False,283.0,9873.0,191.0,192.0,488.0,False,10156.0,-296.0,-0.00274941084053415,2.5416666666666665,10153.714285714286,9922.57142857143,-173.2,9968.57142857143,9739.57142857143,-177.125,223.42253972600784,84.52630613348383,17196.0,22930.0,37699.0,-14769.0,0,1,False,False,True,True,True,False,True,True,Strained
2023-08-28,170.0,297.0,196.0,10012.0,388.0,False,False,False,False,True,False,297.0,10012.0,170.0,196.0,388.0,False,10309.0,-192.0,0.015064986215045373,1.9795918367346939,10216.285714285714,9971.714285714286,-188.0,10016.666666666666,9783.714285714286,-178.77777777777777,218.66924638875955,79.22243649651557,17366.0,23126.0,38087.0,-14961.0,0,2,False,False,True,True,True,False,True,True,Strained
2023-08-29,152.0,272.0,214.0,10180.0,286.0,False,False,False,False,True,False,272.0,10180.0,152.0,214.0,286.0,False,10452.0,-72.0,0.013871374527112179,1.3364485981308412,10262.285714285714,10008.714285714286,-186.8,10066.285714285714,9831.285714285714,-168.1,233.6011963272195,81.96943874938323,17518.0,23340.0,38373.0,-15033.0,0,3,False,True,True,True,True,False,False,True,Relief
2023-08-30,239.0,367.0,224.0,10280.0,366.0,False,False,False,False,True,False,367.0,10280.0,239.0,224.0,366.0,False,10647.0,-142.0,0.018656716417910557,1.6339285714285714,10314.285714285714,10038.57142857143,-194.4,10121.142857142857,9877.42857142857,-171.0,273.07741973159716,80.29943959953891,17757.0,23564.0,38739.0,-15175.0,0,4,False,True,True,True,True,False,True,True,Relief
2023-08-31,113.0,280.0,237.0,10140.0,505.0,False,False,False,False,True,False,280.0,10140.0,113.0,237.0,505.0,False,10420.0,-268.0,-0.021320559782098236,2.130801687763713,10340.0,10054.857142857143,-194.0,10157.357142857143,9909.285714285714,-178.1,276.9418299341347,85.80397556187138,17870.0,23801.0,39244.0,-15443.0,0,5,False,True,True,True,True,False,True,True,Relief
2023-09-01,,286.5,,10102.0,,False,False,False,False,False,True,,,,,,True,10388.5,,-0.0030230326295584975,,10365.214285714286,10073.0,-194.0,10196.559523809525,9943.45238095238,-178.1,267.18508587865716,85.80397556187138,17870.0,23801.0,39244.0,-15443.0,0,0,False,False,True,True,True,False,False,True,Missing Report
2023-09-02,,293.0,,10064.0,,False,False,False,False,False,True,,,,,,True,10357.0,,-0.0030321990662751652,,10389.92857142857,10093.0,-194.0,10238.75,9979.92857142857,-178.1,239.19229068485387,85.80397556187138,17870.0,23801.0,39244.0,-15443.0,0,0,False,False,True,True,True,False,False,True,Missing Report
2023-09-03,,299.5,,10026.0,,False,False,False,False,False,True,,,,,,True,10325.5,,-0.003041421260982946,,10414.142857142857,10114.857142857143,-168.5,10283.92857142857,10018.714285714286,-171.11111111111111,180.78364216575653,87.93810954933652,17870.0,23801.0,39244.0,-15443.0,0,0,False,False,True,True,False,False,False,True,Missing Report
2023-09-04,196.0,306.0,187.0,9988.0,293.0,False,False,False,False,True,False,306.0,9988.0,196.0,187.0,293.0,False,10294.0,-106.0,-0.003050699723984307,1.5668449197860963,10412.0,10111.42857142857,-147.0,10314.142857142857,10041.57142857143,-169.77777777777777,136.34972406550168,88.92943519692703,18066.0,23988.0,39537.0,-15549.0,0,1,False,False,True,True,False,False,True,True,Strained
2023-09-05,236.0,330.0,222.0,10142.0,243.0,False,False,False,False,True,False,330.0,10142.0,236.0,222.0,243.0,False,10472.0,-21.0,0.017291626190013565,1.0945945945945945,10414.857142857143,10106.0,-134.25,10338.57142857143,10057.357142857143,-163.44444444444446,131.3661730757304,97.86356716254409,18302.0,24210.0,39780.0,-15570.0,0,2,False,False,True,True,False,False,False,True,Strained
2023-09-06,81.0,230.0,242.0,10356.0,291.0,False,True,False,False,True,False,230.0,10356.0,81.0,242.0,291.0,False,10586.0,-49.0,0.010886172650878434,1.2024793388429753,10406.142857142857,10116.857142857143,-111.0,10360.214285714286,10077.714285714286,-157.33333333333334,145.6858731187245,103.58933342772316,18383.0,24452.0,40071.0,-15619.0,0,3,False,True,True,True,False,False,False,True,Relief
2023-09-07,118.0,245.0,160.0,10419.0,398.0,False,False,False,False,True,False,245.0,10419.0,118.0,160.0,398.0,False,10664.0,-238.0,0.0073682221802380266,2.4875,10441.0,10156.714285714286,-103.5,10390.5,10105.785714285714,-153.77777777777777,161.9377848244128,99.71556771359448,18501.0,24612.0,40469.0,-15857.0,0,4,False,True,True,True,False,False,True,True,Relief
2023-09-08,,257.6666666666667,,10373.333333333334,,False,False,False,False,False,True,,,,,,True,10631.0,,-0.003094523630907675,,10475.642857142857,10195.476190476189,-103.5,10420.42857142857,10134.238095238095,-153.77777777777777,165.09855531477203,99.71556771359448,18501.0,24612.0,40469.0,-15857.0,0,0,False,False,True,True,False,False,False,True,Missing Report
2023-09-09,,270.3333333333333,,10327.666666666666,,False,False,False,False,False,True,,,,,,True,10598.0,,-0.0031041294327909252,,10510.07142857143,10233.142857142857,-103.5,10450.0,10163.07142857143,-153.77777777777777,156.33752932970108,99.71556771359448,18501.0,24612.0,40469.0,-15857.0,0,0,False,False,True,True,False,False,False,True,Missing Report
2023-09-10,218.0,283.0,208.0,10282.0,382.0,False,False,False,False,True,False,283.0,10282.0,218.0,208.0,382.0,False,10565.0,-174.0,-0.003113795055670887,1.8365384615384615,10544.285714285714,10269.714285714286,-117.6,10479.214285714286,10192.285714285714,-140.22222222222223,133.75605152169226,85.20090635928969,18719.0,24820.0,40851.0,-16031.0,0,1,False,False,True,True,False,False,True,True,Strained
2023-09-11,132.0,243.0,183.0,10492.0,277.0,False,False,False,False,True,False,243.0,10492.0,132.0,183.0,277.0,False,10735.0,-94.0,0.016090866067203002,1.5136612021857923,10607.285714285714,10341.714285714286,-115.2,10509.642857142857,10226.57142857143,-129.33333333333334,140.34838912386124,84.01041602087213,18851.0,25003.0,41128.0,-16125.0,0,2,False,False,True,True,False,False,False,True,Strained
2023-09-12,224.0,315.0,152.0,10649.0,316.0,False,False,False,False,True,False,315.0,10649.0,224.0,152.0,316.0,False,10964.0,-164.0,0.02133209129017244,2.0789473684210527,10677.57142857143,10414.142857142857,-143.8,10546.214285714286,10260.07142857143,-139.55555555555554,184.06998191381155,81.72837804445763,19075.0,25155.0,41444.0,-16289.0,0,3,False,True,True,True,False,False,True,True,Relief
2023-09-13,167.0,326.0,213.0,10678.0,343.0,False,False,False,False,True,False,326.0,10678.0,167.0,213.0,343.0,False,11004.0,-130.0,0.0036483035388543694,1.6103286384976525,10737.285714285714,10460.142857142857,-160.0,10571.714285714286,10288.5,-138.22222222222223,220.27419227002653,81.78138201598485,19242.0,25368.0,41787.0,-16419.0,0,4,False,True,True,True,True,False,True,True,Relief
2023-09-14,209.0,353.0,232.0,10837.0,414.0,False,False,False,False,True,False,353.0,10837.0,209.0,232.0,414.0,False,11190.0,-182.0,0.01690294438386042,1.7844827586206897,10812.42857142857,10519.857142857143,-148.8,10626.714285714286,10338.285714285714,-128.66666666666666,269.9970594060337,68.70043667983494,19451.0,25600.0,42201.0,-16601.0,0,5,False,True,True,True,True,False,True,True,Relief
2023-09-15,,319.6666666666667,,10824.333333333334,,False,False,False,False,False,True,,,,,,True,11144.0,,-0.004110813226094745,,10885.714285714286,10584.285714285714,-148.8,10680.67857142857,10389.880952380952,-128.66666666666666,293.22448784970015,68.70043667983494,19451.0,25600.0,42201.0,-16601.0,0,0,False,False,True,True,True,False,False,True,Missing Report
2023-09-16,,286.3333333333333,,10811.666666666666,,False,False,False,False,False,True,,,,,,True,11098.0,,-0.004127781765972727,,10957.142857142857,10653.42857142857,-148.8,10733.607142857143,10443.285714285714,-128.66666666666666,297.155371077882,68.70043667983494,19451.0,25600.0,42201.0,-16601.0,0,0,False,False,True,True,True,False,False,True,Missing Report
2023-09-17,153.0,253.0,286.0,10799.0,427.0,False,True,False,False,True,False,253.0,10799.0,153.0,286.0,427.0,False,11052.0,-141.0,-0.004144890971346182,1.493006993006993,11026.714285714286,10727.285714285714,-142.2,10785.5,10498.5,-129.9,283.52716597558805,64.88870814282292,19604.0,25886.0,42628.0,-16742.0,0,1,False,False,True,True,True,False,True,True,Strained
2023-09-18,180.0,337.0,219.0,10892.0,313.0,False,False,False,False,True,False,337.0,10892.0,180.0,219.0,313.0,False,11229.0,-94.0,0.01601520086862096,1.4292237442922375,11097.285714285714,10784.42857142857,-142.2,10852.285714285714,10563.07142857143,-128.7,268.5738484810234,65.48799720389826,19784.0,26105.0,42941.0,-16836.0,0,2,False,False,True,True,True,False,False,True,Strained
2023-09-19,133.0,287.0,189.0,11095.0,260.0,False,False,False,False,True,False,287.0,11095.0,133.0,189.0,260.0,False,11382.0,-71.0,0.01362543414373496,1.3756613756613756,11157.0,10848.142857142857,-123.6,10917.285714285714,10631.142857142857,-133.7,279.3598254722903,57.81012983129444,19917.0,26294.0,43201.0,-16907.0,0,3,False,True,True,True,True,False,False,True,Relief
2023-09-20,187.0,310.0,247.0,11064.0,364.0,False,False,False,False,True,False,310.0,11064.0,187.0,247.0,364.0,False,11374.0,-117.0,-0.0007028641714988959,1.4736842105263157,11209.857142857143,10903.285714285714,-121.0,10973.57142857143,10681.714285714286,-140.5,286.76302580184574,50.24440267333274,20104.0,26541.0,43565.0,-17024.0,0,4,False,True,True,True,True,False,True,True,Relief
2023-09-21,168.0,285.0,210.0,11067.0,428.0,False,False,False,False,True,False,285.0,11067.0,168.0,210.0,428.0,False,11352.0,-218.0,-0.0019342359767892114,2.038095238095238,11233.0,10936.142857142857,-128.2,11022.714285714286,10728.0,-138.5,288.57646062416666,46.164560722124,20272.0,26751.0,43993.0,-17242.0,0,5,False,True,True,True,True,False,True,True,Relief
2023-09-22,,327.3333333333333,,10959.333333333334,,False,False,False,False,False,True,,,,,,True,11286.666666666668,,-0.005755226685459136,,11253.380952380952,10955.42857142857,-128.2,11069.547619047618,10769.857142857143,-138.5,272.8928472954251,46.164560722124,20272.0,26751.0,43993.0,-17242.0,0,0,False,False,True,True,True,False,False,True,Missing Report
2023-09-23,,369.6666666666667,,10851.666666666666,,False,False,False,False,False,True,,,,,,True,11221.333333333332,,-0.005788541051388263,,11271.0,10961.142857142857,-128.2,11114.07142857143,10807.285714285714,-138.5,238.75400130253658,46.164560722124,20272.0,26751.0,43993.0,-17242.0,0,0,False,False,True,True,True,False,False,True,Missing Report
2023-09-24,269.0,412.0,204.0,10744.0,403.0,False,False,False,False,True,False,412.0,10744.0,269.0,204.0,403.0,False,11156.0,-199.0,-0.00582224334600745,1.9754901960784315,11285.857142857143,10953.285714285714,-139.8,11156.285714285714,10840.285714285714,-141.0,178.9660645453522,48.89671654506973,20541.0,26955.0,44396.0,-17441.0,0,1,False,False,True,True,False,False,True,True,Strained
2023-09-25,100.0,255.0,236.0,10842.0,284.0,False,False,False,False,True,False,255.0,10842.0,100.0,236.0,284.0,False,11097.0,-48.0,-0.005288633918967389,1.2033898305084745,11267.0,10946.142857142857,-130.6,11182.142857142857,10865.285714285714,-136.4,133.8908673015583,55.52416891168512,20641.0,27191.0,44680.0,-17489.0,0,2,False,False,True,True,False,False,False,True,Strained
2023-09-26,205.0,294.0,177.0,10978.0,332.0,False,False,False,False,True,False,294.0,10978.0,205.0,177.0,332.0,False,11272.0,-155.0,0.015770027935477993,1.8757062146892656,11251.285714285714,10929.42857142857,-147.4,11204.142857142857,10888.785714285714,-135.5,119.8588710198302,55.09839683088194,20846.0,27368.0,45012.0,-17644.0,0,3,False,True,True,True,False,False,True,True,Relief
2023-09-27,161.0,304.0,211.0,11017.0,331.0,False,False,False,False,True,False,304.0,11017.0,161.0,211.0,331.0,False,11321.0,-120.0,0.00434705464868701,1.5687203791469195,11243.714285714286,10922.714285714286,-148.0,11226.785714285714,10913.0,-134.5,108.55008746943052,55.29968856653321,21007.0,27579.0,45343.0,-17764.0,0,4,False,True,True,True,False,False,True,True,Relief
2023-09-28,57.0,162.0,193.0,10984.0,447.0,False,True,False,False,True,False,162.0,10984.0,57.0,193.0,447.0,False,11146.0,-254.0,-0.01545799841003448,2.316062176165803,11214.285714285714,10910.857142857143,-155.2,11223.642857142857,10923.5,-141.7,110.319618350127,65.85176957041901,21064.0,27772.0,45790.0,-18018.0,0,5,False,True,True,True,False,False,True,True,Relief
2023-09-29,,148.66666666666666,,10855.333333333334,,False,False,False,False,False,True,,,,,,True,11004.0,,-0.012739996411268661,,11173.904761904761,10896.0,-155.2,11213.642857142857,10925.714285714286,-141.7,123.63576670325693,65.85176957041901,21064.0,27772.0,45790.0,-18018.0,0,0,False,False,True,True,False,False,False,True,Missing Report
2023-09-30,,135.33333333333334,,10726.666666666666,,False,False,False,False,False,True,,,,,,True,10862.0,,-0.012904398400581552,,11122.57142857143,10878.142857142857,-155.2,11196.785714285714,10919.642857142857,-141.7,153.17576112855764,65.85176957041901,21064.0,27772.0,45790.0,-18018.0,0,0,False,False,True,True,False,False,False,True,Missing Report
2023-10-01,80.0,122.0,152.0,10598.0,493.0,False,True,False,False,True,False,122.0,10598.0,80.0,152.0,493.0,False,10720.0,-341.0,-0.01307309887681829,3.2434210526315788,11060.285714285714,10857.285714285714,-183.6,11173.07142857143,10905.285714285714,-161.7,196.80235121985783,91.13366252074175,21144.0,27924.0,46283.0,-18359.0,0,1,False,False,True,True,False,False,True,True,Strained
2023-10-02,107.0,170.0,133.0,10724.0,284.0,False,False,False,False,True,False,170.0,10724.0,107.0,133.0,284.0,False,10894.0,-151.0,0.01623134328358211,2.1353383458646618,11031.285714285714,10840.42857142857,-204.2,11149.142857142857,10893.285714285714,-167.4,209.43916621960375,88.16298038922638,21251.0,28057.0,46567.0,-18510.0,0,2,False,False,True,True,False,False,True,True,Strained
2023-10-03,99.0,156.0,139.0,10818.0,287.0,False,False,False,False,True,False,156.0,10818.0,99.0,139.0,287.0,False,10974.0,-148.0,0.007343491830365423,2.064748201438849,10988.714285714286,10817.57142857143,-202.8,11120.0,10873.5,-175.1,202.826986184739,81.9518151110761,21350.0,28196.0,46854.0,-18658.0,0,3,False,True,True,True,False,False,True,True,Relief
2023-10-04,25.0,66.0,94.0,10963.0,330.0,False,True,False,False,True,False,66.0,10963.0,25.0,94.0,330.0,False,11029.0,-236.0,0.005011846181884438,3.5106382978723403,10947.0,10809.857142857143,-226.0,11095.357142857143,10866.285714285714,-187.0,190.15528806091916,81.2143939075936,21375.0,28290.0,47184.0,-18894.0,0,4,False,True,True,True,False,False,True,True,Relief
2023-10-05,35.0,70.0,53.0,11130.0,427.0,False,False,False,False,True,False,70.0,11130.0,35.0,53.0,427.0,False,11200.0,-374.0,0.015504578837610028,8.056603773584905,10954.714285714286,10830.714285714286,-250.0,11084.5,10870.785714285714,-202.6,178.34748326321332,100.51887606039196,21410.0,28343.0,47611.0,-19268.0,0,5,False,True,True,True,False,False,True,True,Relief
2023-10-06,,70.75,,11051.25,,False,False,False,False,False,True,,,,,,True,11122.0,,-0.006964285714285756,,10971.57142857143,10858.70238095238,-250.0,11072.738095238095,10877.351190476189,-202.6,169.18351835081327,100.51887606039196,21410.0,28343.0,47611.0,-19268.0,0,0,False,False,True,True,False,False,False,True,Missing Report
2023-10-07,,71.5,,10972.5,,False,False,False,False,False,True,,,,,,True,11044.0,,-0.007013127135407249,,10997.57142857143,10893.82142857143,-250.0,11060.07142857143,10885.982142857143,-202.6,163.7537852930401,100.51887606039196,21410.0,28343.0,47611.0,-19268.0,0,0,False,False,True,True,False,False,False,True,Missing Report
2023-10-08,,72.25,,10893.75,,False,False,False,False,False,True,,,,,,True,10966.0,,-0.0070626584570807616,,11032.714285714286,10936.07142857143,-227.25,11046.5,10896.67857142857,-203.0,163.06381478520714,106.60792653456869,21410.0,28343.0,47611.0,-19268.0,0,0,False,False,True,True,False,False,False,True,Missing Report
2023-10-09,43.0,73.0,64.0,10815.0,282.0,False,False,False,False,True,False,73.0,10815.0,43.0,64.0,282.0,False,10888.0,-218.0,-0.00711289440087548,4.40625,11031.857142857143,10949.07142857143,-244.0,11031.57142857143,10894.75,-221.88888888888889,167.58911029689943,89.38042912803174,21453.0,28407.0,47893.0,-19486.0,0,1,False,False,True,True,False,False,True,True,Strained
2023-10-10,41.0,60.0,71.0,10910.0,257.0,False,True,False,False,True,False,60.0,10910.0,41.0,71.0,257.0,False,10970.0,-186.0,0.0075312270389420455,3.619718309859155,11031.285714285714,10962.214285714286,-253.5,11010.0,10889.892857142857,-225.33333333333334,153.0686120666028,87.04740088021005,21494.0,28478.0,48150.0,-19672.0,0,2,False,False,True,True,False,False,True,True,Strained
2023-10-11,65.0,83.0,65.0,10960.0,266.0,False,False,False,False,True,False,83.0,10960.0,65.0,65.0,266.0,False,11043.0,-201.0,0.006654512306289773,4.092307692307692,11033.285714285714,10961.785714285714,-244.75,10990.142857142857,10885.82142857143,-234.33333333333334,125.09618277569801,78.5700324551288,21559.0,28543.0,48416.0,-19873.0,0,3,False,True,True,True,False,False,True,True,Relief
2023-10-12,38.0,80.0,82.0,10992.0,398.0,False,True,False,False,True,False,80.0,10992.0,38.0,82.0,398.0,False,11072.0,-316.0,0.0026260979806211893,4.853658536585366,11015.0,10942.07142857143,-230.25,10984.857142857143,10886.392857142857,-241.22222222222223,119.43962565170742,83.09749962811416,21597.0,28625.0,48814.0,-20189.0,0,4,False,True,True,True,False,False,True,True,Relief
2023-10-13,,80.66666666666667,,10851.666666666666,,False,False,False,False,False,True,,,,,,True,10932.333333333332,,-0.012614402697495253,,10987.904761904761,10913.559523809525,-230.25,10979.738095238095,10886.13095238095,-241.22222222222223,120.09007862485045,83.09749962811416,21597.0,28625.0,48814.0,-20189.0,0,0,False,False,True,True,False,False,False,True,Missing Report
2023-10-14,,81.33333333333333,,10711.333333333334,,False,False,False,False,False,True,,,,,,True,10792.666666666668,,-0.012775558740128479,,10952.0,10876.25,-230.25,10974.785714285714,10885.035714285714,-241.22222222222223,126.57355600345892,83.09749962811416,21597.0,28625.0,48814.0,-20189.0,0,0,False,False,True,True,False,False,False,True,Missing Report
2023-10-15,56.0,82.0,68.0,10571.0,434.0,False,False,False,False,True,False,82.0,10571.0,56.0,68.0,434.0,False,10653.0,-366.0,-0.012940885786645318,6.382352941176471,10907.285714285714,10830.142857142857,-257.4,10970.0,10883.107142857143,-244.0,137.72349357954988,87.16794135460576,21653.0,28693.0,49248.0,-20555.0,0,1,False,False,True,True,False,False,True,True,Strained
2023-10-16,74.0,103.0,80.0,10629.0,331.0,False,False,False,False,True,False,103.0,10629.0,74.0,80.0,331.0,False,10732.0,-251.0,0.007415751431521622,4.1375,10885.0,10803.57142857143,-264.0,10958.42857142857,10876.32142857143,-255.11111111111111,150.78622602373693,79.90219716072332,21727.0,28773.0,49579.0,-20806.0,0,2,False,False,True,True,False,False,True,True,Strained
2023-10-17,68.0,107.0,102.0,10630.0,315.0,False,False,False,False,True,False,107.0,10630.0,68.0,102.0,315.0,False,10737.0,-213.0,0.0004658963846440045,3.088235294117647,10851.714285714286,10763.57142857143,-269.4,10941.5,10862.892857142857,-262.3333333333333,161.80481805340187,71.50699266505332,21795.0,28875.0,49894.0,-21019.0,0,3,False,True,True,True,False,False,True,True,Relief
2023-10-18,92.0,124.0,93.0,10511.0,393.0,False,False,False,False,True,False,124.0,10511.0,92.0,93.0,393.0,False,10635.0,-300.0,-0.009499860296172113,4.225806451612903,10793.42857142857,10699.42857142857,-289.2,10913.357142857143,10830.607142857143,-269.44444444444446,178.78825102823095,71.74278902982351,21887.0,28968.0,50287.0,-21319.0,0,4,False,True,True,True,False,False,True,True,Relief
2023-10-19,113.0,162.0,107.0,10319.0,406.0,False,False,False,False,True,False,162.0,10319.0,113.0,107.0,406.0,False,10481.0,-299.0,-0.014480488951574944,3.794392523364486,10709.0,10603.285714285714,-285.8,10862.0,10772.67857142857,-261.1111111111111,192.83131107242136,61.73824674471329,22000.0,29075.0,50693.0,-21618.0,0,5,False,True,True,True,False,False,True,True,Relief
2023-10-20,,173.33333333333334,,10048.0,,False,False,False,False,False,True,,,,,,True,10221.333333333334,,-0.024774989663836067,,10607.42857142857,10488.476190476193,-285.8,10797.666666666668,10701.017857142857,-261.1111111111111,243.10519688425097,61.73824674471329,22000.0,29075.0,50693.0,-21618.0,0,0,False,False,True,True,True,False,False,True,Missing Report
2023-10-21,,184.66666666666666,,9777.0,,False,False,False,False,False,True,,,,,,True,9961.666666666666,,-0.02540438298982528,,10488.714285714286,10355.0,-285.8,10720.357142857143,10615.625,-261.1111111111111,318.9939705318052,61.73824674471329,22000.0,29075.0,50693.0,-21618.0,0,0,False,False,True,True,True,False,False,True,Missing Report
2023-10-22,106.0,196.0,131.0,9506.0,454.0,False,False,False,False,True,False,196.0,9506.0,106.0,131.0,454.0,False,9702.0,-323.0,-0.02606658858959343,3.4656488549618323,10352.857142857143,10202.857142857143,-277.2,10630.07142857143,10516.5,-267.3,410.01244881186255,61.40946362102679,22106.0,29206.0,51147.0,-21941.0,0,1,False,False,True,False,True,False,True,False,Watch
2023-10-23,86.0,152.0,168.0,9436.0,327.0,False,True,False,False,True,False,152.0,9436.0,86.0,168.0,327.0,False,9588.0,-159.0,-0.011750154607297447,1.9464285714285714,10189.42857142857,10032.42857142857,-258.8,10537.214285714286,10418.0,-261.4,487.071637040457,69.03332528569075,22192.0,29374.0,51474.0,-22100.0,0,2,False,False,True,False,True,False,True,False,Watch
2023-10-24,84.0,118.0,136.0,9396.0,300.0,False,True,False,False,True,False,118.0,9396.0,84.0,136.0,300.0,False,9514.0,-164.0,-0.007717980809345049,2.2058823529411766,10014.714285714286,9856.142857142857,-249.0,10433.214285714286,10309.857142857143,-259.2,540.1099699221164,71.99043146295355,22276.0,29510.0,51774.0,-22264.0,0,3,False,True,True,False,True,False,True,False,Relief
2023-10-25,59.0,64.0,117.0,9351.0,293.0,False,True,False,False,True,False,64.0,9351.0,59.0,117.0,293.0,False,9415.0,-176.0,-0.010405717889426125,2.5042735042735043,9840.42857142857,9690.42857142857,-224.2,10316.92857142857,10194.92857142857,-256.7,572.9782319901369,74.62208490490966,22335.0,29627.0,52067.0,-22440.0,0,4,False,True,True,False,True,False,True,False,Relief
2023-10-26,62.0,97.0,52.0,9235.0,390.0,False,False,False,False,True,False,97.0,9235.0,62.0,52.0,390.0,False,9332.0,-338.0,-0.008815719596388716,7.5,9676.285714285714,9535.57142857143,-232.0,10192.642857142857,10069.42857142857,-258.9,585.1789333228527,76.85549210477191,22397.0,29679.0,52457.0,-22778.0,0,5,False,True,True,False,True,False,True,False,Relief
2023-10-27,,89.66666666666667,,9131.666666666666,,False,False,False,False,False,True,,,,,,True,9221.333333333332,,-0.011858836976711085,,9533.42857142857,9404.666666666668,-232.0,10070.42857142857,9946.57142857143,-258.9,597.3556175526609,76.85549210477191,22397.0,29679.0,52457.0,-22778.0,0,0,False,False,True,False,True,False,False,False,Missing Report
2023-10-28,,82.33333333333333,,9028.333333333334,,False,False,False,False,False,True,,,,,,True,9110.666666666668,,-0.01200115673799862,,9411.857142857143,9297.714285714286,-232.0,9950.285714285714,9826.357142857143,-258.9,609.9352614819126,76.85549210477191,22397.0,29679.0,52457.0,-22778.0,0,0,False,False,True,False,True,False,False,False,Missing Report
2023-10-29,91.0,75.0,97.0,8925.0,418.0,False,True,False,False,True,False,75.0,8925.0,91.0,97.0,418.0,False,9000.0,-321.0,-0.012146933996780462,4.309278350515464,9311.57142857143,9214.714285714286,-231.6,9832.214285714286,9708.785714285714,-254.4,623.2876112004241,70.98074856372436,22488.0,29776.0,52875.0,-23099.0,0,1,False,False,True,False,True,False,True,False,Watch
2023-10-30,29.0,51.0,11.0,9026.0,278.0,False,False,False,False,True,False,51.0,9026.0,29.0,11.0,278.0,False,9077.0,-267.0,0.00855555555555565,25.272727272727273,9238.57142857143,9156.142857142857,-253.2,9714.0,9594.285714285714,-256.0,595.8462917722883,71.07585931789899,22517.0,29787.0,53153.0,-23366.0,0,2,False,False,True,False,True,False,True,False,Watch
2023-10-31,33.0,53.0,34.0,9072.0,295.0,False,False,False,False,True,False,53.0,9072.0,33.0,34.0,295.0,False,9125.0,-261.0,0.005288090778891696,8.676470588235293,9183.0,9109.857142857143,-272.6,9598.857142857143,9483.0,-260.8,535.6669572906949,69.45150186361056,22550.0,29821.0,53448.0,-23627.0,0,3,False,True,True,False,True,False,True,False,Relief
2023-11-01,132.0,235.0,197.0,9250.0,279.0,False,False,False,False,True,False,235.0,9250.0,132.0,197.0,279.0,False,9485.0,-82.0,0.03945205479452052,1.416243654822335,9193.0,9095.42857142857,-253.8,9516.714285714286,9392.92857142857,-239.0,445.0683008592878,87.61785713476951,22682.0,30018.0,53727.0,-23709.0,0,4,False,True,True,False,True,False,False,False,Relief
2023-11-02,174.0,208.0,256.0,9442.0,330.0,False,True,False,False,True,False,208.0,9442.0,174.0,256.0,330.0,False,9650.0,-74.0,0.017395888244596813,1.2890625,9238.42857142857,9125.0,-201.0,9457.357142857143,9330.285714285714,-216.5,352.322804206368,98.68834221370263,22856.0,30274.0,54057.0,-23783.0,0,5,False,True,True,False,True,False,False,False,Relief
2023-11-03,,215.33333333333334,,9385.666666666666,,False,False,False,False,False,True,,,,,,True,9601.0,,-0.005077720207253833,,9292.666666666668,9161.285714285714,-201.0,9413.04761904762,9282.97619047619,-216.5,280.54817698438075,98.68834221370263,22856.0,30274.0,54057.0,-23783.0,0,0,False,False,True,False,True,False,False,False,Missing Report
2023-11-04,,222.66666666666666,,9329.333333333334,,False,False,False,False,False,True,,,,,,True,9552.0,,-0.005103635038016918,,9355.714285714286,9204.285714285714,-201.0,9383.785714285714,9251.0,-216.5,236.89204173698835,98.68834221370263,22856.0,30274.0,54057.0,-23783.0,0,0,False,False,True,False,True,False,False,False,Missing Report
2023-11-05,123.0,230.0,167.0,9273.0,370.0,False,False,False,False,True,False,230.0,9273.0,123.0,167.0,370.0,False,9503.0,-203.0,-0.005129815745393618,2.215568862275449,9427.57142857143,9254.0,-177.4,9369.57142857143,9234.357142857143,-204.5,221.82026406126425,91.32025453802065,22979.0,30441.0,54427.0,-23986.0,0,1,False,False,True,False,True,False,True,False,Watch
2023-11-06,123.0,233.0,159.0,9286.0,316.0,False,False,False,False,True,False,233.0,9286.0,123.0,159.0,316.0,False,9519.0,-157.0,0.001683678838261704,1.9874213836477987,9490.714285714286,9291.142857142857,-155.4,9364.642857142857,9223.642857142857,-204.3,217.3145132752921,91.43309636620155,23102.0,30600.0,54743.0,-24143.0,0,2,False,False,True,False,False,False,True,False,Watch
2023-11-07,141.0,232.0,188.0,9483.0,231.0,False,False,False,False,True,False,232.0,9483.0,141.0,188.0,231.0,False,9715.0,-43.0,0.020590398151066225,1.2287234042553192,9575.0,9349.857142857143,-111.8,9379.0,9229.857142857143,-192.2,233.94436477920428,104.44009447206241,23243.0,30788.0,54974.0,-24186.0,0,3,False,True,True,False,True,False,False,False,Relief
2023-11-08,158.0,226.0,191.0,9634.0,310.0,False,False,False,False,True,False,226.0,9634.0,158.0,191.0,310.0,False,9860.0,-119.0,0.014925373134328401,1.6230366492146597,9628.57142857143,9404.714285714286,-119.2,9410.785714285714,9250.07142857143,-186.5,267.09403597554166,106.94780658495677,23401.0,30979.0,55284.0,-24305.0,0,4,False,True,True,False,True,False,True,False,Relief
2023-11-09,,209.5,,9594.75,,False,False,False,False,False,True,,,,,,True,9804.25,,-0.005654158215010141,,9650.607142857143,9426.535714285714,-130.5,9444.517857142857,9275.767857142857,-169.66666666666666,285.56110266133027,98.38572050861846,23401.0,30979.0,55284.0,-24305.0,0,0,False,False,True,False,True,False,False,False,Missing Report
2023-11-10,,193.0,,9555.5,,False,False,False,False,False,True,,,,,,True,9748.5,,-0.005686309508631471,,9671.67857142857,9450.79761904762,-130.5,9482.17261904762,9306.041666666666,-169.66666666666666,288.608110630407,98.38572050861846,23401.0,30979.0,55284.0,-24305.0,0,0,False,False,True,False,True,False,False,False,Missing Report
2023-11-11,,176.5,,9516.25,,False,False,False,False,False,True,,,,,,True,9692.75,,-0.0057188285377237635,,9691.785714285714,9477.5,-130.5,9523.75,9340.892857142857,-169.66666666666666,272.44688967262715,98.38572050861846,23401.0,30979.0,55284.0,-24305.0,0,0,False,False,True,False,True,False,False,False,Missing Report
2023-11-12,96.0,160.0,233.0,9477.0,313.0,False,True,False,False,True,False,160.0,9477.0,96.0,233.0,313.0,False,9637.0,-80.0,-0.005751721647623276,1.3433476394849786,9710.92857142857,9506.642857142857,-99.75,9569.25,9380.32142857143,-142.88888888888889,227.77907650240664,83.75775254333833,23497.0,31212.0,55597.0,-24385.0,0,1,False,False,True,False,True,False,False,False,Watch
2023-11-13,141.0,173.0,129.0,9510.0,287.0,False,False,False,False,True,False,173.0,9510.0,141.0,129.0,287.0,False,9683.0,-158.0,0.004773269689737569,2.2248062015503876,9734.357142857143,9538.642857142857,-100.0,9612.535714285714,9414.892857142857,-130.77777777777777,179.50377265000978,70.38071074125659,23638.0,31341.0,55884.0,-24543.0,0,2,False,False,True,False,False,False,True,False,Watch
2023-11-14,116.0,181.0,182.0,9665.0,247.0,False,True,False,False,True,False,181.0,9665.0,116.0,182.0,247.0,False,9846.0,-65.0,0.016833625942373143,1.3571428571428572,9753.07142857143,9564.642857142857,-105.5,9664.035714285714,9457.25,-109.0,123.58860326553298,53.3010318849456,23754.0,31523.0,56131.0,-24608.0,0,3,False,True,True,False,False,False,False,False,Relief
2023-11-15,150.0,157.0,201.0,9762.0,316.0,False,True,False,False,True,False,157.0,9762.0,150.0,201.0,316.0,False,9919.0,-115.0,0.007414178346536682,1.572139303482587,9761.5,9582.92857142857,-104.5,9695.035714285714,9493.82142857143,-112.66666666666667,129.51473249807788,52.33784481615562,23904.0,31724.0,56447.0,-24723.0,0,4,False,True,True,False,False,False,True,False,Relief
2023-11-16,80.0,176.0,125.0,9762.0,374.0,False,False,False,False,True,False,176.0,9762.0,80.0,125.0,374.0,False,9938.0,-249.0,0.00191551567698367,2.992,9780.607142857143,9606.82142857143,-133.4,9715.607142857143,9516.67857142857,-132.11111111111111,143.88609658751494,66.71102690793403,23984.0,31849.0,56821.0,-24972.0,0,5,False,True,True,False,False,False,True,False,Relief
2023-11-17,,180.0,,9699.0,,False,False,False,False,False,True,,,,,,True,9879.0,,-0.005936808210907585,,9799.25,9627.32142857143,-133.4,9735.464285714286,9539.059523809523,-132.11111111111111,146.0199820737498,66.71102690793403,23984.0,31849.0,56821.0,-24972.0,0,0,False,False,True,False,False,False,False,False,Missing Report
2023-11-18,,184.0,,9636.0,,False,False,False,False,False,True,,,,,,True,9820.0,,-0.005972264399230709,,9817.42857142857,9644.42857142857,-133.4,9754.607142857143,9560.964285714286,-132.11111111111111,137.43270081290848,66.71102690793403,23984.0,31849.0,56821.0,-24972.0,0,0,False,False,True,False,False,False,False,False,Missing Report
2023-11-19,116.0,188.0,164.0,9573.0,435.0,False,False,False,False,True,False,188.0,9573.0,116.0,164.0,435.0,False,9761.0,-271.0,-0.006008146639511214,2.652439024390244,9835.142857142857,9658.142857142857,-171.6,9773.035714285714,9582.392857142857,-139.66666666666666,116.85653832556326,78.54457333259877,24100.0,32013.0,57256.0,-25243.0,0,1,False,False,True,False,False,False,True,False,Watch
2023-11-20,105.0,185.0,158.0,9638.0,298.0,False,False,False,False,True,False,185.0,9638.0,105.0,158.0,298.0,False,9823.0,-140.0,0.00635180821637138,1.8860759493670887,9855.142857142857,9676.42857142857,-168.0,9794.75,9607.535714285714,-137.77777777777777,91.51796797089557,78.27959149385255,24205.0,32171.0,57554.0,-25383.0,0,2,False,False,True,False,False,False,True,False,Watch
2023-11-21,136.0,246.0,123.0,9804.0,250.0,False,False,False,False,True,False,246.0,9804.0,136.0,123.0,250.0,False,10050.0,-127.0,0.02310902982795482,2.032520325203252,9884.285714285714,9696.285714285714,-180.4,9818.67857142857,9630.464285714286,-147.11111111111111,110.82155739025306,70.15241343753684,24341.0,32294.0,57804.0,-25510.0,0,3,False,True,True,True,False,False,True,True,Relief
2023-11-22,,237.0,,9821.0,,False,False,False,False,False,True,,,,,,True,10058.0,,0.000796019900497491,,9904.142857142857,9704.714285714286,-196.75,9832.82142857143,9643.82142857143,-150.625,127.82964281574618,74.14452585515467,24341.0,32294.0,57804.0,-25510.0,0,0,False,False,True,True,False,False,False,True,Missing Report
2023-11-23,128.0,228.0,177.0,9838.0,283.0,False,False,False,False,True,False,228.0,9838.0,128.0,177.0,283.0,False,10066.0,-106.0,0.0007953867568104567,1.5988700564971752,9922.42857142857,9715.57142857143,-161.0,9851.517857142857,9661.19642857143,-145.66666666666666,141.71682437319635,70.93306704210659,24469.0,32471.0,58087.0,-25616.0,0,1,False,False,True,True,False,False,True,True,Strained
2023-11-24,,217.33333333333334,,9840.333333333334,,False,False,False,False,False,True,,,,,,True,10057.666666666668,,-0.0008278693953240879,,9947.952380952382,9735.761904761905,-161.0,9873.601190476189,9681.541666666668,-145.66666666666666,148.36150761872915,70.93306704210659,24469.0,32471.0,58087.0,-25616.0,0,0,False,False,True,True,False,False,False,True,Missing Report
2023-11-25,,206.66666666666666,,9842.666666666666,,False,False,False,False,False,True,,,,,,True,10049.333333333332,,-0.0008285553309251847,,9980.714285714286,9765.285714285714,-161.0,9899.07142857143,9704.857142857143,-145.66666666666666,145.50631780982127,70.93306704210659,24469.0,32471.0,58087.0,-25616.0,0,0,False,False,True,True,False,False,False,True,Missing Report
2023-11-26,90.0,196.0,205.0,9845.0,312.0,False,True,False,False,True,False,196.0,9845.0,90.0,205.0,312.0,False,10041.0,-107.0,-0.0008292424041395074,1.5219512195121951,10020.714285714286,9804.142857142857,-120.0,9927.92857142857,9731.142857142857,-148.66666666666666,128.61425653523548,68.33191055429364,24559.0,32676.0,58399.0,-25723.0,0,1,False,False,True,True,False,False,True,True,Strained
2023-11-27,56.0,82.0,68.0,10123.0,214.0,False,False,False,False,True,False,82.0,10123.0,56.0,68.0,214.0,False,10205.0,-146.0,0.016333034558311033,3.1470588235294117,10075.285714285714,9873.42857142857,-121.5,9965.214285714286,9774.92857142857,-147.33333333333334,127.80892570398213,68.24404735945829,24615.0,32744.0,58613.0,-25869.0,0,2,False,False,True,True,False,False,True,True,Strained
2023-11-28,74.0,103.0,80.0,10223.0,223.0,False,False,False,False,True,False,103.0,10223.0,74.0,80.0,223.0,False,10326.0,-143.0,0.01185693287604117,2.7875,10114.714285714286,9933.285714285714,-125.5,9999.5,9814.785714285714,-156.0,154.8830134754374,61.05530280000245,24689.0,32824.0,58836.0,-26012.0,0,3,False,True,True,True,False,False,True,True,Relief
2023-11-29,68.0,107.0,102.0,10398.0,284.0,False,False,False,False,True,False,107.0,10398.0,68.0,102.0,284.0,False,10505.0,-182.0,0.0173348828200659,2.784313725490196,10178.57142857143,10015.714285714286,-136.8,10041.357142857143,9860.214285714286,-163.44444444444446,203.12471282966501,59.49603161369475,24757.0,32926.0,59120.0,-26194.0,0,4,False,True,True,True,False,False,True,True,Relief
2023-11-30,92.0,124.0,93.0,10536.0,320.0,False,False,False,False,True,False,124.0,10536.0,92.0,93.0,320.0,False,10660.0,-227.0,0.0147548786292242,3.4408602150537635,10263.42857142857,10115.42857142857,-161.0,10092.92857142857,9915.5,-161.0,258.86990358887294,55.88380803059136,24849.0,33019.0,59440.0,-26421.0,0,5,False,True,True,True,True,False,True,True,Relief
2023-12-01,,161.0,,10550.333333333334,,False,False,False,False,False,True,,,,,,True,10711.333333333334,,0.004815509693558484,,10356.809523809523,10216.857142857143,-161.0,10152.380952380952,9976.309523809525,-161.0,298.5029272184507,55.88380803059136,24849.0,33019.0,59440.0,-26421.0,0,0,False,False,True,True,True,False,False,True,Missing Report
2023-12-02,,198.0,,10564.666666666666,,False,False,False,False,False,True,,,,,,True,10762.666666666666,,0.00479243169228849,,10458.714285714286,10320.0,-161.0,10219.714285714286,10042.642857142857,-161.0,323.06829891388713,55.88380803059136,24849.0,33019.0,59440.0,-26421.0,0,0,False,False,True,True,True,False,False,True,Missing Report
2023-12-03,132.0,235.0,197.0,10579.0,417.0,False,False,False,False,True,False,235.0,10579.0,132.0,197.0,417.0,False,10814.0,-220.0,0.0047695738354807116,2.116751269035533,10569.142857142857,10424.857142857143,-183.6,10294.92857142857,10114.5,-155.33333333333334,330.54811198151225,44.827446949385674,24981.0,33216.0,59857.0,-26641.0,0,1,False,False,True,True,True,False,True,True,Strained
2023-12-04,174.0,208.0,256.0,10635.0,273.0,False,True,False,False,True,False,208.0,10635.0,174.0,256.0,273.0,False,10843.0,-17.0,0.002681708895875712,1.06640625,10660.285714285714,10498.0,-157.8,10367.785714285714,10185.714285714286,-141.66666666666666,330.93784391082494,64.51356446515715,25155.0,33472.0,60130.0,-26658.0,0,2,False,False,True,True,True,False,False,True,Strained
2023-12-05,123.0,230.0,167.0,10761.0,261.0,False,False,False,False,True,False,230.0,10761.0,123.0,167.0,261.0,False,10991.0,-94.0,0.01364935903347786,1.562874251497006,10755.285714285714,10574.857142857143,-148.0,10435.0,10254.07142857143,-138.0,356.03778729637105,66.36264009214814,25278.0,33639.0,60391.0,-26752.0,0,3,False,True,True,True,True,False,False,True,Relief
2023-12-06,123.0,233.0,159.0,10832.0,376.0,False,False,False,False,True,False,233.0,10832.0,123.0,159.0,376.0,False,11065.0,-217.0,0.006732781366572738,2.3647798742138364,10835.285714285714,10636.857142857143,-155.0,10506.92857142857,10326.285714285714,-145.9,375.21857284983696,67.3703693523099,25401.0,33798.0,60767.0,-26969.0,0,4,False,True,True,True,True,False,True,True,Relief
2023-12-07,141.0,232.0,188.0,10897.0,466.0,False,False,False,False,True,False,232.0,10897.0,141.0,188.0,466.0,False,11129.0,-278.0,0.005784003615002309,2.478723404255319,10902.285714285714,10688.42857142857,-165.2,10582.857142857143,10401.92857142857,-163.1,386.5129604816127,77.27936335141477,25542.0,33986.0,61233.0,-27247.0,0,5,False,True,True,True,True,False,True,True,Relief
2023-12-08,,230.0,,10888.333333333334,,False,False,False,False,False,True,,,,,,True,11118.333333333334,,-0.0009584568844159813,,10960.42857142857,10736.714285714286,-165.2,10658.61904761905,10476.785714285714,-163.1,379.53930366705947,77.27936335141477,25542.0,33986.0,61233.0,-27247.0,0,0,False,False,True,True,True,False,False,True,Missing Report
2023-12-09,,228.0,,10879.666666666666,,False,False,False,False,False,True,,,,,,True,11107.666666666666,,-0.0009593764053366094,,11009.714285714286,10781.714285714286,-165.2,10734.214285714286,10550.857142857143,-163.1,353.3423706425897,77.27936335141477,25542.0,33986.0,61233.0,-27247.0,0,0,False,False,True,True,True,False,False,True,Missing Report
2023-12-10,158.0,226.0,191.0,10871.0,411.0,False,False,False,False,True,False,226.0,10871.0,158.0,191.0,411.0,False,11097.0,-220.0,-0.0009602976922845619,2.1518324607329844,11050.142857142857,10823.42857142857,-165.2,10809.642857142857,10624.142857142857,-174.4,303.12166365873367,76.421637424663,25700.0,34177.0,61644.0,-27467.0,0,1,False,False,True,True,True,False,True,True,Strained
2023-12-11,96.0,160.0,233.0,10998.0,304.0,False,True,False,False,True,False,160.0,10998.0,96.0,233.0,304.0,False,11158.0,-71.0,0.005496981166080994,1.3047210300429184,11095.142857142857,10875.285714285714,-176.0,10877.714285714286,10686.642857142857,-166.9,260.96909654759105,82.92225274315687,25796.0,34410.0,61948.0,-27538.0,0,2,False,False,True,True,True,False,False,True,Strained
2023-12-12,141.0,173.0,129.0,11077.0,259.0,False,False,False,False,True,False,173.0,11077.0,141.0,129.0,259.0,False,11250.0,-130.0,0.008245205233912811,2.007751937984496,11132.142857142857,10920.42857142857,-183.2,10943.714285714286,10747.642857142857,-165.6,225.07901203923743,83.43886650982522,25937.0,34539.0,62207.0,-27668.0,0,3,False,True,True,True,True,False,True,True,Relief
2023-12-13,116.0,181.0,182.0,11192.0,335.0,False,True,False,False,True,False,181.0,11192.0,116.0,182.0,335.0,False,11373.0,-153.0,0.01093333333333324,1.8406593406593406,11176.142857142857,10971.857142857143,-170.4,11005.714285714286,10804.357142857143,-162.7,214.22261993386527,83.30939656218585,26053.0,34721.0,62542.0,-27821.0,0,4,False,True,True,True,False,False,True,True,Relief
2023-12-14,150.0,157.0,201.0,11242.0,396.0,False,True,False,False,True,False,157.0,11242.0,150.0,201.0,396.0,False,11399.0,-195.0,0.002286116240218128,1.9701492537313432,11214.714285714286,11021.142857142857,-153.8,11058.5,10854.785714285714,-159.5,213.5296672676142,81.15177823751677,26203.0,34922.0,62938.0,-28016.0,0,5,False,True,True,True,False,False,True,True,Relief
2023-12-15,,163.33333333333334,,11192.0,,False,False,False,False,False,True,,,,,,True,11355.333333333334,,-0.0038307453870222163,,11248.57142857143,11064.523809523811,-153.8,11104.5,10900.619047619048,-159.5,202.04631566849645,81.15177823751677,26203.0,34922.0,62938.0,-28016.0,0,0,False,False,True,True,False,False,False,True,Missing Report
2023-12-16,,169.66666666666666,,11142.0,,False,False,False,False,False,True,,,,,,True,11311.666666666666,,-0.003845476428110284,,11277.714285714286,11102.0,-153.8,11143.714285714286,10941.857142857143,-159.5,182.97428043740982,81.15177823751677,26203.0,34922.0,62938.0,-28016.0,0,0,False,False,True,True,False,False,False,True,Missing Report
2023-12-17,80.0,176.0,125.0,11092.0,456.0,False,False,False,False,True,False,176.0,11092.0,80.0,125.0,456.0,False,11268.0,-331.0,-0.003860321202298511,3.648,11302.142857142857,11133.57142857143,-176.0,11176.142857142857,10978.5,-170.6,158.65964831955554,96.4885715742773,26283.0,35047.0,63394.0,-28347.0,0,1,False,False,True,True,False,False,True,True,Strained
2023-12-18,116.0,188.0,164.0,11149.0,364.0,False,False,False,False,True,False,188.0,11149.0,116.0,164.0,364.0,False,11337.0,-200.0,0.006123535676251235,2.2195121951219514,11327.714285714286,11155.142857142857,-201.8,11211.42857142857,11015.214285714286,-188.9,131.4730760238429,80.07836439666104,26399.0,35211.0,63758.0,-28547.0,0,2,False,False,True,True,False,False,True,True,Strained
2023-12-19,105.0,185.0,158.0,11291.0,272.0,False,False,False,False,True,False,185.0,11291.0,105.0,158.0,272.0,False,11476.0,-114.0,0.012260739172620605,1.7215189873417722,11360.0,11185.714285714286,-198.6,11246.07142857143,11053.07142857143,-190.9,132.81412875178134,77.65801096259582,26504.0,35369.0,64030.0,-28661.0,0,3,False,True,True,True,False,False,True,True,Relief
2023-12-20,136.0,246.0,123.0,11516.0,390.0,False,False,False,False,True,False,246.0,11516.0,136.0,123.0,390.0,False,11762.0,-267.0,0.02492157546183349,3.1707317073170733,11415.57142857143,11232.0,-221.4,11295.857142857143,11101.92857142857,-195.9,181.44918594970264,81.06026564641058,26640.0,35492.0,64420.0,-28928.0,0,4,False,True,True,True,False,False,True,True,Relief
2023-12-21,128.0,228.0,177.0,11375.0,497.0,False,False,False,False,True,False,228.0,11375.0,128.0,177.0,497.0,False,11603.0,-320.0,-0.013518109165107983,2.8079096045197742,11444.714285714286,11251.0,-246.4,11329.714285714286,11136.07142857143,-200.1,191.84461559387,86.68006306719741,26768.0,35669.0,64917.0,-29248.0,0,5,False,True,True,True,False,False,True,True,Relief
2023-12-22,,220.0,,11317.25,,False,False,False,False,False,True,,,,,,True,11537.25,,-0.005666637938464225,,11470.702380952382,11268.892857142857,-246.4,11359.636904761905,11166.708333333332,-200.1,188.9873249241702,86.68006306719741,26768.0,35669.0,64917.0,-29248.0,0,0,False,False,True,True,False,False,False,True,Missing Report
2023-12-23,,212.0,,11259.5,,False,False,False,False,False,True,,,,,,True,11471.5,,-0.005698931721164091,,11493.535714285714,11285.67857142857,-246.4,11385.625,11193.839285714286,-200.1,176.26023868546451,86.68006306719741,26768.0,35669.0,64917.0,-29248.0,0,0,False,False,True,True,False,False,False,True,Missing Report
2023-12-24,,204.0,,11201.75,,False,False,False,False,False,True,,,,,,True,11405.75,,-0.005731595693675651,,11513.214285714286,11301.357142857143,-225.25,11407.67857142857,11217.464285714286,-197.88888888888889,155.45746820281303,91.63848051507127,26768.0,35669.0,64917.0,-29248.0,0,0,False,False,True,True,False,False,False,True,Missing Report
2023-12-25,90.0,196.0,205.0,11144.0,347.0,False,True,False,False,True,False,196.0,11144.0,90.0,205.0,347.0,False,11340.0,-142.0,-0.0057646362580277,1.6926829268292682,11513.642857142857,11300.642857142857,-210.75,11420.67857142857,11227.892857142857,-205.77777777777777,139.79279101594906,81.88677820286024,26858.0,35874.0,65264.0,-29390.0,0,1,False,False,True,True,False,False,True,True,Strained
2023-12-26,56.0,82.0,68.0,11217.0,288.0,False,False,False,False,True,False,82.0,11217.0,56.0,68.0,288.0,False,11299.0,-220.0,-0.0036155202821869237,4.235294117647059,11488.357142857143,11290.07142857143,-237.25,11424.17857142857,11237.892857142857,-215.77777777777777,135.74560977753575,76.81435051111497,26914.0,35942.0,65552.0,-29610.0,0,2,False,False,True,True,False,False,True,True,Strained
2023-12-27,74.0,103.0,80.0,11206.0,335.0,False,False,False,False,True,False,103.0,11206.0,74.0,80.0,335.0,False,11309.0,-255.0,0.0008850340738117968,4.1875,11423.642857142857,11245.785714285714,-234.25,11419.607142857143,11238.892857142857,-227.11111111111111,138.64831080961085,73.86210876431227,26988.0,36022.0,65887.0,-29865.0,0,3,False,True,True,True,False,False,True,True,Relief
2023-12-28,68.0,107.0,102.0,11230.0,357.0,False,False,False,False,True,False,107.0,11230.0,68.0,102.0,357.0,False,11337.0,-255.0,0.002475904147139385,3.5,11385.642857142857,11225.07142857143,-218.0,11415.17857142857,11238.035714285714,-233.77777777777777,140.33704414191658,73.30719231047134,27056.0,36124.0,66244.0,-30120.0,0,4,False,True,True,True,False,False,True,True,Relief
2023-12-29,,111.25,,11140.0,,False,False,False,False,False,True,,,,,,True,11251.25,,-0.007563729381670603,,11344.785714285714,11199.75,-218.0,11407.744047619048,11234.32142857143,-233.77777777777777,146.378232789228,73.30719231047134,27056.0,36124.0,66244.0,-30120.0,0,0,False,False,True,True,False,False,False,True,Missing Report
2023-12-30,,115.5,,11050.0,,False,False,False,False,False,True,,,,,,True,11165.5,,-0.007621375402732999,,11301.07142857143,11169.82142857143,-218.0,11397.30357142857,11227.75,-233.77777777777777,158.47127799007035,73.30719231047134,27056.0,36124.0,66244.0,-30120.0,0,0,False,False,True,True,False,False,False,True,Missing Report
2023-12-31,,119.75,,10960.0,,False,False,False,False,False,True,,,,,,True,11079.75,,-0.007679906855940222,,11254.5,11135.285714285714,-218.0,11383.857142857143,11218.32142857143,-221.625,177.1701625091544,67.98936366394786,27056.0,36124.0,66244.0,-30120.0,0,0,False,False,True,True,False,False,False,True,Missing Report
2024-01-01,92.0,124.0,93.0,10870.0,290.0,False,False,False,False,True,False,124.0,10870.0,92.0,93.0,290.0,False,10994.0,-197.0,-0.0077393442992846895,3.118279569892473,11205.07142857143,11096.142857142857,-231.75,11359.357142857143,11198.392857142857,-221.25,205.58546122752716,68.13379694185748,27148.0,36217.0,66534.0,-30317.0,0,1,False,False,True,True,False,False,True,True,Strained
2024-01-02,113.0,162.0,107.0,10770.0,316.0,False,False,False,False,True,False,162.0,10770.0,113.0,107.0,316.0,False,10932.0,-209.0,-0.005639439694378745,2.953271028037383,11152.642857142857,11032.285714285714,-229.0,11320.5,11161.17857142857,-233.125,231.60647161146028,53.47212224274288,27261.0,36324.0,66850.0,-30526.0,0,2,False,False,True,True,True,False,True,True,Strained
2024-01-03,106.0,196.0,131.0,10718.0,263.0,False,False,False,False,True,False,196.0,10718.0,106.0,131.0,263.0,False,10914.0,-132.0,-0.0016465422612513825,2.0076335877862594,11096.214285714286,10962.57142857143,-198.25,11259.92857142857,11104.17857142857,-216.25,217.73231246214047,61.893341437392884,27367.0,36455.0,67113.0,-30658.0,0,3,False,True,True,True,False,False,True,True,Relief
2024-01-04,86.0,152.0,168.0,10558.0,362.0,False,True,False,False,True,False,152.0,10558.0,86.0,168.0,362.0,False,10710.0,-194.0,-0.01869158878504673,2.1547619047619047,11006.642857142857,10866.57142857143,-183.0,11196.142857142857,11045.82142857143,-200.5,239.23893178894673,45.61014924647468,27453.0,36623.0,67475.0,-30852.0,0,4,False,True,True,True,True,False,True,True,Relief
2024-01-05,,140.66666666666666,,10262.0,,False,False,False,False,False,True,,,,,,True,10402.666666666666,,-0.02869592281356992,,10885.416666666668,10741.142857142857,-183.0,11115.101190476189,10970.44642857143,-200.5,299.40457859977016,45.61014924647468,27453.0,36623.0,67475.0,-30852.0,0,0,False,False,True,True,True,False,False,True,Missing Report
2024-01-06,,129.33333333333334,,9966.0,,False,False,False,False,False,True,,,,,,True,10095.333333333334,,-0.02954370674186091,,10732.535714285714,10586.285714285714,-183.0,11016.80357142857,10878.05357142857,-200.5,386.60184111645844,45.61014924647468,27453.0,36623.0,67475.0,-30852.0,0,0,False,False,True,True,True,False,False,True,Missing Report
2024-01-07,84.0,118.0,136.0,9670.0,367.0,False,True,False,False,True,False,118.0,9670.0,84.0,136.0,367.0,False,9788.0,-231.0,-0.03044310902727343,2.698529411764706,10548.0,10402.0,-192.6,10901.25,10768.642857142857,-203.88888888888889,489.4844139019995,43.858991223135696,27537.0,36759.0,67842.0,-31083.0,0,1,False,False,True,False,True,False,True,False,Watch
2024-01-08,59.0,64.0,117.0,9670.0,367.0,False,True,False,False,True,False,64.0,9670.0,59.0,117.0,367.0,False,9734.0,-250.0,-0.0055169595422966955,3.1367521367521367,10368.0,10230.57142857143,-203.2,10786.535714285714,10663.357142857143,-215.88888888888889,561.6236589657914,39.35239651039176,27596.0,36876.0,68209.0,-31333.0,0,2,False,False,True,False,True,False,True,False,Watch
2024-01-09,62.0,97.0,52.0,9311.0,286.0,False,False,False,False,True,False,97.0,9311.0,62.0,52.0,286.0,False,9408.0,-234.0,-0.033490856790630796,5.5,10150.285714285714,10022.142857142857,-208.2,10651.464285714286,10527.214285714286,-217.44444444444446,649.4255299304949,39.80926748607365,27658.0,36928.0,68495.0,-31567.0,0,3,False,True,True,False,True,False,True,False,Relief
2024-01-10,91.0,75.0,97.0,9144.0,349.0,False,True,False,False,True,False,75.0,9144.0,91.0,97.0,349.0,False,9219.0,-252.0,-0.0200892857142857,3.597938144329897,9908.142857142857,9797.285714285714,-232.2,10502.17857142857,10379.92857142857,-217.11111111111111,722.7292991187093,39.46658220711662,27749.0,37025.0,68844.0,-31819.0,0,4,False,True,True,False,True,False,True,False,Relief
2024-01-11,29.0,51.0,11.0,8829.0,476.0,False,False,False,False,True,False,51.0,8829.0,29.0,11.0,476.0,False,8880.0,-465.0,-0.036771884152294154,43.27272727272727,9646.714285714286,9550.285714285714,-286.4,10326.67857142857,10208.42857142857,-240.44444444444446,798.7356507660189,91.90635330475125,27778.0,37036.0,69320.0,-32284.0,0,5,False,True,True,False,True,False,True,False,Relief
2024-01-12,,51.5,,8630.0,,False,False,False,False,False,True,,,,,,True,8681.5,,-0.02235360360360361,,9400.833333333334,9317.142857142857,-286.4,10143.125,10029.142857142857,-240.44444444444446,862.6353063383293,91.90635330475125,27778.0,37036.0,69320.0,-32284.0,0,0,False,False,True,False,True,False,False,False,Missing Report
2024-01-13,,52.0,,8431.0,,False,False,False,False,False,True,,,,,,True,8483.0,,-0.02286471231929965,,9170.5,9097.857142857143,-286.4,9951.517857142857,9842.07142857143,-240.44444444444446,914.4394645785908,91.90635330475125,27778.0,37036.0,69320.0,-32284.0,0,0,False,False,True,False,True,False,False,False,Missing Report
2024-01-14,,52.5,,8232.0,,False,False,False,False,False,True,,,,,,True,8284.5,,-0.02339974065778616,,8955.714285714286,8892.42857142857,-300.25,9751.857142857143,9647.214285714286,-240.44444444444446,953.4767595559888,91.90635330475125,27778.0,37036.0,69320.0,-32284.0,0,0,False,False,True,False,True,False,False,False,Missing Report
2024-01-15,33.0,53.0,34.0,8033.0,234.0,False,False,False,False,True,False,53.0,8033.0,33.0,34.0,234.0,False,8086.0,-200.0,-0.023960407990826216,6.882352941176471,8720.285714285714,8658.57142857143,-287.75,9544.142857142857,9444.57142857143,-240.77777777777777,978.4863154254743,91.73436893795274,27811.0,37070.0,69554.0,-32484.0,0,1,False,False,False,False,True,False,True,False,Watch
2024-01-16,32.0,49.0,39.0,8133.0,188.0,False,False,False,False,True,False,49.0,8133.0,32.0,39.0,188.0,False,8182.0,-149.0,0.01187237200098945,4.82051282051282,8545.142857142857,8490.285714285714,-266.5,9347.714285714286,9256.214285714286,-234.11111111111111,954.1717409529356,96.39430020032873,27843.0,37109.0,69742.0,-32633.0,0,2,False,False,False,False,True,False,True,False,Watch
2024-01-17,80.0,176.0,125.0,8072.0,353.0,False,False,False,False,True,False,176.0,8072.0,80.0,125.0,353.0,False,8248.0,-228.0,0.008066487411390932,2.824,8406.42857142857,8337.142857142857,-260.5,9157.285714285714,9067.214285714286,-244.77777777777777,880.7429663480775,88.68593149110195,27923.0,37234.0,70095.0,-32861.0,0,3,False,True,True,False,True,False,True,False,Relief
2024-01-18,116.0,188.0,164.0,8042.0,359.0,False,False,False,False,True,False,188.0,8042.0,116.0,164.0,359.0,False,8230.0,-195.0,-0.002182347235693549,2.1890243902439024,8313.57142857143,8224.714285714286,-193.0,8980.142857142857,8887.5,-244.88888888888889,789.0514803900127,88.61495986068658,28039.0,37398.0,70454.0,-33056.0,0,4,False,True,False,False,True,False,True,False,Relief
2024-01-19,,187.0,,8019.333333333333,,False,False,False,False,False,True,,,,,,True,8206.333333333332,,-0.0028756581611990573,,8245.690476190475,8137.476190476191,-193.0,8823.261904761905,8727.309523809523,-244.88888888888889,697.4940544864039,88.61495986068658,28039.0,37398.0,70454.0,-33056.0,0,0,False,False,False,False,True,False,False,False,Missing Report
2024-01-20,,186.0,,7996.666666666667,,False,False,False,False,False,True,,,,,,True,8182.666666666667,,-0.0028839514196350446,,8202.785714285714,8075.428571428572,-193.0,8686.642857142857,8586.642857142857,-244.88888888888889,611.1378586664417,88.61495986068658,28039.0,37398.0,70454.0,-33056.0,0,0,False,False,False,False,True,False,False,False,Missing Report
2024-01-21,105.0,185.0,158.0,7974.0,371.0,False,False,False,False,True,False,185.0,7974.0,105.0,158.0,371.0,False,8159.0,-213.0,-0.0028922926511325553,2.348101265822785,8184.857142857143,8038.571428571428,-197.0,8570.285714285714,8465.5,-242.88888888888889,535.740817983511,89.16900308465434,28144.0,37556.0,70825.0,-33269.0,0,1,False,False,False,False,True,False,True,False,Watch
2024-01-22,136.0,246.0,123.0,8008.0,222.0,False,False,False,False,True,False,246.0,8008.0,136.0,123.0,222.0,False,8254.0,-99.0,0.01164358377252106,1.8048780487804879,8208.857142857143,8035.0,-176.8,8464.57142857143,8346.785714285714,-226.11111111111111,422.5003854459657,101.07477979749001,28280.0,37679.0,71047.0,-33368.0,0,2,False,False,True,False,True,False,True,False,Watch
2024-01-23,128.0,228.0,177.0,8133.0,202.0,False,False,False,False,True,False,228.0,8133.0,128.0,177.0,202.0,False,8361.0,-25.0,0.01296341167918591,1.1412429378531073,8234.42857142857,8035.0,-152.0,8389.785714285714,8262.642857142857,-202.88888888888889,323.7941431381342,121.0675890199813,28408.0,37856.0,71249.0,-33393.0,0,3,False,True,True,False,True,False,False,False,Relief
2024-01-24,90.0,196.0,205.0,8212.0,243.0,False,True,False,False,True,False,196.0,8212.0,90.0,205.0,243.0,False,8408.0,-38.0,0.005621337160626627,1.1853658536585365,8257.285714285714,8055.0,-114.0,8331.857142857143,8196.07142857143,-179.11111111111111,219.91427872627898,130.83715493357036,28498.0,38061.0,71492.0,-33431.0,0,4,False,True,True,False,True,False,False,False,Relief
2024-01-25,102.0,189.0,155.0,8180.0,293.0,False,False,False,False,True,False,189.0,8180.0,102.0,155.0,293.0,False,8369.0,-138.0,-0.004638439581351128,1.8903225806451613,8277.142857142857,8074.714285714285,-102.6,8295.357142857143,8149.714285714285,-142.77777777777777,154.66521408913096,75.0196270614859,28600.0,38216.0,71785.0,-33569.0,0,5,False,True,True,False,False,False,True,False,Relief
2024-01-26,,211.66666666666666,,8121.333333333333,,False,False,False,False,False,True,,,,,,True,8333.0,,-0.004301589198231537,,8295.238095238095,8089.285714285715,-102.6,8270.464285714286,8113.380952380952,-142.77777777777777,109.05636781648181,75.0196270614859,28600.0,38216.0,71785.0,-33569.0,0,0,False,False,True,False,False,False,False,False,Missing Report
2024-01-27,,234.33333333333334,,8062.666666666667,,False,False,False,False,False,True,,,,,,True,8297.0,,-0.004320172806912326,,8311.57142857143,8098.714285714285,-102.6,8257.17857142857,8087.071428571428,-142.77777777777777,91.00902707794964,75.0196270614859,28600.0,38216.0,71785.0,-33569.0,0,0,False,False,True,False,False,False,False,False,Missing Report
2024-01-28,120.0,257.0,126.0,8004.0,307.0,False,False,False,False,True,False,257.0,8004.0,120.0,126.0,307.0,False,8261.0,-181.0,-0.004338917681089516,2.4365079365079363,8326.142857142857,8103.0,-96.2,8255.5,8070.785714285715,-146.6,90.6824788242959,71.75451979569718,28720.0,38342.0,72092.0,-33750.0,0,1,False,False,True,False,False,False,True,False,Watch
2024-01-29,137.0,272.0,166.0,8057.0,195.0,False,False,False,False,True,False,272.0,8057.0,137.0,166.0,195.0,False,8329.0,-29.0,0.008231448977121358,1.1746987951807228,8336.857142857143,8110.0,-82.2,8272.857142857143,8072.5,-129.5,78.13069417529077,77.74066574908589,28857.0,38508.0,72287.0,-33779.0,0,2,False,False,True,False,False,False,False,False,Watch
2024-01-30,93.0,198.0,208.0,8182.0,187.0,False,True,False,False,True,False,198.0,8182.0,93.0,208.0,187.0,False,8380.0,21.0,0.006123184055708997,0.8990384615384616,8339.57142857143,8117.0,-73.0,8287.0,8076.0,-112.5,78.33927964278598,90.53697832623105,28950.0,38716.0,72474.0,-33758.0,1,0,False,False,True,False,False,True,False,False,Watch
2024-01-31,203.0,477.0,258.0,8153.0,266.0,False,False,False,False,True,False,477.0,8153.0,203.0,258.0,266.0,False,8630.0,-8.0,0.029832935560859086,1.0310077519379846,8371.285714285714,8108.571428571428,-67.0,8314.285714285714,8081.785714285715,-90.5,119.44951063982793,85.96672482872523,29153.0,38974.0,72740.0,-33766.0,0,1,False,False,True,False,False,False,False,False,Watch
2024-02-01,222.0,459.0,289.0,8026.0,337.0,False,False,False,False,True,False,459.0,8026.0,222.0,289.0,337.0,False,8485.0,-48.0,-0.016801853997682525,1.166089965397924,8387.857142857143,8086.571428571428,-49.0,8332.5,8080.642857142857,-75.8,124.92491762112317,78.3422689938905,29375.0,39263.0,73077.0,-33814.0,0,2,False,False,True,False,False,False,False,False,Watch
2024-02-02,,483.0,,7955.0,,False,False,False,False,False,True,,,,,,True,8438.0,,-0.005539186800235685,,8402.857142857143,8062.809523809524,-49.0,8349.04761904762,8076.047619047619,-75.8,122.2417988536133,78.3422689938905,29375.0,39263.0,73077.0,-33814.0,0,0,False,False,True,False,False,False,False,False,Missing Report
2024-02-03,,507.0,,7884.0,,False,False,False,False,False,True,,,,,,True,8391.0,,-0.005570040293908507,,8416.285714285714,8037.285714285715,-49.0,8363.92857142857,8068.0,-75.8,112.74099949416505,78.3422689938905,29375.0,39263.0,73077.0,-33814.0,0,0,False,False,True,False,False,False,False,False,Missing Report
2024-02-04,253.0,531.0,248.0,7813.0,342.0,False,False,False,False,True,False,531.0,7813.0,253.0,248.0,342.0,False,8344.0,-94.0,-0.005601239423191462,1.3790322580645162,8428.142857142857,8010.0,-31.6,8377.142857142857,8056.5,-63.9,96.55357790628067,62.653278711758716,29628.0,39511.0,73419.0,-33908.0,0,1,False,False,True,False,False,False,False,False,Watch
2024-02-05,157.0,466.0,345.0,7872.0,242.0,False,False,False,False,True,False,466.0,7872.0,157.0,345.0,242.0,False,8338.0,103.0,-0.0007190795781399917,0.7014492753623188,8429.42857142857,7983.571428571428,-5.2,8383.142857142857,8046.785714285715,-43.7,90.74805116981747,80.18873570105292,29785.0,39856.0,73661.0,-33805.0,1,0,False,False,True,False,False,True,False,False,Watch
2024-02-06,291.0,455.0,323.0,8045.0,178.0,False,False,False,False,True,False,455.0,8045.0,291.0,323.0,178.0,False,8500.0,145.0,0.019429119692971897,0.5510835913312694,8446.57142857143,7964.0,19.6,8393.07142857143,8040.5,-26.7,95.612571015401,100.13330004437965,30076.0,40179.0,73839.0,-33660.0,2,0,False,False,True,False,False,True,False,False,Watch
2024-02-07,227.0,453.0,330.0,8160.0,222.0,False,False,False,False,True,False,453.0,8160.0,227.0,330.0,222.0,False,8613.0,108.0,0.0132941176470589,0.6727272727272727,8444.142857142857,7965.0,42.8,8407.714285714286,8036.785714285715,-12.1,112.31372857440665,108.58938970063116,30303.0,40509.0,74061.0,-33552.0,3,0,True,False,True,False,False,True,False,True,Strained
2024-02-08,298.0,499.0,358.0,8188.0,315.0,False,False,False,False,True,False,499.0,8188.0,298.0,358.0,315.0,False,8687.0,43.0,0.008591663764077495,0.8798882681564246,8473.0,7988.142857142857,61.0,8430.42857142857,8037.357142857143,6.0,133.95332957939917,100.01888710527508,30601.0,40867.0,74376.0,-33509.0,4,0,True,False,True,False,False,True,False,True,Strained
2024-02-09,,504.3333333333333,,8144.0,,False,False,False,False,False,True,,,,,,True,8648.333333333334,,-0.004451095506695757,,8503.04761904762,8015.142857142857,61.0,8452.95238095238,8038.976190476191,6.0,142.54637015154424,100.01888710527508,30601.0,40867.0,74376.0,-33509.0,0,0,False,False,True,False,False,False,False,False,Missing Report
2024-02-10,,509.6666666666667,,8100.0,,False,False,False,False,False,True,,,,,,True,8609.666666666666,,-0.004470996338408306,,8534.285714285714,8046.0,61.0,8475.285714285714,8041.642857142857,6.0,140.71477225423533,100.01888710527508,30601.0,40867.0,74376.0,-33509.0,0,0,False,False,True,False,False,False,False,False,Missing Report
2024-02-11,205.0,515.0,226.0,8056.0,347.0,False,False,False,False,True,False,515.0,8056.0,205.0,226.0,347.0,False,8571.0,-121.0,-0.004491075922412713,1.5353982300884956,8566.714285714286,8080.714285714285,55.6,8497.42857142857,8045.357142857143,12.0,128.23865495655988,88.71552538560785,30806.0,41093.0,74723.0,-33630.0,0,1,False,False,True,False,False,False,True,False,Watch
2024-02-12,213.0,430.0,440.0,8092.0,234.0,False,True,False,False,True,False,430.0,8092.0,213.0,440.0,234.0,False,8522.0,206.0,-0.005716952514292384,0.5318181818181819,8593.0,8112.142857142857,76.2,8511.214285714286,8047.857142857143,35.5,118.7634729838178,106.07465924212681,31019.0,41533.0,74957.0,-33424.0,1,0,False,False,True,False,False,True,False,False,Watch
2024-02-13,227.0,369.0,349.0,8348.0,160.0,False,False,False,False,True,False,369.0,8348.0,227.0,349.0,160.0,False,8717.0,189.0,0.022881952593287957,0.4584527220630373,8624.0,8155.428571428572,85.0,8535.285714285714,8059.714285714285,52.3,124.15263952004528,116.33099329069611,31246.0,41882.0,75117.0,-33235.0,2,0,False,False,True,False,False,True,False,False,Watch
2024-02-14,185.0,322.0,272.0,8512.0,230.0,False,False,False,False,True,False,322.0,8512.0,185.0,272.0,230.0,False,8834.0,42.0,0.013422048870024073,0.8455882352941176,8655.57142857143,8205.714285714286,71.8,8549.857142857143,8085.357142857143,57.3,146.14725709686678,114.51157146769049,31431.0,42154.0,75347.0,-33193.0,3,0,True,False,True,False,False,True,False,True,Strained
2024-02-15,333.0,508.0,272.0,8463.0,312.0,False,False,False,False,True,False,508.0,8463.0,333.0,272.0,312.0,False,8971.0,-40.0,0.015508263527280963,1.1470588235294117,8696.142857142857,8245.0,55.2,8584.57142857143,8116.571428571428,58.1,182.70425537672367,113.71939148623679,31764.0,42426.0,75659.0,-33233.0,0,1,False,False,True,False,False,False,False,False,Watch
2024-02-16,,486.0,,8442.25,,False,False,False,False,False,True,,,,,,True,8928.25,,-0.004765355032883778,,8736.130952380952,8287.607142857143,55.2,8619.589285714286,8151.375,58.1,198.72966880962124,113.71939148623679,31764.0,42426.0,75659.0,-33233.0,0,0,False,False,True,False,False,False,False,False,Missing Report
2024-02-17,,464.0,,8421.5,,False,False,False,False,False,True,,,,,,True,8885.5,,-0.004788172374205479,,8775.535714285714,8333.535714285714,55.2,8654.910714285714,8189.767857142857,58.1,198.92098478606968,113.71939148623679,31764.0,42426.0,75659.0,-33233.0,0,0,False,False,True,False,False,False,False,False,Missing Report
2024-02-18,,442.0,,8400.75,,False,False,False,False,False,True,,,,,,True,8842.75,,-0.0048112092735355105,,8814.357142857143,8382.785714285714,99.25,8690.535714285714,8231.75,75.0,182.97843771611488,106.46830514289208,31764.0,42426.0,75659.0,-33233.0,0,0,False,False,True,False,False,False,False,False,Missing Report
2024-02-19,249.0,420.0,371.0,8380.0,218.0,False,False,False,False,True,False,420.0,8380.0,249.0,371.0,218.0,False,8800.0,153.0,-0.004834468915212997,0.5876010781671159,8854.07142857143,8423.92857142857,86.0,8723.535714285714,8268.035714285714,80.55555555555556,153.85043003799947,109.37676982695072,32013.0,42797.0,75877.0,-33080.0,1,0,False,False,True,False,False,True,False,False,Watch
2024-02-20,149.0,395.0,273.0,8488.0,192.0,False,False,False,False,True,False,395.0,8488.0,149.0,273.0,192.0,False,8883.0,81.0,0.009431818181818263,0.7032967032967034,8877.785714285714,8443.92857142857,59.0,8750.892857142857,8299.67857142857,73.44444444444444,144.8320698231296,106.71118862508166,32162.0,43070.0,76069.0,-32999.0,2,0,False,False,True,False,False,True,False,False,Watch
2024-02-21,232.0,430.0,318.0,8573.0,231.0,False,False,False,False,True,False,430.0,8573.0,232.0,318.0,231.0,False,9003.0,87.0,0.013508949679162496,0.7264150943396226,8901.92857142857,8452.642857142857,70.25,8778.75,8329.17857142857,71.11111111111111,153.5156107207572,106.08893020061561,32394.0,43388.0,76300.0,-32912.0,3,0,True,False,True,False,False,True,False,True,Strained
2024-02-22,165.0,400.0,292.0,8607.0,293.0,False,False,False,False,True,False,400.0,8607.0,165.0,292.0,293.0,False,9007.0,-1.0,0.0004442963456625648,1.0034246575342465,8907.07142857143,8473.214285714286,80.0,8801.607142857143,8359.107142857143,66.22222222222223,162.3711962520767,108.53199733002441,32559.0,43680.0,76593.0,-32913.0,0,1,False,False,True,False,False,False,False,False,Watch
2024-02-23,,427.3333333333333,,8539.333333333334,,False,False,False,False,False,True,,,,,,True,8966.666666666668,,-0.00447799859368625,,8912.559523809525,8487.083333333334,80.0,8824.345238095239,8387.345238095239,66.22222222222223,161.54322162857287,108.53199733002441,32559.0,43680.0,76593.0,-32913.0,0,0,False,False,True,False,False,False,False,False,Missing Report
2024-02-24,,454.6666666666667,,8471.666666666666,,False,False,False,False,False,True,,,,,,True,8926.333333333332,,-0.004498141263940769,,8918.392857142857,8494.25,80.0,8846.964285714286,8413.892857142857,66.22222222222223,150.9973881666091,108.53199733002441,32559.0,43680.0,76593.0,-32913.0,0,0,False,False,True,False,False,False,False,False,Missing Report
2024-02-25,244.0,482.0,366.0,8404.0,329.0,False,False,False,False,True,False,482.0,8404.0,244.0,366.0,329.0,False,8886.0,37.0,-0.004518465962134344,0.8989071038251366,8924.57142857143,8494.714285714286,71.4,8869.464285714286,8438.75,83.77777777777777,128.50703244174798,84.60315859614478,32803.0,44046.0,76922.0,-32876.0,1,0,False,False,True,False,False,True,False,False,Watch
2024-02-26,199.0,438.0,326.0,8404.0,329.0,False,False,False,False,True,False,438.0,8404.0,199.0,326.0,329.0,False,8842.0,-3.0,-0.004951609273013746,1.00920245398773,8930.57142857143,8498.142857142857,40.2,8892.32142857143,8461.035714285714,60.55555555555556,81.99029842205003,75.00018518495644,33002.0,44372.0,77251.0,-32879.0,0,1,False,False,True,False,False,False,False,False,Watch
2024-02-27,197.0,369.0,306.0,8650.0,206.0,False,False,False,False,True,False,369.0,8650.0,197.0,306.0,206.0,False,9019.0,100.0,0.020018095453517404,0.673202614379085,8950.0,8521.285714285714,44.0,8913.892857142857,8482.607142857143,50.666666666666664,71.35318610409497,60.39246641759203,33199.0,44678.0,77457.0,-32779.0,1,0,False,False,True,False,False,True,False,False,Watch
2024-02-28,209.0,447.0,274.0,8699.0,257.0,False,False,False,False,True,False,447.0,8699.0,209.0,274.0,257.0,False,9146.0,17.0,0.014081383745426335,0.9379562043795621,8970.42857142857,8539.285714285714,30.0,8936.17857142857,8495.964285714286,47.888888888888886,90.6066381756436,61.407337599924425,33408.0,44952.0,77714.0,-32762.0,2,0,False,False,True,False,False,True,False,False,Watch
2024-02-29,262.0,444.0,354.0,8724.0,299.0,False,False,False,False,True,False,444.0,8724.0,262.0,354.0,299.0,False,9168.0,55.0,0.002405423135797058,0.844632768361582,8993.42857142857,8556.0,41.2,8950.25,8514.607142857143,58.44444444444444,109.71322369213732,51.82931388488332,33670.0,45306.0,78013.0,-32707.0,3,0,True,False,True,False,False,True,False,True,Strained
2024-03-01,,452.0,,8680.666666666666,,False,False,False,False,False,True,,,,,,True,9132.666666666666,,-0.0038539848749273853,,9017.142857142857,8576.190476190475,41.2,8964.85119047619,8531.636904761905,58.44444444444444,119.70733621861896,51.82931388488332,33670.0,45306.0,78013.0,-32707.0,0,0,False,False,True,False,False,False,False,False,Missing Report
2024-03-02,,460.0,,8637.333333333334,,False,False,False,False,False,True,,,,,,True,9097.333333333334,,-0.003868895539820283,,9041.57142857143,8599.857142857143,41.2,8979.982142857143,8547.05357142857,58.44444444444444,122.26631372852883,51.82931388488332,33670.0,45306.0,78013.0,-32707.0,0,0,False,False,True,False,False,False,False,False,Missing Report
2024-03-03,236.0,468.0,347.0,8594.0,354.0,False,False,False,False,True,False,468.0,8594.0,236.0,347.0,354.0,False,9062.0,-7.0,-0.003883922028433351,1.0201729106628241,9066.714285714286,8627.0,32.4,8995.642857142857,8560.857142857143,51.9,117.27624370753044,53.06693886027329,33906.0,45653.0,78367.0,-32714.0,0,1,False,False,True,False,False,False,False,False,Watch
2024-03-04,225.0,509.0,340.0,8660.0,229.0,False,False,False,False,True,False,509.0,8660.0,225.0,340.0,229.0,False,9169.0,111.0,0.011807548002648494,0.6735294117647059,9113.42857142857,8663.57142857143,55.2,9022.0,8580.857142857143,47.7,111.23402603043733,45.26477659284295,34131.0,45993.0,78596.0,-32603.0,1,0,False,False,True,False,False,True,False,False,Watch
2024-03-05,246.0,472.0,345.0,8800.0,214.0,False,False,False,False,True,False,472.0,8800.0,246.0,345.0,214.0,False,9272.0,131.0,0.011233504198931099,0.6202898550724638,9149.57142857143,8685.0,61.4,9049.785714285714,8603.142857142857,52.7,121.91405177200966,51.66139758078543,34377.0,46338.0,78810.0,-32472.0,2,0,False,False,True,False,False,True,False,False,Watch
2024-03-06,230.0,457.0,277.0,8870.0,232.0,False,False,False,False,True,False,457.0,8870.0,230.0,277.0,232.0,False,9327.0,45.0,0.005931837791199213,0.8375451263537906,9175.42857142857,8709.42857142857,67.0,9072.92857142857,8624.357142857143,48.5,141.52467566352777,50.25103647355594,34607.0,46615.0,79042.0,-32427.0,3,0,True,False,True,False,False,True,False,True,Strained
2024-03-07,181.0,424.0,328.0,8902.0,305.0,False,False,False,False,True,False,424.0,8902.0,181.0,328.0,305.0,False,9326.0,23.0,-0.00010721561059290341,0.9298780487804879,9198.0,8734.857142857143,60.6,9095.714285714286,8645.42857142857,50.9,155.12029283829642,48.15357376837829,34788.0,46943.0,79347.0,-32404.0,4,0,True,False,True,False,False,True,False,True,Strained
2024-03-08,,405.3333333333333,,8839.333333333334,,False,False,False,False,False,True,,,,,,True,9244.666666666668,,-0.008721138037029008,,9214.0,8757.523809523811,60.6,9115.57142857143,8666.857142857143,50.9,155.12357514336043,48.15357376837829,34788.0,46943.0,79347.0,-32404.0,0,0,False,False,True,False,False,False,False,False,Missing Report
2024-03-09,,386.6666666666667,,8776.666666666666,,False,False,False,False,False,True,,,,,,True,9163.333333333332,,-0.00879786543592731,,9223.42857142857,8777.42857142857,60.6,9132.5,8688.642857142857,50.9,145.51798138346197,48.15357376837829,34788.0,46943.0,79347.0,-32404.0,0,0,False,False,True,False,False,False,False,False,Missing Report
2024-03-10,190.0,368.0,326.0,8714.0,373.0,False,False,False,False,True,False,368.0,8714.0,190.0,326.0,373.0,False,9082.0,-47.0,-0.00887595489268811,1.1441717791411044,9226.285714285714,8794.57142857143,52.6,9146.5,8710.785714285714,42.5,128.39999933409248,57.30474093243347,34978.0,47269.0,79720.0,-32451.0,0,1,False,False,True,False,False,False,False,False,Watch
2024-03-11,178.0,336.0,290.0,8757.0,253.0,False,False,False,False,True,False,336.0,8757.0,178.0,290.0,253.0,False,9093.0,37.0,0.0012111869632238648,0.8724137931034482,9215.42857142857,8808.42857142857,37.8,9164.42857142857,8736.0,46.5,96.06376341879556,55.130652897357116,35156.0,47559.0,79973.0,-32414.0,1,0,False,False,True,False,False,True,False,False,Watch
2024-03-12,154.0,294.0,290.0,8843.0,213.0,False,False,False,False,True,False,294.0,8843.0,154.0,290.0,213.0,False,9137.0,77.0,0.004838887055977015,0.7344827586206897,9196.142857142857,8814.57142857143,27.0,9172.857142857143,8749.785714285714,44.2,87.07887320507821,53.09279088957772,35310.0,47849.0,80186.0,-32337.0,2,0,False,False,True,False,False,True,False,False,Watch
2024-03-13,165.0,358.0,167.0,8819.0,239.0,False,False,False,False,True,False,358.0,8819.0,165.0,167.0,239.0,False,9177.0,-72.0,0.0043778045310276514,1.4311377245508983,9174.714285714286,8807.285714285714,3.6,9175.07142857143,8758.357142857143,35.3,86.73687280344555,64.41195541201947,35475.0,48016.0,80425.0,-32409.0,0,1,False,False,True,False,False,False,False,False,Watch
2024-03-14,166.0,301.0,252.0,8695.0,310.0,False,False,False,False,True,False,301.0,8695.0,166.0,252.0,310.0,False,8996.0,-58.0,-0.019723221096218824,1.2301587301587302,9127.57142857143,8777.714285714286,-12.6,9162.785714285714,8756.285714285714,24.0,99.11381760372527,70.22187060390156,35641.0,48268.0,80735.0,-32467.0,0,2,False,False,True,False,False,False,False,False,Watch
2024-03-15,,287.3333333333333,,8587.666666666666,,False,False,False,False,False,True,,,,,,True,8875.0,,-0.013450422409959972,,9074.761904761905,8741.761904761905,-12.6,9144.380952380952,8749.642857142857,24.0,125.53801189172809,70.22187060390156,35641.0,48268.0,80735.0,-32467.0,0,0,False,False,True,False,False,False,False,False,Missing Report
2024-03-16,,273.6666666666667,,8480.333333333334,,False,False,False,False,False,True,,,,,,True,8754.0,,-0.013633802816901408,,9016.285714285714,8699.42857142857,-12.6,9119.857142857143,8738.42857142857,24.0,163.29333441585317,70.22187060390156,35641.0,48268.0,80735.0,-32467.0,0,0,False,False,True,False,False,False,False,False,Missing Report
2024-03-17,127.0,260.0,259.0,8373.0,342.0,False,False,False,False,True,False,260.0,8373.0,127.0,259.0,342.0,False,8633.0,-83.0,-0.013822252684487113,1.3204633204633205,8952.142857142857,8650.714285714286,-19.8,9089.214285714286,8722.642857142857,16.4,208.87572910107096,77.6676680908256,35768.0,48527.0,81077.0,-32550.0,0,1,False,False,True,False,False,False,False,False,Watch
2024-03-18,123.0,243.0,188.0,8333.0,283.0,False,False,False,False,True,False,243.0,8333.0,123.0,188.0,283.0,False,8576.0,-95.0,-0.006602571527858259,1.5053191489361701,8878.285714285714,8590.142857142857,-46.2,9046.857142857143,8699.285714285714,-4.2,247.92729545952872,77.10569945787971,35891.0,48715.0,81360.0,-32645.0,0,2,False,False,True,False,True,False,True,False,Watch
2024-03-19,99.0,202.0,256.0,8390.0,197.0,False,True,False,False,True,False,202.0,8390.0,99.0,256.0,197.0,False,8592.0,59.0,0.001865671641791078,0.76953125,8800.42857142857,8525.42857142857,-49.8,8998.285714285714,8670.0,-11.4,266.351475815397,65.57811287989973,35990.0,48971.0,81557.0,-32586.0,1,0,False,False,True,False,True,True,False,False,Watch
2024-03-20,91.0,181.0,174.0,8365.0,227.0,False,False,False,False,True,False,181.0,8365.0,91.0,174.0,227.0,False,8546.0,-53.0,-0.005353817504655467,1.3045977011494252,8710.285714285714,8460.57142857143,-46.0,8942.5,8633.92857142857,-21.2,273.8895138772125,63.5029308160041,36081.0,49145.0,81784.0,-32639.0,0,1,False,False,True,False,True,False,False,False,Watch
2024-03-21,132.0,261.0,141.0,8292.0,235.0,False,False,False,False,True,False,261.0,8292.0,132.0,141.0,235.0,False,8553.0,-94.0,0.0008190966534051825,1.6666666666666667,8647.0,8403.0,-53.2,8887.285714285714,8590.357142857143,-32.9,268.49415015794557,65.20983225114296,36213.0,49286.0,82019.0,-32733.0,0,2,False,False,True,False,True,False,False,False,Watch
2024-03-22,,262.0,,8161.0,,False,False,False,False,False,True,,,,,,True,8423.0,,-0.015199345258973485,,8582.42857142857,8342.04761904762,-53.2,8828.595238095239,8541.904761904761,-32.9,274.11037699971575,65.20983225114296,36213.0,49286.0,82019.0,-32733.0,0,0,False,False,True,False,True,False,False,False,Missing Report
2024-03-23,,263.0,,8030.0,,False,False,False,False,False,True,,,,,,True,8293.0,,-0.015433930903478554,,8516.57142857143,8277.714285714286,-53.2,8766.42857142857,8488.57142857143,-32.9,290.5540368874176,65.20983225114296,36213.0,49286.0,82019.0,-32733.0,0,0,False,False,True,False,True,False,False,False,Missing Report
2024-03-24,124.0,264.0,221.0,7899.0,373.0,False,False,False,False,True,False,264.0,7899.0,124.0,221.0,373.0,False,8163.0,-152.0,-0.015675871216688786,1.6877828054298643,8449.42857142857,8210.0,-67.0,8700.785714285714,8430.357142857143,-43.4,316.4340199961348,75.39112827264361,36337.0,49507.0,82392.0,-32885.0,0,1,False,False,False,False,True,False,True,False,Watch
2024-03-25,128.0,242.0,224.0,7899.0,229.0,False,False,False,False,True,False,242.0,7899.0,128.0,224.0,229.0,False,8141.0,-5.0,-0.0026950875903466454,1.0223214285714286,8387.285714285714,8148.0,-49.0,8632.785714285714,8369.07142857143,-47.6,327.75323235416784,71.48302051691859,36465.0,49731.0,82621.0,-32890.0,0,2,False,False,False,False,True,False,False,False,Watch
2024-03-26,187.0,276.0,200.0,7919.0,208.0,False,False,False,False,True,False,276.0,7919.0,187.0,200.0,208.0,False,8195.0,-8.0,0.006633091757769272,1.04,8330.57142857143,8080.714285714285,-62.4,8565.5,8303.07142857143,-56.1,312.62283739589594,58.98107040963777,36652.0,49931.0,82829.0,-32898.0,0,3,False,True,False,False,True,False,False,False,Relief
2024-03-27,129.0,287.0,185.0,7893.0,215.0,False,False,False,False,True,False,287.0,7893.0,129.0,185.0,215.0,False,8180.0,-30.0,-0.0018303843807199183,1.162162162162162,8278.285714285714,8013.285714285715,-57.8,8494.285714285714,8236.92857142857,-51.9,273.749865773318,59.217958987680824,36781.0,50116.0,83044.0,-32928.0,0,4,False,True,False,False,True,False,False,False,Relief
2024-03-28,161.0,288.0,248.0,7762.0,360.0,False,False,False,False,True,False,288.0,7762.0,161.0,248.0,360.0,False,8050.0,-112.0,-0.0158924205378973,1.4516129032258065,8206.42857142857,7937.571428571428,-61.4,8426.714285714286,8170.285714285715,-57.3,256.5985876125474,62.2219146817795,36942.0,50364.0,83404.0,-33040.0,0,5,False,True,False,False,True,False,True,False,Relief
2024-03-29,,276.6666666666667,,7593.666666666667,,False,False,False,False,False,True,,,,,,True,7870.333333333334,,-0.02231884057971012,,8127.476190476191,7856.523809523809,-61.4,8354.95238095238,8099.285714285715,-57.3,262.01288078006223,62.2219146817795,36942.0,50364.0,83404.0,-33040.0,0,0,False,False,False,False,True,False,False,False,Missing Report
2024-03-30,,265.3333333333333,,7425.333333333333,,False,False,False,False,False,True,,,,,,True,7690.666666666666,,-0.022828342721612938,,8041.428571428572,7770.142857142857,-61.4,8279.0,8023.928571428572,-57.3,290.05749503721876,62.2219146817795,36942.0,50364.0,83404.0,-33040.0,0,0,False,False,False,False,True,False,False,False,Missing Report
2024-03-31,105.0,254.0,151.0,7257.0,287.0,False,False,False,False,True,False,254.0,7257.0,105.0,151.0,287.0,False,7511.0,-136.0,-0.023361650485436813,1.900662251655629,7948.285714285715,7678.428571428572,-58.2,8198.857142857143,7944.214285714285,-62.6,336.07705959750353,66.74695165740182,37047.0,50515.0,83691.0,-33176.0,0,1,False,False,False,False,True,False,True,False,Watch
2024-04-01,109.0,235.0,171.0,7271.0,172.0,False,False,False,False,True,False,235.0,7271.0,109.0,171.0,172.0,False,7506.0,-1.0,-0.0006656903208627218,1.0058479532163742,7857.571428571428,7588.714285714285,-57.4,8122.428571428572,7868.357142857143,-53.2,364.2016542147456,68.278514596874,37156.0,50686.0,83863.0,-33177.0,0,2,False,False,False,False,True,False,False,False,Watch
2024-04-02,101.0,230.0,175.0,7340.0,132.0,False,False,False,False,True,False,230.0,7340.0,101.0,175.0,132.0,False,7570.0,43.0,0.008526512123634422,0.7542857142857143,7768.285714285715,7506.0,-47.2,8049.428571428572,7793.357142857143,-54.8,365.2639703141804,65.48757303658613,37257.0,50861.0,83995.0,-33134.0,1,0,False,False,False,False,True,True,False,False,Watch
2024-04-03,124.0,230.0,190.0,7346.0,163.0,False,False,False,False,True,False,230.0,7346.0,124.0,190.0,163.0,False,7576.0,27.0,0.0007926023778070945,0.8578947368421053,7682.0,7427.857142857143,-35.8,7980.142857142857,7720.571428571428,-46.8,355.69815096944694,70.43168478903655,37381.0,51051.0,84158.0,-33107.0,2,0,False,False,False,False,True,True,False,False,Watch
2024-04-04,95.0,226.0,152.0,7317.0,225.0,False,False,False,False,True,False,226.0,7317.0,95.0,152.0,225.0,False,7543.0,-73.0,-0.004355860612460405,1.480263157894737,7609.571428571428,7364.285714285715,-28.0,7908.0,7650.928571428572,-44.7,332.2232284235716,69.16975896701923,37476.0,51203.0,84383.0,-33180.0,0,1,False,False,False,False,True,False,False,False,Watch
2024-04-05,,230.33333333333334,,7205.333333333333,,False,False,False,False,False,True,,,,,,True,7435.666666666666,,-0.014229528481152554,,7547.47619047619,7308.809523809525,-28.0,7837.476190476191,7582.666666666666,-44.7,319.0228862534903,69.16975896701923,37476.0,51203.0,84383.0,-33180.0,0,0,False,False,False,False,True,False,False,False,Missing Report
2024-04-06,,234.66666666666666,,7093.666666666667,,False,False,False,False,False,True,,,,,,True,7328.333333333334,,-0.014434930739229634,,7495.714285714285,7261.428571428572,-28.0,7768.571428571428,7515.785714285715,-44.7,317.2401670110947,69.16975896701923,37476.0,51203.0,84383.0,-33180.0,0,0,False,False,False,False,True,False,False,False,Missing Report
2024-04-07,106.0,239.0,233.0,6982.0,279.0,False,False,False,False,True,False,239.0,6982.0,106.0,233.0,279.0,False,7221.0,-46.0,-0.014646349783943635,1.1974248927038627,7454.285714285715,7222.142857142857,-10.0,7701.285714285715,7450.285714285715,-34.1,326.8985534146124,58.14244959102107,37582.0,51436.0,84662.0,-33226.0,0,1,False,False,False,False,True,False,False,False,Watch
2024-04-08,102.0,230.0,167.0,6988.0,199.0,False,False,False,False,True,False,230.0,6988.0,102.0,167.0,199.0,False,7218.0,-32.0,-0.00041545492314087884,1.1916167664670658,7413.142857142857,7181.714285714285,-16.2,7635.357142857143,7385.214285714285,-36.8,324.461564875884,57.261194926795106,37684.0,51603.0,84861.0,-33258.0,0,2,False,False,False,False,True,False,False,False,Watch
2024-04-09,118.0,231.0,217.0,7043.0,130.0,False,False,False,False,True,False,231.0,7043.0,118.0,217.0,130.0,False,7274.0,87.0,0.00775838182321964,0.5990783410138248,7370.857142857143,7139.285714285715,-7.4,7569.571428571428,7322.642857142857,-27.3,294.22247029545645,69.20508972932862,37802.0,51820.0,84991.0,-33171.0,1,0,False,False,False,False,True,True,False,False,Watch
2024-04-10,117.0,244.0,142.0,6999.0,227.0,False,False,False,False,True,False,244.0,6999.0,117.0,142.0,227.0,False,7243.0,-85.0,-0.004261754193016221,1.5985915492957747,7323.285714285715,7089.714285714285,-29.8,7502.642857142857,7258.785714285715,-32.8,247.55465473649267,71.58801886101071,37919.0,51962.0,85218.0,-33256.0,0,1,False,False,False,False,True,False,False,False,Watch
2024-04-11,183.0,221.0,220.0,6912.0,285.0,False,False,False,False,True,False,221.0,6912.0,183.0,220.0,285.0,False,7133.0,-65.0,-0.01518707717796497,1.2954545454545454,7264.714285714285,7031.857142857143,-28.2,7437.142857142857,7198.071428571428,-28.1,210.06509834630032,67.22011934268211,38102.0,52182.0,85503.0,-33321.0,0,2,False,False,False,False,False,False,False,False,Normal
2024-04-12,,229.0,,6818.0,,False,False,False,False,False,True,,,,,,True,7047.0,,-0.012056638160661715,,7209.190476190476,6976.523809523809,-28.2,7378.333333333334,7142.666666666666,-28.1,194.1040781701582,67.22011934268211,38102.0,52182.0,85503.0,-33321.0,0,0,False,False,False,False,False,False,False,False,Missing Report
2024-04-13,,237.0,,6724.0,,False,False,False,False,False,True,,,,,,True,6961.0,,-0.01220377465588196,,7156.714285714285,6923.714285714285,-28.2,7326.214285714285,7092.571428571428,-28.1,201.60482659127612,67.22011934268211,38102.0,52182.0,85503.0,-33321.0,0,0,False,False,False,False,False,False,False,False,Missing Report
2024-04-14,128.0,245.0,243.0,6630.0,290.0,False,False,False,False,True,False,245.0,6630.0,128.0,243.0,290.0,False,6875.0,-47.0,-0.012354546760522944,1.1934156378600822,7107.285714285715,6873.428571428572,-28.4,7280.785714285715,7047.785714285715,-19.2,226.84026561635253,56.3615314041608,38230.0,52425.0,85793.0,-33368.0,0,1,False,False,False,False,True,False,False,False,Watch
2024-04-15,144.0,303.0,176.0,6681.0,191.0,False,False,False,False,True,False,303.0,6681.0,144.0,176.0,191.0,False,6984.0,-15.0,0.015854545454545566,1.0852272727272727,7073.857142857143,6829.571428571428,-25.0,7243.5,7005.642857142857,-20.6,229.85475718722847,56.03213363776167,38374.0,52601.0,85984.0,-33383.0,0,2,False,False,False,False,True,False,False,False,Watch
2024-04-16,219.0,392.0,205.0,6685.0,163.0,False,False,False,False,True,False,392.0,6685.0,219.0,205.0,163.0,False,7077.0,42.0,0.013316151202749094,0.7951219512195122,7045.714285714285,6778.428571428572,-34.0,7208.285714285715,6958.857142857143,-20.7,213.14333915929097,55.906767628496006,38593.0,52806.0,86147.0,-33341.0,1,0,False,False,False,False,False,True,False,False,Normal
2024-04-17,182.0,371.0,274.0,6725.0,227.0,False,False,False,False,True,False,371.0,6725.0,182.0,274.0,227.0,False,7096.0,47.0,0.002684753426593245,0.8284671532846716,7024.714285714285,6739.285714285715,-7.6,7174.0,6914.5,-18.7,186.36775517999038,58.116836344269885,38775.0,53080.0,86374.0,-33294.0,2,0,False,False,False,False,False,True,False,False,Normal
2024-04-18,144.0,322.0,258.0,6728.0,260.0,False,False,False,False,True,False,322.0,6728.0,144.0,258.0,260.0,False,7050.0,-2.0,-0.006482525366403591,1.0077519379844961,7012.857142857143,6713.0,5.0,7138.785714285715,6872.428571428572,-11.6,155.26220486241985,54.99939393605457,38919.0,53338.0,86634.0,-33296.0,0,1,False,False,False,False,False,False,False,False,Normal
2024-04-19,,341.3333333333333,,6733.666666666667,,False,False,False,False,False,True,,,,,,True,7075.0,,0.0035460992907800915,,7016.857142857143,6700.952380952381,5.0,7113.023809523809,6838.738095238096,-11.6,130.09506479921924,54.99939393605457,38919.0,53338.0,86634.0,-33296.0,0,0,False,False,False,False,False,False,False,False,Missing Report
2024-04-20,,360.6666666666667,,6739.333333333333,,False,False,False,False,False,True,,,,,,True,7100.0,,0.0035335689045936647,,7036.714285714285,6703.142857142857,5.0,7096.714285714285,6813.428571428572,-11.6,114.39098173887422,54.99939393605457,38919.0,53338.0,86634.0,-33296.0,0,0,False,False,False,False,False,False,False,False,Missing Report
2024-04-21,208.0,380.0,343.0,6745.0,240.0,False,False,False,False,True,False,380.0,6745.0,208.0,343.0,240.0,False,7125.0,103.0,0.0035211267605634866,0.6997084548104956,7072.428571428572,6719.571428571428,35.0,7089.857142857143,6796.5,3.3,109.12368222280902,64.07816407412976,39127.0,53681.0,86874.0,-33193.0,1,0,False,False,False,False,False,True,False,False,Normal
2024-04-22,176.0,424.0,251.0,6799.0,214.0,False,False,False,False,True,False,424.0,6799.0,176.0,251.0,214.0,False,7223.0,37.0,0.013754385964912297,0.852589641434263,7106.571428571428,6736.428571428572,45.4,7090.214285714285,6783.0,10.2,109.58254954472342,63.56763676938468,39303.0,53932.0,87088.0,-33156.0,2,0,False,False,False,False,False,True,False,False,Normal
2024-04-23,252.0,427.0,307.0,6967.0,134.0,False,False,False,False,True,False,427.0,6967.0,252.0,307.0,134.0,False,7394.0,173.0,0.02367437352900459,0.4364820846905538,7151.857142857143,6776.714285714285,71.6,7098.785714285715,6777.571428571428,18.8,128.17906859647738,79.04541591881063,39555.0,54239.0,87222.0,-32983.0,3,0,True,False,False,False,False,True,False,False,Watch
2024-04-24,253.0,411.0,307.0,7128.0,154.0,False,False,False,False,True,False,411.0,7128.0,253.0,307.0,154.0,False,7539.0,153.0,0.019610494995942584,0.501628664495114,7215.142857142857,6834.285714285715,92.8,7119.928571428572,6786.785714285715,42.6,171.0422639111265,80.14181874097378,39808.0,54546.0,87376.0,-32830.0,4,0,True,False,False,False,False,True,False,False,Watch
2024-04-25,145.0,357.0,333.0,7209.0,217.0,False,False,False,False,True,False,357.0,7209.0,145.0,333.0,217.0,False,7566.0,116.0,0.0035813768404298063,0.6516516516516516,7288.857142857143,6903.0,116.4,7150.857142857143,6808.0,60.7,208.6103681847428,73.28642439087872,39953.0,54879.0,87593.0,-32714.0,5,0,True,False,False,False,False,True,False,False,Watch
2024-04-26,,354.3333333333333,,7238.666666666667,,False,False,False,False,False,True,,,,,,True,7593.0,,0.003568596352101494,,7362.857142857143,6975.142857142857,116.4,7189.857142857143,6838.047619047619,60.7,236.82965547873223,73.28642439087872,39953.0,54879.0,87593.0,-32714.0,0,0,False,False,False,False,True,False,False,False,Missing Report
2024-04-27,,351.6666666666667,,7268.333333333333,,False,False,False,False,False,True,,,,,,True,7620.0,,0.0035559067562227487,,7437.142857142857,7050.714285714285,116.4,7236.928571428572,6876.928571428572,60.7,252.79589343214073,73.28642439087872,39953.0,54879.0,87593.0,-32714.0,0,0,False,False,False,False,True,False,False,False,Missing Report
2024-04-28,158.0,349.0,365.0,7298.0,250.0,False,True,False,False,True,False,349.0,7298.0,158.0,365.0,250.0,False,7647.0,115.0,0.0035433070866142113,0.684931506849315,7511.714285714285,7129.714285714285,118.8,7292.071428571428,6924.642857142857,76.9,251.97236242981762,64.1724239841381,40111.0,55244.0,87843.0,-32599.0,1,0,False,False,False,False,True,True,False,False,Watch
2024-04-29,140.0,292.0,255.0,7373.0,187.0,False,False,False,False,True,False,292.0,7373.0,140.0,255.0,187.0,False,7665.0,68.0,0.0023538642604943316,0.7333333333333333,7574.857142857143,7211.714285714285,125.0,7340.714285714285,6974.071428571428,85.2,253.6522236238897,55.78490436986999,40251.0,55499.0,88030.0,-32531.0,2,0,False,False,False,False,True,True,False,False,Watch
2024-04-30,220.0,443.0,194.0,7431.0,135.0,False,False,False,False,True,False,443.0,7431.0,220.0,194.0,135.0,False,7874.0,59.0,0.027266797129810838,0.6958762886597938,7643.428571428572,7278.0,102.2,7397.642857142857,7027.357142857143,86.9,278.1655863087454,54.56789858108465,40471.0,55693.0,88165.0,-32472.0,3,0,True,False,False,False,True,True,False,True,Strained
2024-05-01,197.0,437.0,295.0,7508.0,190.0,False,False,False,False,True,False,437.0,7508.0,197.0,295.0,190.0,False,7945.0,105.0,0.009017018034036095,0.6440677966101694,7701.428571428572,7332.285714285715,92.6,7458.285714285715,7083.285714285715,92.7,299.1031282326843,52.913031371193185,40668.0,55988.0,88355.0,-32367.0,4,0,True,False,False,False,True,True,False,True,Strained
2024-05-02,206.0,411.0,293.0,7577.0,194.0,False,False,False,False,True,False,411.0,7577.0,206.0,293.0,194.0,False,7988.0,99.0,0.005412208936437901,0.6621160409556314,7761.714285714285,7384.857142857143,89.2,7525.285714285715,7143.928571428572,102.8,305.5976310245388,41.16309026300121,40874.0,56281.0,88549.0,-32268.0,5,0,True,False,False,False,True,True,False,True,Strained
2024-05-03,,379.0,,7533.666666666667,,False,False,False,False,False,True,,,,,,True,7912.666666666667,,-0.009430812885995676,,7807.380952380952,7427.0,89.2,7585.119047619048,7201.071428571428,102.8,292.3716346904612,41.16309026300121,40874.0,56281.0,88549.0,-32268.0,0,0,False,False,False,False,True,False,False,False,Missing Report
2024-05-04,,347.0,,7490.333333333333,,False,False,False,False,False,True,,,,,,True,7837.333333333333,,-0.009520599882045788,,7838.428571428572,7458.714285714285,89.2,7637.785714285715,7254.714285714285,102.8,263.21881986390764,41.16309026300121,40874.0,56281.0,88549.0,-32268.0,0,0,False,False,False,False,True,False,False,False,Missing Report
2024-05-05,150.0,315.0,228.0,7447.0,332.0,False,False,False,False,True,False,315.0,7447.0,150.0,228.0,332.0,False,7762.0,-104.0,-0.00961211296359299,1.456140350877193,7854.857142857143,7480.0,45.4,7683.285714285715,7304.857142857143,82.1,219.12244780156473,77.26642220266177,41024.0,56509.0,88881.0,-32372.0,0,1,False,False,False,False,True,False,True,False,Watch
2024-05-06,173.0,337.0,211.0,7449.0,205.0,False,False,False,False,True,False,337.0,7449.0,173.0,211.0,205.0,False,7786.0,6.0,0.0030919866013914277,0.9715639810426541,7872.142857142857,7490.857142857143,33.0,7723.5,7351.285714285715,79.0,175.46357403139046,79.85542491834148,41197.0,56720.0,89086.0,-32366.0,1,0,False,False,False,False,False,True,False,False,Normal
2024-05-07,176.0,334.0,246.0,7566.0,163.0,False,False,False,False,True,False,334.0,7566.0,176.0,246.0,163.0,False,7900.0,83.0,0.014641664526072518,0.6626016260162602,7875.857142857143,7510.142857142857,37.8,7759.642857142857,7394.071428571428,70.0,153.0537285852529,72.84839661165421,41373.0,56966.0,89249.0,-32283.0,2,0,False,False,False,False,False,True,False,False,Normal
2024-05-08,167.0,374.0,205.0,7583.0,202.0,False,False,False,False,True,False,374.0,7583.0,167.0,205.0,202.0,False,7957.0,3.0,0.007215189873417627,0.9853658536585366,7877.571428571428,7520.857142857143,17.4,7789.5,7426.571428571428,55.0,147.3658596185082,69.2114312973096,41540.0,57171.0,89451.0,-32280.0,3,0,True,False,False,False,False,False,False,False,Watch
2024-05-09,138.0,285.0,268.0,7570.0,244.0,False,False,False,False,True,False,285.0,7570.0,138.0,268.0,244.0,False,7855.0,24.0,-0.012818901596078902,0.9104477611940298,7858.571428571428,7519.857142857143,2.4,7810.142857142857,7452.357142857143,45.8,133.21159277343074,66.25338565772391,41678.0,57439.0,89695.0,-32256.0,4,0,True,False,False,False,False,True,False,False,Watch
2024-05-10,,290.3333333333333,,7534.666666666667,,False,False,False,False,False,True,,,,,,True,7825.0,,-0.003819223424570306,,7846.047619047619,7520.0,2.4,7826.714285714285,7473.5,45.8,117.6417026716147,66.25338565772391,41678.0,57439.0,89695.0,-32256.0,0,0,False,False,False,False,False,False,False,False,Missing Report
2024-05-11,,295.6666666666667,,7499.333333333333,,False,False,False,False,False,True,,,,,,True,7795.0,,-0.003833865814696469,,7840.0,7521.285714285715,2.4,7839.214285714285,7490.0,45.8,102.28238163091609,66.25338565772391,41678.0,57439.0,89695.0,-32256.0,0,0,False,False,False,False,False,False,False,False,Missing Report
2024-05-12,138.0,301.0,263.0,7464.0,245.0,False,False,False,False,True,False,301.0,7464.0,138.0,263.0,245.0,False,7765.0,18.0,-0.0038486209108402614,0.9315589353612167,7840.428571428572,7523.714285714285,26.8,7847.642857142857,7501.857142857143,36.1,89.25709187081704,61.95778132459756,41816.0,57702.0,89940.0,-32238.0,1,0,False,False,False,False,False,True,False,False,Normal
2024-05-13,112.0,331.0,167.0,7499.0,157.0,False,False,False,False,True,False,331.0,7499.0,112.0,167.0,157.0,False,7830.0,10.0,0.008370895041854398,0.9401197604790419,7846.714285714285,7530.857142857143,27.6,7859.428571428572,7510.857142857143,30.3,72.63024593831429,61.3515371536125,41928.0,57869.0,90097.0,-32228.0,2,0,False,False,False,False,False,True,False,False,Normal
2024-05-14,246.0,419.0,218.0,7546.0,186.0,False,False,False,False,True,False,419.0,7546.0,246.0,218.0,186.0,False,7965.0,32.0,0.01724137931034475,0.8532110091743119,7856.0,7528.0,17.4,7865.928571428572,7519.071428571428,27.6,77.91439292621241,60.536857459824375,42174.0,58087.0,90283.0,-32196.0,3,0,True,False,False,False,False,True,False,False,Watch
2024-05-15,115.0,285.0,341.0,7589.0,265.0,False,True,False,False,True,False,285.0,7589.0,115.0,341.0,265.0,False,7874.0,76.0,-0.011424984306340202,0.7771260997067448,7844.142857142857,7528.857142857143,32.0,7860.857142857143,7524.857142857143,24.7,74.61247051886295,57.0088687057645,42289.0,58428.0,90548.0,-32120.0,4,0,True,False,False,False,False,True,False,False,Watch
2024-05-16,206.0,340.0,214.0,7565.0,234.0,False,False,False,False,True,False,340.0,7565.0,206.0,214.0,234.0,False,7905.0,-20.0,0.003937007874015741,1.0934579439252337,7851.285714285715,7528.142857142857,23.2,7854.928571428572,7524.0,12.8,66.60011788265051,51.97392508642071,42495.0,58642.0,90782.0,-32140.0,0,1,False,False,False,False,False,False,False,False,Normal
2024-05-17,,325.0,,7495.333333333333,,False,False,False,False,False,True,,,,,,True,7820.333333333333,,-0.01071052076744683,,7850.619047619048,7522.52380952381,23.2,7848.333333333333,7521.261904761904,12.8,64.99506884576705,51.97392508642071,42495.0,58642.0,90782.0,-32140.0,0,0,False,False,False,False,False,False,False,False,Missing Report
2024-05-18,,310.0,,7425.666666666667,,False,False,False,False,False,True,,,,,,True,7735.666666666667,,-0.010826477984740568,,7842.142857142857,7512.0,23.2,7841.071428571428,7516.642857142857,12.8,71.65684829177664,51.97392508642071,42495.0,58642.0,90782.0,-32140.0,0,0,False,False,False,False,False,False,False,False,Missing Report
2024-05-19,143.0,295.0,278.0,7356.0,298.0,False,False,False,False,True,False,295.0,7356.0,143.0,278.0,298.0,False,7651.0,-20.0,-0.010944973499375177,1.0719424460431655,7825.857142857143,7496.571428571428,15.6,7833.142857142857,7510.142857142857,21.2,85.8199978966358,35.023166935932636,42638.0,58920.0,91080.0,-32160.0,0,1,False,False,False,False,False,False,False,False,Normal
2024-05-20,111.0,268.0,217.0,7368.0,192.0,False,False,False,False,True,False,268.0,7368.0,111.0,217.0,192.0,False,7636.0,25.0,-0.0019605280355509125,0.8847926267281107,7798.142857142857,7477.857142857143,18.6,7822.428571428572,7504.357142857143,23.1,100.30018436689527,34.62000064188947,42749.0,59137.0,91272.0,-32135.0,1,0,False,False,False,False,False,True,False,False,Normal
2024-05-21,196.0,348.0,176.0,7404.0,145.0,False,False,False,False,True,False,348.0,7404.0,196.0,176.0,145.0,False,7752.0,31.0,0.015191199580932402,0.8238636363636364,7767.714285714285,7457.571428571428,18.4,7811.857142857143,7492.785714285715,17.9,99.28976107516083,27.870534021913706,42945.0,59313.0,91417.0,-32104.0,2,0,False,False,False,False,False,True,False,False,Normal
2024-05-22,168.0,349.0,272.0,7474.0,208.0,False,False,False,False,True,False,349.0,7474.0,168.0,272.0,208.0,False,7823.0,64.0,0.009158926728586092,0.7647058823529411,7760.428571428572,7441.142857142857,16.0,7802.285714285715,7485.0,24.0,90.27099345170537,30.77155974091778,43113.0,59585.0,91625.0,-32040.0,3,0,True,False,False,False,False,True,False,False,Watch
2024-05-23,193.0,272.0,314.0,7494.0,227.0,False,True,False,False,True,False,272.0,7494.0,193.0,314.0,227.0,False,7766.0,87.0,-0.007286207337338646,0.7229299363057324,7740.571428571428,7431.0,37.4,7795.928571428572,7479.571428571428,30.3,89.40278381159689,36.657726182741776,43306.0,59899.0,91852.0,-31953.0,4,0,True,False,False,False,False,True,False,False,Watch
2024-05-24,,290.0,,7461.75,,False,False,False,False,False,True,,,,,,True,7751.75,,-0.0018349214524852053,,7730.773809523809,7426.202380952381,37.4,7790.696428571428,7474.3630952380945,30.3,89.71343032225468,36.657726182741776,43306.0,59899.0,91852.0,-31953.0,0,0,False,False,False,False,False,False,False,False,Missing Report
2024-05-25,,308.0,,7429.5,,False,False,False,False,False,True,,,,,,True,7737.5,,-0.0018382945786434846,,7731.035714285715,7426.75,37.4,7786.589285714285,7469.375,30.3,90.81073856943667,36.657726182741776,43306.0,59899.0,91852.0,-31953.0,0,0,False,False,False,False,False,False,False,False,Missing Report
2024-05-26,,326.0,,7397.25,,False,False,False,False,False,True,,,,,,True,7723.25,,-0.001841680129240686,,7741.357142857143,7432.642857142857,51.75,7783.607142857143,7464.607142857143,31.666666666666668,92.24838397863309,38.610231804535715,43306.0,59899.0,91852.0,-31953.0,0,0,False,False,False,False,False,False,False,False,Missing Report
2024-05-27,156.0,344.0,252.0,7365.0,167.0,False,False,False,False,True,False,344.0,7365.0,156.0,252.0,167.0,False,7709.0,85.0,-0.0018450781730489085,0.6626984126984127,7751.785714285715,7432.214285714285,66.75,7774.964285714285,7455.035714285715,40.0,93.230516365801,41.34610017885582,43462.0,60151.0,92019.0,-31868.0,1,0,False,False,False,False,False,True,False,False,Normal
2024-05-28,153.0,348.0,239.0,7418.0,151.0,False,False,False,False,True,False,348.0,7418.0,153.0,239.0,151.0,False,7766.0,88.0,0.007393955117395157,0.6317991631799164,7753.785714285715,7434.214285714285,81.0,7760.75,7445.892857142857,46.22222222222222,75.51526703561211,44.112860306767985,43615.0,60390.0,92170.0,-31780.0,2,0,False,False,False,False,False,True,False,False,Normal
2024-05-29,182.0,462.0,158.0,7491.0,141.0,False,False,False,False,True,False,462.0,7491.0,182.0,158.0,141.0,False,7953.0,17.0,0.024079320113314484,0.8924050632911392,7772.357142857143,7436.642857142857,69.25,7766.392857142857,7438.892857142857,39.666666666666664,86.74539957063303,43.51436544406894,43797.0,60548.0,92311.0,-31763.0,3,0,True,False,False,False,False,True,False,False,Watch
2024-05-30,167.0,406.0,339.0,7563.0,190.0,False,False,False,False,True,False,406.0,7563.0,167.0,339.0,190.0,False,7969.0,149.0,0.0020118194392053645,0.56047197640118,7801.357142857143,7446.5,84.75,7770.964285714285,7438.75,58.44444444444444,95.82318627549184,50.458178502377194,43964.0,60887.0,92501.0,-31614.0,4,0,True,False,False,False,False,True,False,False,Watch
2024-05-31,,380.6666666666667,,7557.333333333333,,False,False,False,False,False,True,,,,,,True,7938.0,,-0.00389007403689301,,7827.964285714285,7460.154761904762,84.75,7779.369047619048,7443.178571428572,58.44444444444444,105.18911395507875,50.458178502377194,43964.0,60887.0,92501.0,-31614.0,0,0,False,False,False,False,False,False,False,False,Missing Report
2024-06-01,,355.3333333333333,,7551.666666666667,,False,False,False,False,False,True,,,,,,True,7907.0,,-0.0039052658100277027,,7852.178571428572,7477.607142857143,84.75,7791.607142857143,7452.178571428572,58.44444444444444,109.58829046252447,50.458178502377194,43964.0,60887.0,92501.0,-31614.0,0,0,False,False,False,False,False,False,False,False,Missing Report
2024-06-02,159.0,330.0,322.0,7546.0,306.0,False,False,False,False,True,False,330.0,7546.0,159.0,322.0,306.0,False,7876.0,16.0,-0.003920576704186218,0.9503105590062112,7874.0,7498.857142857143,71.0,7807.678571428572,7465.75,62.44444444444444,103.7231628200771,44.54242671630902,44123.0,61209.0,92807.0,-31598.0,1,0,False,False,False,False,False,True,False,False,Normal
2024-06-03,109.0,244.0,257.0,7596.0,224.0,False,True,False,False,True,False,244.0,7596.0,109.0,257.0,224.0,False,7840.0,33.0,-0.004570848146267181,0.8715953307392996,7892.714285714285,7531.857142857143,60.6,7822.25,7482.035714285715,63.333333333333336,91.34002408531636,43.77499286122137,44232.0,61466.0,93031.0,-31565.0,2,0,False,False,False,False,False,True,False,False,Normal
2024-06-04,260.0,356.0,176.0,7565.0,203.0,False,False,False,False,True,False,356.0,7565.0,260.0,176.0,203.0,False,7921.0,-27.0,0.01033163265306114,1.1534090909090908,7914.857142857143,7552.857142857143,37.6,7834.321428571428,7493.535714285715,56.888888888888886,92.50173743491516,52.524861838096186,44492.0,61642.0,93234.0,-31592.0,0,1,False,False,False,False,False,False,False,False,Normal
2024-06-05,173.0,345.0,291.0,7691.0,198.0,False,False,False,False,True,False,345.0,7691.0,173.0,291.0,198.0,False,8036.0,93.0,0.014518368892816547,0.6804123711340206,7926.714285714285,7581.428571428572,52.8,7849.535714285715,7509.035714285715,60.111111111111114,106.89349737063898,53.88748566328822,44665.0,61933.0,93432.0,-31499.0,1,0,False,False,False,False,False,True,False,False,Normal
2024-06-06,179.0,326.0,282.0,7741.0,238.0,False,False,False,False,True,False,326.0,7741.0,179.0,282.0,238.0,False,8067.0,44.0,0.003857640617222602,0.8439716312056738,7940.714285714285,7606.857142857143,31.8,7871.035714285715,7526.678571428572,55.333333333333336,118.44565684853666,53.1060260234183,44844.0,62215.0,93670.0,-31455.0,2,0,False,False,False,False,False,True,False,False,Normal
2024-06-07,,313.6666666666667,,7644.333333333333,,False,False,False,False,False,True,,,,,,True,7958.0,,-0.013511838353786998,,7943.571428571428,7619.285714285715,31.8,7885.767857142857,7539.720238095238,55.333333333333336,115.25124996302635,53.1060260234183,44844.0,62215.0,93670.0,-31455.0,0,0,False,False,False,False,False,False,False,False,Missing Report
2024-06-08,,301.3333333333333,,7547.666666666667,,False,False,False,False,False,True,,,,,,True,7849.0,,-0.01369690877104801,,7935.285714285715,7618.714285714285,31.8,7893.732142857143,7548.160714285715,55.333333333333336,107.83090681337178,53.1060260234183,44844.0,62215.0,93670.0,-31455.0,0,0,False,False,False,False,False,False,False,False,Missing Report
2024-06-09,116.0,289.0,166.0,7451.0,312.0,False,False,False,False,True,False,289.0,7451.0,116.0,166.0,312.0,False,7740.0,-146.0,-0.0138871193782647,1.8795180722891567,7915.857142857143,7605.142857142857,-0.6,7894.928571428572,7552.0,35.2,105.86890608027305,80.99629621161688,44960.0,62381.0,93982.0,-31601.0,0,1,False,False,False,False,False,False,True,False,Normal
2024-06-10,184.0,334.0,229.0,7439.0,212.0,False,False,False,False,True,False,334.0,7439.0,184.0,229.0,212.0,False,7773.0,17.0,0.00426356589147292,0.925764192139738,7906.285714285715,7582.714285714285,-3.8,7899.5,7557.285714285715,28.4,98.33674483388148,79.18501541748066,45144.0,62610.0,94194.0,-31584.0,1,0,False,False,False,False,False,True,False,False,Normal
2024-06-11,186.0,352.0,224.0,7493.0,156.0,False,False,False,False,True,False,352.0,7493.0,186.0,224.0,156.0,False,7845.0,68.0,0.009262832883056626,0.6964285714285714,7895.428571428572,7572.428571428572,15.2,7905.142857142857,7562.642857142857,26.4,92.15944138975307,77.75202748338953,45330.0,62834.0,94350.0,-31516.0,2,0,False,False,False,False,False,True,False,False,Normal
2024-06-12,152.0,266.0,274.0,7548.0,212.0,False,True,False,False,True,False,266.0,7548.0,152.0,274.0,212.0,False,7814.0,62.0,-0.003951561504142775,0.7737226277372263,7863.714285714285,7552.0,9.0,7895.214285714285,7566.714285714285,30.9,94.07458462536982,78.44665561882012,45482.0,63108.0,94562.0,-31454.0,3,0,True,False,False,False,False,True,False,False,Watch
2024-06-13,167.0,293.0,230.0,7544.0,259.0,False,False,False,False,True,False,293.0,7544.0,167.0,230.0,259.0,False,7837.0,-29.0,0.002943434860506855,1.126086956521739,7830.857142857143,7523.857142857143,-5.6,7885.785714285715,7565.357142857143,13.1,92.71559371858345,68.19652972598128,45649.0,63338.0,94821.0,-31483.0,0,1,False,False,False,False,False,False,False,False,Normal
2024-06-14,,300.3333333333333,,7465.0,,False,False,False,False,False,True,,,,,,True,7765.333333333333,,-0.009144655693079873,,7803.333333333334,7498.2380952380945,-5.6,7873.452380952381,7558.7619047619055,13.1,96.63700757535376,68.19652972598128,45649.0,63338.0,94821.0,-31483.0,0,0,False,False,False,False,False,False,False,False,Missing Report
2024-06-15,,307.6666666666667,,7386.0,,False,False,False,False,False,True,,,,,,True,7693.666666666667,,-0.009229052197802123,,7781.142857142857,7475.142857142857,-5.6,7858.214285714285,7546.928571428572,13.1,107.18420976460165,68.19652972598128,45649.0,63338.0,94821.0,-31483.0,0,0,False,False,False,False,False,False,False,False,Missing Report
2024-06-16,204.0,315.0,233.0,7307.0,294.0,False,False,False,False,True,False,315.0,7307.0,204.0,233.0,294.0,False,7622.0,-61.0,-0.00931502101295445,1.261802575107296,7764.285714285715,7454.571428571428,11.4,7840.071428571428,7529.857142857143,5.4,124.10370481229134,72.06971933096746,45853.0,63571.0,95115.0,-31544.0,0,1,False,False,False,False,False,False,False,False,Normal
2024-06-17,159.0,310.0,272.0,7318.0,224.0,False,False,False,False,True,False,310.0,7318.0,159.0,272.0,224.0,False,7628.0,48.0,0.0007871949619522312,0.8235294117647058,7743.571428571428,7437.285714285715,17.6,7824.928571428572,7510.0,6.9,136.4343979088533,72.85975874544484,46012.0,63843.0,95339.0,-31496.0,1,0,False,False,False,False,False,True,False,False,Normal
2024-06-18,160.0,297.0,253.0,7340.0,214.0,False,False,False,False,True,False,297.0,7340.0,160.0,253.0,214.0,False,7637.0,39.0,0.0011798636601991763,0.8458498023715415,7713.857142857143,7415.428571428572,11.8,7804.642857142857,7493.928571428572,13.5,142.04895414015272,72.43579532554624,46172.0,64096.0,95553.0,-31457.0,2,0,False,False,False,False,False,True,False,False,Normal
2024-06-19,204.0,321.0,246.0,7433.0,198.0,False,False,False,False,True,False,321.0,7433.0,204.0,246.0,198.0,False,7754.0,48.0,0.015320151892104228,0.8048780487804879,7705.285714285715,7399.0,9.0,7784.5,7475.5,9.0,125.78096210180512,68.22348894951375,46376.0,64342.0,95751.0,-31409.0,3,0,True,False,False,False,False,True,False,False,Watch
2024-06-20,145.0,247.0,243.0,7431.0,235.0,False,False,False,False,True,False,247.0,7431.0,145.0,243.0,235.0,False,7678.0,8.0,-0.009801392829507316,0.9670781893004116,7682.571428571428,7382.857142857143,16.4,7756.714285714285,7453.357142857143,5.4,98.60504461161895,67.11217806363032,46521.0,64585.0,95986.0,-31401.0,4,0,True,False,False,False,False,True,False,False,Watch
2024-06-21,,240.33333333333334,,7369.666666666667,,False,False,False,False,False,True,,,,,,True,7610.0,,-0.008856473039854151,,7660.380952380952,7369.2380952380945,16.4,7731.857142857143,7433.738095238096,5.4,87.159124964727,67.11217806363032,46521.0,64585.0,95986.0,-31401.0,0,0,False,False,False,False,False,False,False,False,Missing Report
2024-06-22,,233.66666666666666,,7308.333333333333,,False,False,False,False,False,True,,,,,,True,7542.0,,-0.008935611038107805,,7638.714285714285,7358.142857142857,16.4,7709.928571428572,7416.642857142857,5.4,93.78719123867845,67.11217806363032,46521.0,64585.0,95986.0,-31401.0,0,0,False,False,False,False,False,False,False,False,Missing Report
2024-06-23,102.0,227.0,201.0,7247.0,294.0,False,False,False,False,True,False,227.0,7247.0,102.0,201.0,294.0,False,7474.0,-93.0,-0.009016176080615224,1.462686567164179,7617.571428571428,7349.571428571428,10.0,7690.928571428572,7402.071428571428,10.7,112.33620011298454,54.78858356344749,46623.0,64786.0,96280.0,-31494.0,0,1,False,False,False,False,False,False,False,False,Normal
2024-06-24,116.0,175.0,172.0,7239.0,202.0,False,False,False,False,True,False,175.0,7239.0,116.0,172.0,202.0,False,7414.0,-30.0,-0.008027829810008047,1.1744186046511629,7587.0,7338.285714285715,-5.6,7665.285714285715,7387.785714285715,6.0,131.50034006891903,56.186198384379665,46739.0,64958.0,96482.0,-31524.0,0,2,False,False,False,False,False,False,False,False,Normal
2024-06-25,172.0,263.0,191.0,7239.0,202.0,False,False,False,False,True,False,263.0,7239.0,172.0,191.0,202.0,False,7502.0,-11.0,0.011869436201780381,1.057591623036649,7567.714285714285,7323.857142857143,-15.6,7640.785714285715,7369.642857142857,-1.9,127.32813837819215,51.88973351679909,46911.0,65149.0,96684.0,-31535.0,0,3,False,True,False,False,False,False,False,False,Relief
2024-06-26,132.0,235.0,197.0,7268.0,187.0,False,False,False,False,True,False,235.0,7268.0,132.0,197.0,187.0,False,7503.0,10.0,0.00013329778725679198,0.949238578680203,7531.857142857143,7300.285714285715,-23.2,7618.571428571428,7349.642857142857,-7.1,121.79269402292125,47.16507653385524,47043.0,65346.0,96871.0,-31525.0,1,0,False,False,False,False,False,True,False,False,Normal
2024-06-27,174.0,208.0,256.0,7248.0,268.0,False,True,False,False,True,False,208.0,7248.0,174.0,256.0,268.0,False,7456.0,-12.0,-0.006264161002265789,1.046875,7500.142857142857,7274.142857142857,-27.2,7591.357142857143,7328.5,-5.4,111.35002671408884,46.59089085981388,47217.0,65602.0,97139.0,-31537.0,0,1,False,False,False,False,False,False,False,False,Normal
2024-06-28,,215.33333333333334,,7123.333333333333,,False,False,False,False,False,True,,,,,,True,7338.666666666666,,-0.015736766809728242,,7461.380952380952,7238.952380952382,-27.2,7560.880952380953,7304.095238095238,-5.4,118.24562348106814,46.59089085981388,47217.0,65602.0,97139.0,-31537.0,0,0,False,False,False,False,False,False,False,False,Missing Report
2024-06-29,,222.66666666666666,,6998.666666666667,,False,False,False,False,False,True,,,,,,True,7221.333333333334,,-0.015988372093023062,,7415.571428571428,7194.714285714285,-27.2,7527.142857142857,7276.428571428572,-5.4,142.36769021957647,46.59089085981388,47217.0,65602.0,97139.0,-31537.0,0,0,False,False,False,False,False,False,False,False,Missing Report
2024-06-30,123.0,230.0,167.0,6874.0,273.0,False,False,False,False,True,False,230.0,6874.0,123.0,167.0,273.0,False,7104.0,-106.0,-0.01624815361890708,1.6347305389221556,7362.714285714285,7141.428571428572,-29.8,7490.142857142857,7245.5,-9.9,178.53619969930926,54.12218686556456,47340.0,65769.0,97412.0,-31643.0,0,1,False,False,False,False,False,False,True,False,Normal
2024-07-01,123.0,233.0,159.0,6825.0,229.0,False,False,False,False,True,False,233.0,6825.0,123.0,159.0,229.0,False,7058.0,-70.0,-0.006475225225225256,1.440251572327044,7311.857142857143,7082.285714285715,-37.8,7449.428571428572,7210.285714285715,-21.7,207.3482733740562,52.94661881975488,47463.0,65928.0,97641.0,-31713.0,0,2,False,False,False,False,False,False,False,False,Normal
2024-07-02,141.0,232.0,188.0,6823.0,184.0,False,False,False,False,True,False,232.0,6823.0,141.0,188.0,184.0,False,7055.0,4.0,-0.00042504958911870894,0.9787234042553191,7248.0,7022.857142857143,-34.8,7407.857142857143,7173.357142857143,-25.2,224.4838986584905,49.53517268904299,47604.0,66116.0,97825.0,-31709.0,1,0,False,False,False,False,True,False,False,False,Watch
2024-07-03,,229.0,,6806.5,,False,False,False,False,False,True,,,,,,True,7035.5,,-0.0027639971651310935,,7181.214285714285,6956.928571428572,-46.0,7356.535714285715,7128.607142857143,-33.333333333333336,221.37156159811153,44.902672526253646,47604.0,66116.0,97825.0,-31709.0,0,0,False,False,False,False,True,False,False,False,Missing Report
2024-07-04,158.0,226.0,191.0,6790.0,225.0,False,False,False,False,True,False,226.0,6790.0,158.0,191.0,225.0,False,7016.0,-34.0,-0.002771658020041201,1.1780104712041886,7118.357142857143,6891.5,-51.5,7309.25,7082.821428571428,-38.0,218.10229261203762,42.169301630451194,47762.0,66307.0,98050.0,-31743.0,0,1,False,False,False,False,True,False,False,False,Watch
2024-07-05,,204.0,,6726.333333333333,,False,False,False,False,False,True,,,,,,True,6930.333333333333,,-0.012210186240973031,,7060.02380952381,6834.785714285715,-51.5,7260.702380952381,7036.869047619047,-38.0,221.6239035148737,42.169301630451194,47762.0,66307.0,98050.0,-31743.0,0,0,False,False,False,False,True,False,False,False,Missing Report
2024-07-06,,182.0,,6662.666666666667,,False,False,False,False,False,True,,,,,,True,6844.666666666667,,-0.012361117791351961,,7006.214285714285,6786.785714285715,-51.5,7210.892857142857,6990.75,-38.0,231.6739309607886,42.169301630451194,47762.0,66307.0,98050.0,-31743.0,0,0,False,False,False,False,True,False,False,False,Missing Report
2024-07-07,96.0,160.0,233.0,6599.0,213.0,False,True,False,False,True,False,160.0,6599.0,96.0,233.0,213.0,False,6759.0,20.0,-0.012515827408201119,0.9141630901287554,6956.928571428572,6747.5,-20.0,7159.821428571428,6944.464285714285,-25.444444444444443,247.48150638200912,40.53736273831528,47858.0,66540.0,98263.0,-31723.0,1,0,False,False,False,False,True,True,False,False,Watch
2024-07-08,141.0,173.0,129.0,6617.0,123.0,False,False,False,False,True,False,173.0,6617.0,141.0,129.0,123.0,False,6790.0,6.0,0.00458647728953987,0.9534883720930233,6918.642857142857,6717.785714285715,-1.0,7115.25,6900.035714285715,-21.444444444444443,254.28040540422234,41.78848857972435,47999.0,66669.0,98386.0,-31717.0,2,0,False,False,False,False,True,True,False,False,Watch
2024-07-09,116.0,181.0,182.0,6651.0,130.0,False,True,False,False,True,False,181.0,6651.0,116.0,182.0,130.0,False,6832.0,52.0,0.006185567010309256,0.7142857142857143,6886.785714285715,6693.214285714285,11.0,7067.392857142857,6858.035714285715,-14.444444444444445,238.44875819936655,48.495131485312555,48115.0,66851.0,98516.0,-31665.0,3,0,True,False,False,False,True,True,False,True,Strained
2024-07-10,150.0,157.0,201.0,6649.0,177.0,False,True,False,False,True,False,157.0,6649.0,150.0,201.0,177.0,False,6806.0,24.0,-0.0038056206088993294,0.8805970149253731,6854.0,6670.714285714285,13.6,7017.607142857143,6813.821428571428,-12.88888888888889,211.7733791886326,49.58942539605683,48265.0,67052.0,98693.0,-31641.0,4,0,True,False,False,False,False,True,False,False,Watch
2024-07-11,80.0,176.0,125.0,6640.0,197.0,False,False,False,False,True,False,176.0,6640.0,80.0,125.0,197.0,False,6816.0,-72.0,0.001469291801351691,1.576,6825.428571428572,6649.285714285715,6.0,6971.892857142857,6770.392857142857,-19.555555555555557,175.8984702186995,53.34583186883257,48345.0,67177.0,98890.0,-31713.0,0,1,False,False,False,False,False,False,False,False,Normal
2024-07-12,,180.0,,6529.333333333333,,False,False,False,False,False,True,,,,,,True,6709.333333333333,,-0.015649452269170583,,6793.857142857143,6621.142857142857,6.0,6926.940476190475,6727.964285714285,-19.555555555555557,154.00998423505146,53.34583186883257,48345.0,67177.0,98890.0,-31713.0,0,0,False,False,False,False,False,False,False,False,Missing Report
2024-07-13,,184.0,,6418.666666666667,,False,False,False,False,False,True,,,,,,True,6602.666666666667,,-0.015898251192368762,,6759.285714285715,6586.285714285715,6.0,6882.75,6686.535714285715,-19.555555555555557,151.7830315782788,53.34583186883257,48345.0,67177.0,98890.0,-31713.0,0,0,False,False,False,False,False,False,False,False,Missing Report
2024-07-14,116.0,188.0,164.0,6308.0,237.0,False,False,False,False,True,False,188.0,6308.0,116.0,164.0,237.0,False,6496.0,-73.0,-0.016155088852988775,1.4451219512195121,6721.714285714285,6544.714285714285,-12.6,6839.321428571428,6646.107142857143,-15.88888888888889,169.5502152410259,47.472214095311436,48461.0,67341.0,99127.0,-31786.0,0,1,False,False,False,False,False,False,False,False,Normal
2024-07-15,105.0,185.0,158.0,6283.0,171.0,False,False,False,False,True,False,185.0,6283.0,105.0,158.0,171.0,False,6468.0,-13.0,-0.004310344827586188,1.0822784810126582,6675.714285714285,6497.0,-16.4,6797.178571428572,6607.392857142857,-9.555555555555555,183.74513731872443,42.93632235971955,48566.0,67499.0,99298.0,-31799.0,0,2,False,False,False,False,False,False,False,False,Normal
2024-07-16,136.0,246.0,123.0,6239.0,173.0,False,False,False,False,True,False,246.0,6239.0,136.0,123.0,173.0,False,6485.0,-50.0,0.0026283240568953925,1.4065040650406504,6626.142857142857,6438.142857142857,-36.8,6756.464285714285,6565.678571428572,-15.555555555555555,185.36575277397498,44.54803898913792,48702.0,67622.0,99471.0,-31849.0,0,3,False,True,False,False,False,False,False,False,Relief
2024-07-17,128.0,228.0,177.0,6228.0,187.0,False,False,False,False,True,False,228.0,6228.0,128.0,177.0,187.0,False,6456.0,-10.0,-0.004471858134155737,1.0564971751412429,6576.142857142857,6378.0,-43.6,6715.071428571428,6524.357142857143,-15.0,182.94948994979362,42.03702072115826,48830.0,67799.0,99658.0,-31859.0,0,4,False,True,False,False,False,False,False,False,Relief
2024-07-18,,220.0,,6185.5,,False,False,False,False,False,True,,,,,,True,6405.5,,-0.007822180916976507,,6517.5,6313.071428571428,-36.5,6671.464285714285,6481.178571428572,-12.88888888888889,178.40554706773133,44.021143909615596,48830.0,67799.0,99658.0,-31859.0,0,0,False,False,False,False,False,False,False,False,Missing Report
2024-07-19,,212.0,,6143.0,,False,False,False,False,False,True,,,,,,True,6355.0,,-0.00788384981656387,,6466.880952380952,6257.880952380952,-36.5,6630.369047619048,6439.5119047619055,-12.88888888888889,180.44048878720614,44.021143909615596,48830.0,67799.0,99658.0,-31859.0,0,0,False,False,False,False,False,False,False,False,Missing Report
2024-07-20,,204.0,,6100.5,,False,False,False,False,False,True,,,,,,True,6304.5,,-0.007946498819826897,,6424.285714285715,6212.428571428572,-36.5,6591.785714285715,6399.357142857143,-12.88888888888889,188.65714649964482,44.021143909615596,48830.0,67799.0,99658.0,-31859.0,0,0,False,False,False,False,False,False,False,False,Missing Report
2024-07-21,90.0,196.0,205.0,6058.0,262.0,False,True,False,False,True,False,196.0,6058.0,90.0,205.0,262.0,False,6254.0,-57.0,-0.008010151479102223,1.278048780487805,6389.714285714285,6176.714285714285,-32.5,6555.714285714285,6360.714285714285,-21.444444444444443,202.03050912596075,44.31171151939126,48920.0,68004.0,99920.0,-31916.0,0,1,False,False,False,False,False,False,False,False,Normal
2024-07-22,102.0,189.0,155.0,6002.0,234.0,False,False,False,False,True,False,189.0,6002.0,102.0,155.0,234.0,False,6191.0,-79.0,-0.010073552926127327,1.5096774193548388,6350.142857142857,6136.571428571428,-49.0,6512.928571428572,6316.785714285715,-30.88888888888889,211.78913995884352,46.723774581160335,49022.0,68159.0,100154.0,-31995.0,0,2,False,False,False,False,False,False,False,False,Normal
2024-07-23,120.0,257.0,126.0,5965.0,170.0,False,False,False,False,True,False,257.0,5965.0,120.0,126.0,170.0,False,6222.0,-44.0,0.00500726861573253,1.3492063492063493,6312.571428571428,6097.428571428572,-47.5,6469.357142857143,6267.785714285715,-41.55555555555556,203.68992331347704,34.89667287547268,49142.0,68285.0,100324.0,-32039.0,0,3,False,True,False,False,False,False,False,False,Relief
2024-07-24,137.0,272.0,166.0,5927.0,177.0,False,False,False,False,True,False,272.0,5927.0,137.0,166.0,177.0,False,6199.0,-11.0,-0.003696560591449738,1.0662650602409638,6275.857142857143,6054.428571428572,-47.75,6426.0,6216.214285714285,-45.44444444444444,190.70948281999665,27.9334526648202,49279.0,68451.0,100501.0,-32050.0,0,4,False,True,False,False,False,False,False,False,Relief
2024-07-25,93.0,198.0,208.0,5954.0,194.0,False,True,False,False,True,False,198.0,5954.0,93.0,208.0,194.0,False,6152.0,14.0,-0.007581868043232798,0.9326923076923077,6239.642857142857,6021.357142857143,-35.4,6378.571428571428,6167.214285714285,-35.888888888888886,167.39975587210512,32.110918876779046,49372.0,68659.0,100695.0,-32036.0,1,0,False,False,False,False,False,True,False,False,Normal
2024-07-26,,228.66666666666666,,5883.666666666667,,False,False,False,False,False,True,,,,,,True,6112.333333333334,,-0.006447767663632309,,6204.976190476191,5984.309523809524,-35.4,6335.928571428572,6121.0952380952385,-35.888888888888886,151.99097074864645,32.110918876779046,49372.0,68659.0,100695.0,-32036.0,0,0,False,False,False,False,False,False,False,False,Missing Report
2024-07-27,,259.3333333333333,,5813.333333333333,,False,False,False,False,False,True,,,,,,True,6072.666666666666,,-0.006489611168675524,,6171.857142857143,5943.285714285715,-35.4,6298.071428571428,6077.857142857143,-35.888888888888886,146.34249889894062,32.110918876779046,49372.0,68659.0,100695.0,-32036.0,0,0,False,False,False,False,False,False,False,False,Missing Report
2024-07-28,152.0,290.0,199.0,5743.0,207.0,False,False,False,False,True,False,290.0,5743.0,152.0,199.0,207.0,False,6033.0,-8.0,-0.0065320013173783,1.0402010050251256,6140.285714285715,5898.285714285715,-25.6,6265.0,6037.5,-28.666666666666668,150.43135981886343,29.95830435789005,49524.0,68858.0,100902.0,-32044.0,0,1,False,False,False,False,False,False,False,False,Normal
2024-07-29,114.0,210.0,219.0,5819.0,163.0,False,True,False,False,True,False,210.0,5819.0,114.0,219.0,163.0,False,6029.0,56.0,-0.0006630200563566557,0.7442922374429224,6117.142857142857,5872.142857142857,1.4,6233.642857142857,6004.357142857143,-21.0,150.61564340708216,41.19162536244442,49638.0,69077.0,101065.0,-31988.0,1,0,False,False,False,False,False,True,False,False,Normal
2024-07-30,125.0,203.0,208.0,5930.0,92.0,False,True,False,False,True,False,203.0,5930.0,125.0,208.0,92.0,False,6133.0,116.0,0.01724995853375355,0.4423076923076923,6104.428571428572,5867.142857142857,33.4,6208.5,5982.285714285715,-2.5555555555555554,133.87830933074312,59.62405368454709,49763.0,69285.0,101157.0,-31872.0,2,0,False,False,False,False,False,True,False,False,Normal
2024-07-31,140.0,261.0,163.0,5963.0,154.0,False,False,False,False,True,False,261.0,5963.0,140.0,163.0,154.0,False,6224.0,9.0,0.014837762921897868,0.9447852760736196,6108.0,5872.285714285715,37.4,6191.928571428572,5963.357142857143,-0.4444444444444444,113.72830335489417,59.66387330518992,49903.0,69448.0,101311.0,-31863.0,3,0,True,False,False,False,False,True,False,False,Watch
2024-08-01,227.0,298.0,212.0,6016.0,169.0,False,False,False,False,True,False,298.0,6016.0,227.0,212.0,169.0,False,6314.0,43.0,0.014460154241645151,0.7971698113207547,6131.142857142857,5881.142857142857,43.2,6185.392857142857,5951.25,3.9,102.5949134689283,57.9049988247031,50130.0,69660.0,101480.0,-31820.0,4,0,True,False,False,False,False,True,False,False,Watch
2024-08-02,,254.33333333333334,,5991.666666666667,,False,False,False,False,False,True,,,,,,True,6246.0,,-0.01076971808679128,,6150.2380952380945,5896.571428571428,43.2,6177.607142857143,5940.440476190476,3.9,92.35896171004826,57.9049988247031,50130.0,69660.0,101480.0,-31820.0,0,0,False,False,False,False,False,False,False,False,Missing Report
2024-08-03,,210.66666666666669,,5967.333333333333,,False,False,False,False,False,True,,,,,,True,6178.0,,-0.010886967659301972,,6165.285714285715,5918.571428571428,43.2,6168.571428571428,5930.928571428572,3.9,84.87440983901145,57.9049988247031,50130.0,69660.0,101480.0,-31820.0,0,0,False,False,False,False,False,False,False,False,Missing Report
2024-08-04,63.0,167.0,143.0,5943.0,170.0,False,False,False,False,True,False,167.0,5943.0,63.0,143.0,170.0,False,6110.0,-27.0,-0.011006798316607336,1.1888111888111887,6176.285714285715,5947.142857142857,39.4,6158.285714285715,5922.714285714285,6.9,82.4150282053676,55.1088821233825,50193.0,69803.0,101650.0,-31847.0,0,1,False,False,False,False,False,False,False,False,Normal
2024-08-05,172.0,259.0,138.0,5950.0,150.0,False,False,False,False,True,False,259.0,5950.0,172.0,138.0,150.0,False,6209.0,-12.0,0.016202945990180018,1.0869565217391304,6202.0,5965.857142857143,25.8,6159.571428571428,5919.0,13.6,83.10218491608902,46.978009039691244,50365.0,69941.0,101800.0,-31859.0,0,2,False,False,False,False,False,False,False,False,Normal
2024-08-06,163.0,283.0,200.0,5998.0,143.0,False,False,False,False,True,False,283.0,5998.0,163.0,200.0,143.0,False,6281.0,57.0,0.011596070220647459,0.715,6223.142857142857,5975.571428571428,14.0,6163.785714285715,5921.357142857143,23.7,87.87078772624155,43.97991966037811,50528.0,70141.0,101943.0,-31802.0,1,0,False,False,False,False,False,True,False,False,Normal
2024-08-07,135.0,273.0,207.0,6038.0,174.0,False,False,False,False,True,False,273.0,6038.0,135.0,207.0,174.0,False,6311.0,33.0,0.004776309504855858,0.8405797101449275,6235.571428571428,5986.285714285715,18.8,6171.785714285715,5929.285714285715,28.1,96.0418896440492,42.2911863683726,50663.0,70348.0,102117.0,-31769.0,2,0,False,False,False,False,False,True,False,False,Normal
2024-08-08,119.0,230.0,213.0,6084.0,174.0,False,False,False,False,True,False,230.0,6084.0,119.0,213.0,174.0,False,6314.0,39.0,0.0004753604816987167,0.8169014084507042,6235.571428571428,5996.0,18.0,6183.357142857143,5938.571428571428,30.6,102.98298459381868,42.10357598958895,50782.0,70561.0,102291.0,-31730.0,3,0,True,False,False,False,False,True,False,False,Watch
2024-08-09,,223.66666666666666,,6020.666666666667,,False,False,False,False,False,True,,,,,,True,6244.333333333334,,-0.011033681765388992,,6235.333333333334,6000.142857142857,18.0,6192.785714285715,5948.357142857143,30.6,102.01831636570371,42.10357598958895,50782.0,70561.0,102291.0,-31730.0,0,0,False,False,False,False,False,False,False,False,Missing Report
2024-08-10,,217.33333333333334,,5957.333333333333,,False,False,False,False,False,True,,,,,,True,6174.666666666666,,-0.011156782149148725,,6234.857142857143,5998.714285714285,18.0,6200.071428571428,5958.642857142857,30.6,96.25972509980937,42.10357598958895,50782.0,70561.0,102291.0,-31730.0,0,0,False,False,False,False,False,False,False,False,Missing Report
2024-08-11,95.0,211.0,140.0,5894.0,249.0,False,False,False,False,True,False,211.0,5894.0,95.0,140.0,249.0,False,6105.0,-109.0,-0.011282660332541439,1.7785714285714285,6234.142857142857,5991.714285714285,1.6,6205.214285714285,5969.428571428572,20.5,88.23595088136929,60.49104616938482,50877.0,70701.0,102540.0,-31839.0,0,1,False,False,False,False,False,False,True,False,Normal
2024-08-12,109.0,219.0,155.0,5903.0,148.0,False,False,False,False,True,False,219.0,5903.0,109.0,155.0,148.0,False,6122.0,7.0,0.0027846027846027965,0.9548387096774194,6221.714285714285,5985.0,5.4,6211.857142857143,5975.428571428572,15.6,76.69516909170747,59.268128965837036,50986.0,70856.0,102688.0,-31832.0,1,0,False,False,False,False,False,True,False,False,Normal
2024-08-13,162.0,239.0,189.0,5981.0,123.0,False,False,False,False,True,False,239.0,5981.0,162.0,189.0,123.0,False,6220.0,66.0,0.016007840574975507,0.6507936507936508,6213.0,5982.571428571428,7.2,6218.071428571428,5979.071428571428,10.6,73.261990770632,51.45051560048291,51148.0,71045.0,102811.0,-31766.0,2,0,False,False,False,False,False,True,False,False,Normal
2024-08-14,109.0,226.0,191.0,5987.0,178.0,False,False,False,False,True,False,226.0,5987.0,109.0,191.0,178.0,False,6213.0,13.0,-0.0011254019292604722,0.9319371727748691,6199.0,5975.285714285715,3.2,6217.285714285715,5980.785714285715,11.0,73.2525029045836,51.45224322936088,51257.0,71236.0,102989.0,-31753.0,3,0,True,False,False,False,False,True,False,False,Watch
2024-08-15,124.0,241.0,156.0,5895.0,220.0,False,False,False,False,True,False,241.0,5895.0,124.0,156.0,220.0,False,6136.0,-64.0,-0.012393368742958266,1.4102564102564104,6173.571428571428,5948.285714285715,-17.4,6204.571428571428,5972.142857142857,0.3,70.57328476445512,55.05764655744399,51381.0,71392.0,103209.0,-31817.0,0,1,False,False,False,False,False,False,False,False,Normal
2024-08-16,,242.0,,5870.333333333333,,False,False,False,False,False,True,,,,,,True,6112.333333333333,,-0.0038570186875271917,,6154.714285714285,5926.809523809525,-17.4,6195.023809523809,5963.47619047619,0.3,73.51765463615875,55.05764655744399,51381.0,71392.0,103209.0,-31817.0,0,0,False,False,False,False,False,False,False,False,Missing Report
2024-08-17,,243.0,,5845.666666666667,,False,False,False,False,False,True,,,,,,True,6088.666666666667,,-0.0038719528821506977,,6142.428571428572,5910.857142857143,-17.4,6188.642857142857,5954.785714285715,0.3,78.79622797571756,55.05764655744399,51381.0,71392.0,103209.0,-31817.0,0,0,False,False,False,False,False,False,False,False,Missing Report
2024-08-18,86.0,244.0,235.0,5821.0,178.0,False,False,False,False,True,False,244.0,5821.0,86.0,235.0,178.0,False,6065.0,57.0,-0.0038870031752984424,0.7574468085106383,6136.714285714285,5900.428571428572,15.8,6185.428571428572,5946.071428571428,8.7,83.0538316382485,56.809721390308056,51467.0,71627.0,103387.0,-31760.0,1,0,False,False,False,False,False,True,False,False,Normal
2024-08-19,176.0,254.0,162.0,5865.0,158.0,False,False,False,False,True,False,254.0,5865.0,176.0,162.0,158.0,False,6119.0,4.0,0.008903544929925733,0.9753086419753086,6136.285714285715,5895.0,15.2,6179.0,5940.0,10.3,84.55848125405318,56.38567588000009,51643.0,71789.0,103545.0,-31756.0,2,0,False,False,False,False,False,False,False,False,Normal
2024-08-20,136.0,274.0,245.0,5995.0,112.0,False,False,False,False,True,False,274.0,5995.0,136.0,245.0,112.0,False,6269.0,133.0,0.0245138094459878,0.45714285714285713,6143.285714285715,5897.0,28.6,6178.142857142857,5939.785714285715,17.9,83.4991902593675,67.42147696065058,51779.0,72034.0,103657.0,-31623.0,3,0,True,False,False,False,False,True,False,False,Watch
2024-08-21,134.0,245.0,167.0,6028.0,156.0,False,False,False,False,True,False,245.0,6028.0,134.0,167.0,156.0,False,6273.0,11.0,0.0006380602966979954,0.9341317365269461,6151.857142857143,5902.857142857143,28.2,6175.428571428572,5939.071428571428,15.7,79.36343197222192,67.23268054550044,51913.0,72201.0,103813.0,-31612.0,4,0,True,False,False,False,False,True,False,False,Watch
2024-08-22,182.0,307.0,205.0,6054.0,171.0,False,False,False,False,True,False,307.0,6054.0,182.0,205.0,171.0,False,6361.0,34.0,0.014028375577873398,0.8341463414634146,6184.0,5925.571428571428,47.8,6178.785714285715,5936.928571428572,15.2,86.36155435535748,67.0585150778365,52095.0,72406.0,103984.0,-31578.0,5,0,True,False,False,False,False,True,False,False,Watch
2024-08-23,,302.6,,6073.6,,False,False,False,False,False,True,,,,,,True,6376.200000000001,,0.0023895613897186863,,6221.695238095238,5954.609523809523,47.8,6188.204761904762,5940.7095238095235,15.2,100.15065050187381,67.0585150778365,52095.0,72406.0,103984.0,-31578.0,0,0,False,False,False,False,False,False,False,False,Missing Report
2024-08-24,,298.2,,6093.2,,False,False,False,False,False,True,,,,,,True,6391.4,,0.0023838649979610604,,6264.942857142857,5989.971428571429,47.8,6203.685714285714,5950.414285714286,15.2,113.7276682039986,67.0585150778365,52095.0,72406.0,103984.0,-31578.0,0,0,False,False,False,False,False,False,False,False,Missing Report
2024-08-25,,293.8,,6112.8,,False,False,False,False,False,True,,,,,,True,6406.6,,0.0023781957004727072,,6313.742857142856,6031.657142857142,45.5,6225.228571428571,5966.042857142857,29.0,121.86997614896056,54.004629431188384,52095.0,72406.0,103984.0,-31578.0,0,0,False,False,False,False,False,False,False,False,Missing Report
2024-08-26,,289.4,,6132.4,,False,False,False,False,False,True,,,,,,True,6421.799999999999,,0.0023725533044045566,,6357.0,6069.857142857143,59.333333333333336,6246.642857142857,5982.428571428572,31.75,128.49542638955103,57.05573715987831,52095.0,72406.0,103984.0,-31578.0,0,0,False,False,False,False,False,False,False,False,Missing Report
2024-08-27,149.0,285.0,222.0,6152.0,97.0,False,False,False,False,True,False,285.0,6152.0,149.0,222.0,97.0,False,6437.0,125.0,0.002366937618736298,0.4369369369369369,6381.0,6092.285714285715,56.666666666666664,6262.142857142857,5994.642857142857,39.125,137.78647634863,65.32870185235784,52244.0,72628.0,104081.0,-31453.0,1,0,False,False,False,False,False,True,False,False,Normal
2024-08-28,170.0,285.0,178.0,6227.0,134.0,False,False,False,False,True,False,285.0,6227.0,170.0,178.0,134.0,False,6512.0,44.0,0.011651390399254336,0.7528089887640449,6415.142857142857,6120.714285714285,67.66666666666667,6283.5,6011.785714285715,43.0,152.02081222742714,64.47147763601673,52414.0,72806.0,104215.0,-31409.0,2,0,False,False,False,False,False,True,False,False,Normal
2024-08-29,145.0,295.0,188.0,6250.0,169.0,False,False,False,False,True,False,295.0,6250.0,145.0,188.0,169.0,False,6545.0,19.0,0.0050675675675675436,0.898936170212766,6441.428571428572,6148.714285714285,62.666666666666664,6312.714285714285,6037.142857142857,53.375,160.55471454079685,49.8022876697731,52559.0,72994.0,104384.0,-31390.0,3,0,True,False,False,False,False,True,False,False,Watch
2024-08-30,,288.75,,6235.5,,False,False,False,False,False,True,,,,,,True,6524.25,,-0.003170359052712013,,6462.578571428572,6171.842857142858,62.666666666666664,6342.1369047619055,6063.226190476191,53.375,158.74187511011604,49.8022876697731,52559.0,72994.0,104384.0,-31390.0,0,0,False,False,False,False,False,False,False,False,Missing Report
2024-08-31,,282.5,,6221.0,,False,False,False,False,False,True,,,,,,True,6503.5,,-0.003180442196420996,,6478.592857142858,6190.099999999999,62.666666666666664,6371.767857142857,6090.035714285715,53.375,145.99414056575347,49.8022876697731,52559.0,72994.0,104384.0,-31390.0,0,0,False,False,False,False,False,False,False,False,Missing Report
2024-09-01,,276.25,,6206.5,,False,False,False,False,False,True,,,,,,True,6482.75,,-0.0031905896824786506,,6489.471428571429,6203.4857142857145,62.666666666666664,6401.607142857143,6117.571428571428,52.857142857142854,118.59138452425736,53.76934867694447,52559.0,72994.0,104384.0,-31390.0,0,0,False,False,False,False,False,False,False,False,Missing Report
2024-09-02,133.0,270.0,198.0,6192.0,129.0,False,False,False,False,True,False,270.0,6192.0,133.0,198.0,129.0,False,6462.0,69.0,-0.003200802128726199,0.6515151515151515,6495.214285714285,6212.0,64.25,6426.107142857143,6140.928571428572,62.142857142857146,86.91636753178128,49.357297911685066,52692.0,73192.0,104513.0,-31321.0,1,0,False,False,False,False,False,True,False,False,Normal
2024-09-03,131.0,263.0,177.0,6272.0,112.0,False,False,False,False,True,False,263.0,6272.0,131.0,177.0,112.0,False,6535.0,65.0,0.011296812132466805,0.632768361581921,6509.214285714285,6229.142857142857,49.25,6445.107142857143,6160.714285714285,52.42857142857143,78.60755213472,38.60853594244439,52823.0,73369.0,104625.0,-31256.0,2,0,False,False,False,False,False,True,False,False,Normal
2024-09-04,121.0,231.0,219.0,6375.0,114.0,False,False,False,False,True,False,231.0,6375.0,121.0,219.0,114.0,False,6606.0,105.0,0.010864575363427775,0.5205479452054794,6522.642857142857,6250.285714285715,64.5,6468.892857142857,6185.5,65.85714285714286,72.68155743429823,38.14196538996775,52944.0,73588.0,104739.0,-31151.0,3,0,True,False,False,False,False,True,False,False,Watch
2024-09-05,126.0,230.0,175.0,6448.0,121.0,False,False,False,False,True,False,230.0,6448.0,126.0,175.0,121.0,False,6678.0,54.0,0.01089918256130784,0.6914285714285714,6541.642857142857,6278.571428571428,73.25,6491.535714285715,6213.642857142857,68.71428571428571,84.84422701050535,36.04956904834513,53070.0,73763.0,104860.0,-31097.0,4,0,True,False,False,False,False,True,False,False,Watch
2024-09-06,,238.33333333333334,,6402.666666666667,,False,False,False,False,False,True,,,,,,True,6641.0,,-0.0055405810122791666,,6558.321428571428,6302.452380952381,73.25,6510.45,6237.147619047619,68.71428571428571,86.65129054846356,36.04956904834513,53070.0,73763.0,104860.0,-31097.0,0,0,False,False,False,False,False,False,False,False,Missing Report
2024-09-07,,246.66666666666666,,6357.333333333333,,False,False,False,False,False,True,,,,,,True,6604.0,,-0.005571450082818896,,6572.678571428572,6321.928571428572,73.25,6525.635714285714,6256.0142857142855,68.71428571428571,82.72290034583507,36.04956904834513,53070.0,73763.0,104860.0,-31097.0,0,0,False,False,False,False,False,False,False,False,Missing Report
2024-09-08,123.0,255.0,164.0,6312.0,221.0,False,False,False,False,True,False,255.0,6312.0,123.0,164.0,221.0,False,6567.0,-57.0,-0.00560266505148399,1.3475609756097562,6584.714285714285,6337.0,47.2,6537.092857142858,6270.242857142856,53.0,75.78501692998421,55.58262832422148,53193.0,73927.0,105081.0,-31154.0,0,1,False,False,False,False,False,False,False,False,Normal
2024-09-09,144.0,275.0,190.0,6353.0,141.0,False,False,False,False,True,False,275.0,6353.0,144.0,190.0,141.0,False,6628.0,49.0,0.00928886858535094,0.7421052631578947,6608.428571428572,6360.0,43.2,6551.821428571428,6286.0,52.55555555555556,71.57482828359323,52.009881539739716,53337.0,74117.0,105222.0,-31105.0,1,0,False,False,False,False,False,True,False,False,Normal
2024-09-10,131.0,251.0,180.0,6396.0,148.0,False,False,False,False,True,False,251.0,6396.0,131.0,180.0,148.0,False,6647.0,32.0,0.0028666264333132574,0.8222222222222222,6624.428571428572,6377.714285714285,36.6,6566.821428571428,6303.428571428572,42.22222222222222,67.55250298257734,44.516226754346825,53468.0,74297.0,105370.0,-31073.0,2,0,False,False,False,False,False,True,False,False,Normal
2024-09-11,93.0,248.0,175.0,6410.0,162.0,False,False,False,False,True,False,248.0,6410.0,93.0,175.0,162.0,False,6658.0,13.0,0.0016548819016097838,0.9257142857142857,6631.857142857143,6382.714285714285,18.2,6577.25,6316.5,38.77777777777778,69.67451802064635,45.54881386429754,53561.0,74472.0,105532.0,-31060.0,3,0,True,False,False,False,False,True,False,False,Watch
2024-09-12,184.0,280.0,210.0,6360.0,220.0,False,False,False,False,True,False,280.0,6360.0,184.0,210.0,220.0,False,6640.0,-10.0,-0.00270351456893958,1.0476190476190477,6626.428571428572,6370.142857142857,5.4,6584.035714285715,6324.357142857143,35.55555555555556,70.90722928380691,48.07835040616261,53745.0,74682.0,105752.0,-31070.0,0,1,False,False,False,False,False,False,False,False,Normal
2024-09-13,81.0,200.0,212.0,6326.0,279.0,False,True,False,False,True,False,200.0,6326.0,81.0,212.0,279.0,False,6526.0,-67.0,-0.017168674698795128,1.3160377358490567,6610.0,6359.190476190476,-6.666666666666667,6584.160714285715,6330.821428571428,25.3,70.79518176302831,55.73558607887367,53826.0,74894.0,106031.0,-31137.0,0,2,False,False,False,False,False,False,False,False,Normal
2024-09-14,,210.0,,6280.0,,False,False,False,False,False,True,,,,,,True,6490.0,,-0.0055163959546429275,,6593.714285714285,6348.142857142857,-6.666666666666667,6583.196428571428,6335.035714285715,25.3,72.05901551439719,55.73558607887367,53826.0,74894.0,106031.0,-31137.0,0,0,False,False,False,False,False,False,False,False,Missing Report
2024-09-15,98.0,220.0,167.0,6234.0,210.0,False,False,False,False,True,False,220.0,6234.0,98.0,167.0,210.0,False,6454.0,-43.0,-0.005546995377503805,1.2574850299401197,6577.571428571428,6337.0,-4.333333333333333,6581.142857142857,6337.0,19.09090909090909,75.4706842137744,56.74408259097059,53924.0,75061.0,106241.0,-31180.0,0,1,False,False,False,False,False,False,False,False,Normal
2024-09-16,113.0,209.0,160.0,6229.0,164.0,False,False,False,False,True,False,209.0,6229.0,113.0,160.0,164.0,False,6438.0,-4.0,-0.0024790827393864623,1.025,6550.428571428572,6319.285714285715,-13.166666666666666,6579.428571428572,6339.642857142857,12.454545454545455,78.5931238770297,54.54972710539174,54037.0,75221.0,106405.0,-31184.0,0,2,False,False,False,False,False,False,False,False,Normal
2024-09-17,159.0,304.0,139.0,6227.0,160.0,False,False,False,False,True,False,304.0,6227.0,159.0,139.0,160.0,False,6531.0,-21.0,0.014445479962721386,1.1510791366906474,6533.857142857143,6295.142857142857,-22.0,6579.142857142857,6336.428571428572,4.636363636363637,78.77412416037158,52.385633006145184,54196.0,75360.0,106565.0,-31205.0,0,3,False,True,False,False,False,False,False,False,Relief
2024-09-18,116.0,213.0,217.0,6245.0,149.0,False,True,False,False,True,False,213.0,6245.0,116.0,217.0,149.0,False,6458.0,68.0,-0.011177461338233052,0.6866359447004609,6505.285714285715,6271.571428571428,-12.833333333333334,6568.571428571428,6327.142857142857,1.2727272727272727,84.60743219297073,46.10876469629352,54312.0,75577.0,106714.0,-31137.0,1,0,False,False,False,False,False,True,False,False,Normal
2024-09-19,93.0,196.0,169.0,6270.0,188.0,False,False,False,False,True,False,196.0,6270.0,93.0,169.0,188.0,False,6466.0,-19.0,0.0012387736141219463,1.1124260355029585,6480.428571428572,6258.714285714285,-14.333333333333334,6553.428571428572,6314.428571428572,-5.363636363636363,82.4599803026795,42.90285008544919,54405.0,75746.0,106902.0,-31156.0,0,1,False,False,False,False,False,False,False,False,Normal
2024-09-20,,208.66666666666666,,6176.333333333333,,False,False,False,False,False,True,,,,,,True,6385.0,,-0.012527064645839747,,6460.285714285715,6237.333333333334,-3.8,6535.142857142857,6298.261904761904,-5.363636363636363,89.62044507640753,42.90285008544919,54405.0,75746.0,106902.0,-31156.0,0,0,False,False,False,False,False,False,False,False,Missing Report
2024-09-21,,221.33333333333334,,6082.666666666667,,False,False,False,False,False,True,,,,,,True,6304.0,,-0.012685982772122184,,6433.714285714285,6209.142857142857,-3.8,6513.714285714285,6278.642857142857,-5.363636363636363,106.21851828302813,42.90285008544919,54405.0,75746.0,106902.0,-31156.0,0,0,False,False,False,False,False,False,False,False,Missing Report
2024-09-22,124.0,234.0,161.0,5989.0,197.0,False,False,False,False,True,False,234.0,5989.0,124.0,161.0,197.0,False,6223.0,-36.0,-0.01284898477157359,1.2236024844720497,6400.714285714285,6174.142857142857,-2.4,6489.142857142857,6255.571428571428,-3.4545454545454546,130.0572992906145,40.79059606419976,54529.0,75907.0,107099.0,-31192.0,0,1,False,False,False,False,False,False,False,False,Normal
2024-09-23,92.0,203.0,173.0,6002.0,165.0,False,False,False,False,True,False,203.0,6002.0,92.0,173.0,165.0,False,6205.0,8.0,-0.0028924955809095376,0.953757225433526,6367.428571428572,6141.714285714285,0.0,6458.928571428572,6230.5,-7.181818181818182,143.73290629328605,37.2365900206184,54621.0,76080.0,107264.0,-31184.0,1,0,False,False,False,False,False,True,False,False,Normal
2024-09-24,186.0,259.0,172.0,6023.0,143.0,False,False,False,False,True,False,259.0,6023.0,186.0,172.0,143.0,False,6282.0,29.0,0.012409347300563978,0.8313953488372093,6331.857142857143,6112.571428571428,10.0,6432.857142857143,6203.857142857143,-7.454545454545454,140.05101111434684,36.93064753389397,54807.0,76252.0,107407.0,-31155.0,2,0,False,False,False,False,False,True,False,False,Normal
2024-09-25,154.0,225.0,220.0,6050.0,169.0,False,False,False,False,True,False,225.0,6050.0,154.0,220.0,169.0,False,6275.0,51.0,-0.0011142948105699046,0.7681818181818182,6305.714285714285,6084.714285714285,6.6,6405.5,6178.142857142857,-4.0,129.71492411563773,40.62757684135225,54961.0,76472.0,107576.0,-31104.0,3,0,True,False,False,False,False,True,False,False,Watch
2024-09-26,91.0,199.0,172.0,6090.0,185.0,False,False,False,False,True,False,199.0,6090.0,91.0,172.0,185.0,False,6289.0,-13.0,0.00223107569721126,1.0755813953488371,6280.428571428572,6059.0,7.8,6380.428571428572,6158.857142857143,-4.2727272727272725,113.85531593604273,40.6819146773866,55052.0,76644.0,107761.0,-31117.0,0,1,False,False,False,False,False,False,False,False,Normal
2024-09-27,,203.66666666666666,,6035.0,,False,False,False,False,False,True,,,,,,True,6238.666666666667,,-0.00800339216621615,,6259.523809523809,6038.809523809524,7.8,6359.904761904762,6138.071428571428,2.0,111.46839869248248,36.851051545376286,55052.0,76644.0,107761.0,-31117.0,0,0,False,False,False,False,False,False,False,False,Missing Report
2024-09-28,,208.33333333333334,,5980.0,,False,False,False,False,False,True,,,,,,True,6188.333333333333,,-0.008067963240008691,,6243.0,6024.142857142857,7.8,6338.357142857143,6116.642857142857,2.0,113.5237814821653,36.851051545376286,55052.0,76644.0,107761.0,-31117.0,0,0,False,False,False,False,False,False,False,False,Missing Report
2024-09-29,81.0,213.0,153.0,5925.0,177.0,False,False,False,False,True,False,213.0,5925.0,81.0,153.0,177.0,False,6138.0,-24.0,-0.00813358470239689,1.1568627450980393,6230.857142857143,6015.0,10.2,6315.785714285715,6094.571428571428,3.9,119.99249315085903,34.700144091919555,55133.0,76797.0,107938.0,-31141.0,0,1,False,False,False,False,False,False,False,False,Normal
2024-09-30,209.0,285.0,184.0,5967.0,138.0,False,False,False,False,True,False,285.0,5967.0,209.0,184.0,138.0,False,6252.0,46.0,0.01857282502443791,0.75,6237.571428571428,6010.0,17.8,6302.5,6075.857142857143,8.9,115.63793702108526,36.96379610135033,55342.0,76981.0,108076.0,-31095.0,1,0,False,False,False,False,False,True,False,False,Normal
2024-10-01,184.0,314.0,217.0,6040.0,137.0,False,False,False,False,True,False,314.0,6040.0,184.0,217.0,137.0,False,6354.0,80.0,0.016314779270633295,0.631336405529954,6247.857142857143,6012.428571428572,28.0,6289.857142857143,6062.5,19.0,96.89007907699789,41.41658283023013,55526.0,77198.0,108213.0,-31015.0,2,0,False,False,False,False,False,True,False,False,Normal
2024-10-02,107.0,215.0,230.0,6091.0,173.0,False,True,False,False,True,False,215.0,6091.0,107.0,230.0,173.0,False,6306.0,57.0,-0.007554296506137814,0.7521739130434782,6252.285714285715,6018.285714285715,29.2,6279.0,6051.5,17.9,84.29719505343064,40.09558024964268,55633.0,77428.0,108386.0,-30958.0,3,0,True,False,False,False,False,True,False,False,Watch
2024-10-03,101.0,162.0,178.0,6118.0,193.0,False,True,False,False,True,False,162.0,6118.0,101.0,178.0,193.0,False,6280.0,-15.0,-0.004123057405645447,1.0842696629213484,6251.0,6022.285714285715,28.8,6265.714285714285,6040.642857142857,18.3,65.00833045034702,39.704603707322605,55734.0,77606.0,108579.0,-30973.0,0,1,False,False,False,False,False,False,False,False,Normal
2024-10-04,,169.0,,6080.5,,False,False,False,False,False,True,,,,,,True,6249.5,,-0.004856687898089129,,6252.547619047619,6028.785714285715,28.8,6256.035714285715,6033.797619047619,18.3,55.23478165851831,39.704603707322605,55734.0,77606.0,108579.0,-30973.0,0,0,False,False,False,False,False,False,False,False,Missing Report
2024-10-05,,176.0,,6043.0,,False,False,False,False,False,True,,,,,,True,6219.0,,-0.004880390431234449,,6256.928571428572,6037.785714285715,28.8,6249.964285714285,6030.964285714285,18.3,54.21925173506267,39.704603707322605,55734.0,77606.0,108579.0,-30973.0,0,0,False,False,False,False,False,False,False,False,Missing Report
2024-10-06,,183.0,,6005.5,,False,False,False,False,False,True,,,,,,True,6188.5,,-0.004904325454253122,,6264.142857142857,6049.285714285715,42.0,6247.5,6032.142857142857,24.333333333333332,56.28377428461052,36.93237062523848,55734.0,77606.0,108579.0,-30973.0,0,0,False,False,False,False,False,False,False,False,Missing Report
2024-10-07,99.0,190.0,176.0,5968.0,153.0,False,False,False,False,True,False,190.0,5968.0,99.0,176.0,153.0,False,6158.0,23.0,-0.004928496404621452,0.8693181818181818,6250.714285714285,6049.428571428572,36.25,6244.142857142857,6029.714285714285,26.0,60.27401309282681,36.4383040220038,55833.0,77782.0,108732.0,-30950.0,1,0,False,False,False,False,False,True,False,False,Normal
2024-10-08,167.0,239.0,166.0,6013.0,123.0,False,False,False,False,True,False,239.0,6013.0,167.0,166.0,123.0,False,6252.0,43.0,0.015264696329977179,0.7409638554216867,6236.142857142857,6045.571428571428,27.0,6242.0,6029.0,27.555555555555557,59.35079691018995,36.87855444262635,56000.0,77948.0,108855.0,-30907.0,2,0,False,False,False,False,False,True,False,False,Normal
2024-10-09,115.0,216.0,169.0,6047.0,137.0,False,False,False,False,True,False,216.0,6047.0,115.0,169.0,137.0,False,6263.0,32.0,0.00175943698016634,0.8106508875739645,6230.0,6039.285714285715,20.75,6241.142857142857,6028.785714285715,25.444444444444443,58.922658894836175,35.899551219726355,56115.0,78117.0,108992.0,-30875.0,3,0,True,False,False,False,False,True,False,False,Watch
2024-10-10,84.0,158.0,193.0,6075.0,159.0,False,True,False,False,True,False,158.0,6075.0,84.0,193.0,159.0,False,6233.0,34.0,-0.004790036723614888,0.8238341968911918,6223.285714285715,6033.142857142857,33.0,6237.142857142857,6027.714285714285,30.666666666666668,57.30246101983201,32.90136775272387,56199.0,78310.0,109151.0,-30841.0,4,0,True,False,False,False,False,True,False,False,Watch
2024-10-11,,181.0,,6013.0,,False,False,False,False,False,True,,,,,,True,6194.0,,-0.006257019091930105,,6215.357142857143,6023.5,33.0,6233.952380952381,6026.142857142857,30.666666666666668,58.443208920847866,32.90136775272387,56199.0,78310.0,109151.0,-30841.0,0,0,False,False,False,False,False,False,False,False,Missing Report
2024-10-12,,204.0,,5951.0,,False,False,False,False,False,True,,,,,,True,6155.0,,-0.006296415886341666,,6206.214285714285,6010.357142857143,33.0,6231.571428571428,6024.071428571428,30.666666666666668,61.06486372927307,32.90136775272387,56199.0,78310.0,109151.0,-30841.0,0,0,False,False,False,False,False,False,False,False,Missing Report
2024-10-13,130.0,227.0,192.0,5889.0,210.0,False,False,False,False,True,False,227.0,5889.0,130.0,192.0,210.0,False,6116.0,-18.0,-0.006336311941510964,1.09375,6195.857142857143,5993.714285714285,22.8,6230.0,6021.5,31.333333333333332,63.87638301868191,31.69384798348062,56329.0,78502.0,109361.0,-30859.0,0,1,False,False,False,False,False,False,False,False,Normal
2024-10-14,88.0,214.0,160.0,5935.0,106.0,False,False,False,False,True,False,214.0,5935.0,88.0,160.0,106.0,False,6149.0,54.0,0.0053956834532373765,0.6625,6194.571428571428,5989.0,29.0,6222.642857142857,6019.214285714285,32.22222222222222,67.00270619325306,32.263670659805946,56417.0,78662.0,109467.0,-30805.0,1,0,False,False,False,False,False,True,False,False,Normal
2024-10-15,113.0,208.0,159.0,6013.0,107.0,False,False,False,False,True,False,208.0,6013.0,113.0,159.0,107.0,False,6221.0,52.0,0.011709221011546589,0.6729559748427673,6190.142857142857,5989.0,30.8,6213.142857142857,6017.285714285715,29.11111111111111,55.363285726641855,28.171104186933984,56530.0,78821.0,109574.0,-30753.0,2,0,False,False,False,False,False,True,False,False,Normal
2024-10-16,174.0,285.0,150.0,6036.0,129.0,False,False,False,False,True,False,285.0,6036.0,174.0,150.0,129.0,False,6321.0,21.0,0.01607458607940848,0.86,6198.428571428572,5987.428571428572,28.6,6214.214285714285,6013.357142857143,25.11111111111111,57.40601492271497,26.203265275745487,56704.0,78971.0,109703.0,-30732.0,3,0,True,False,False,False,False,True,False,False,Watch
2024-10-17,104.0,230.0,206.0,6076.0,160.0,False,False,False,False,True,False,230.0,6076.0,104.0,206.0,160.0,False,6306.0,46.0,-0.0023730422401518902,0.7766990291262136,6208.857142857143,5987.571428571428,31.0,6216.071428571428,6010.357142857143,31.88888888888889,60.05729864667261,22.098893888859905,56808.0,79177.0,109863.0,-30686.0,4,0,True,False,False,False,False,True,False,False,Watch
2024-10-18,,245.33333333333334,,6023.333333333333,,False,False,False,False,False,True,,,,,,True,6268.666666666666,,-0.005920287556824277,,6219.523809523809,5989.047619047619,31.0,6217.440476190476,6006.273809523809,31.88888888888889,61.087565254085746,22.098893888859905,56808.0,79177.0,109863.0,-30686.0,0,0,False,False,False,False,False,False,False,False,Missing Report
2024-10-19,,260.6666666666667,,5970.666666666667,,False,False,False,False,False,True,,,,,,True,6231.333333333334,,-0.0059555461023075296,,6230.428571428572,5991.857142857143,31.0,6218.321428571428,6001.107142857143,31.88888888888889,61.20061114479494,22.098893888859905,56808.0,79177.0,109863.0,-30686.0,0,0,False,False,False,False,False,False,False,False,Missing Report
2024-10-20,147.0,276.0,214.0,5918.0,195.0,False,False,False,False,True,False,276.0,5918.0,147.0,214.0,195.0,False,6194.0,19.0,-0.005991227131700083,0.9112149532710281,6241.571428571428,5996.0,38.4,6218.714285714285,5994.857142857143,30.6,61.01181854607033,21.229957868801623,56955.0,79391.0,110058.0,-30667.0,1,0,False,False,False,False,False,True,False,False,Normal
2024-10-21,108.0,220.0,213.0,5966.0,154.0,False,False,False,False,True,False,220.0,5966.0,108.0,213.0,154.0,False,6186.0,59.0,-0.0012915724895059544,0.7230046948356808,6246.857142857143,6000.428571428572,39.4,6220.714285714285,5994.714285714285,34.2,59.303486750445245,22.79278638321985,57063.0,79604.0,110212.0,-30608.0,2,0,False,False,False,False,False,True,False,False,Normal
2024-10-22,180.0,280.0,146.0,6043.0,109.0,False,False,False,False,True,False,280.0,6043.0,180.0,146.0,109.0,False,6323.0,37.0,0.022146783058519137,0.7465753424657534,6261.428571428572,6004.714285714285,36.4,6225.785714285715,5996.857142857143,33.6,64.95160685516672,22.613663519601566,57243.0,79750.0,110321.0,-30571.0,3,0,True,False,False,False,False,True,False,False,Watch
2024-10-23,134.0,294.0,186.0,6077.0,138.0,False,False,False,False,True,False,294.0,6077.0,134.0,186.0,138.0,False,6371.0,48.0,0.007591333227898067,0.7419354838709677,6268.571428571428,6010.571428571428,41.8,6233.5,5999.0,35.2,75.30062257737968,23.049704746240675,57377.0,79936.0,110459.0,-30523.0,4,0,True,False,False,False,False,True,False,False,Watch
2024-10-24,,298.75,,6051.25,,False,False,False,False,False,True,,,,,,True,6350.0,,-0.0032961858420970103,,6274.857142857143,6007.035714285715,40.75,6241.857142857143,5997.303571428572,35.333333333333336,81.47987159309372,24.443813123160197,57377.0,79936.0,110459.0,-30523.0,0,0,False,False,False,False,False,False,False,False,Missing Report
2024-10-25,,303.5,,6025.5,,False,False,False,False,False,True,,,,,,True,6329.0,,-0.003307086614173227,,6283.476190476191,6007.345238095238,40.75,6251.5,5998.196428571428,35.333333333333336,83.34746034017537,24.443813123160197,57377.0,79936.0,110459.0,-30523.0,0,0,False,False,False,False,False,False,False,False,Missing Report
2024-10-26,,308.25,,5999.75,,False,False,False,False,False,True,,,,,,True,6308.0,,-0.00331805972507504,,6294.428571428572,6011.5,40.75,6262.428571428572,6001.678571428572,35.333333333333336,79.67062843524863,24.443813123160197,57377.0,79936.0,110459.0,-30523.0,0,0,False,False,False,False,False,False,False,False,Missing Report
2024-10-27,202.0,313.0,158.0,5974.0,192.0,False,False,False,False,True,False,313.0,5974.0,202.0,158.0,192.0,False,6287.0,-34.0,-0.00332910589727331,1.2151898734177216,6307.714285714285,6019.5,27.5,6274.642857142857,6007.75,33.55555555555556,67.70416597383795,28.970291296045957,57579.0,80094.0,110651.0,-30557.0,0,1,False,False,False,False,False,False,False,False,Normal
2024-10-28,110.0,272.0,193.0,6008.0,156.0,False,False,False,False,True,False,272.0,6008.0,110.0,193.0,156.0,False,6280.0,37.0,-0.0011134086209638738,0.8082901554404145,6321.142857142857,6025.5,22.0,6284.0,6012.964285714285,31.666666666666668,57.24904358425799,28.008927148321447,57689.0,80287.0,110807.0,-30520.0,1,0,False,False,False,False,False,True,False,False,Normal
2024-10-29,166.0,277.0,229.0,6106.0,126.0,False,False,False,False,True,False,277.0,6106.0,166.0,229.0,126.0,False,6383.0,103.0,0.016401273885350287,0.5502183406113537,6329.714285714285,6034.5,38.5,6295.571428571428,6019.607142857143,37.333333333333336,59.84873076123092,36.50684867254333,57855.0,80516.0,110933.0,-30417.0,2,0,False,False,False,False,False,True,False,False,Normal
2024-10-30,136.0,276.0,178.0,6149.0,160.0,False,False,False,False,True,False,276.0,6149.0,136.0,178.0,160.0,False,6425.0,18.0,0.006579978066739711,0.898876404494382,6337.428571428572,6044.785714285715,31.0,6303.0,6027.678571428572,37.0,69.00216768449503,36.68787265568799,57991.0,80694.0,111093.0,-30399.0,3,0,True,False,False,False,False,True,False,False,Watch
2024-10-31,87.0,246.0,173.0,6148.0,177.0,False,False,False,False,True,False,246.0,6148.0,87.0,173.0,177.0,False,6394.0,-4.0,-0.004824902723735369,1.023121387283237,6343.714285714285,6058.607142857143,24.0,6309.285714285715,6032.821428571428,31.444444444444443,73.17825761056118,38.875156305509,58078.0,80867.0,111270.0,-30403.0,0,1,False,False,False,False,False,False,False,False,Normal
2024-11-01,,221.0,,6095.333333333333,,False,False,False,False,False,True,,,,,,True,6316.333333333333,,-0.012146804295693925,,6341.904761904762,6068.583333333334,24.0,6312.690476190475,6037.964285714285,31.444444444444443,72.24595505520303,38.875156305509,58078.0,80867.0,111270.0,-30403.0,0,0,False,False,False,False,False,False,False,False,Missing Report
2024-11-02,,196.0,,6042.666666666667,,False,False,False,False,False,True,,,,,,True,6238.666666666667,,-0.012296163385930536,,6332.0,6074.714285714285,24.0,6313.214285714285,6043.107142857143,31.444444444444443,71.63471048236438,38.875156305509,58078.0,80867.0,111270.0,-30403.0,0,0,False,False,False,False,False,False,False,False,Missing Report
2024-11-03,84.0,171.0,157.0,5990.0,184.0,False,False,False,False,True,False,171.0,5990.0,84.0,157.0,184.0,False,6161.0,-27.0,-0.012449241290874213,1.1719745222929936,6314.0,6077.0,25.4,6310.857142857143,6048.25,26.333333333333332,76.253257100399,43.46837931186276,58162.0,81024.0,111454.0,-30430.0,0,1,False,False,False,False,False,False,False,False,Normal
2024-11-04,167.0,209.0,157.0,6007.0,132.0,False,False,False,False,True,False,209.0,6007.0,167.0,157.0,132.0,False,6216.0,25.0,0.008927122220418804,0.8407643312101911,6304.857142857143,6076.857142857143,23.0,6313.0,6051.178571428572,22.555555555555557,72.8188244648429,41.7166367026125,58329.0,81181.0,111586.0,-30405.0,1,0,False,False,False,False,False,True,False,False,Normal
2024-11-05,109.0,245.0,159.0,6045.0,126.0,False,False,False,False,True,False,245.0,6045.0,109.0,159.0,126.0,False,6290.0,33.0,0.011904761904761862,0.7924528301886793,6291.571428571428,6068.142857142857,9.0,6310.642857142857,6051.321428571428,22.11111111111111,73.00409358356556,41.564541512100064,58438.0,81340.0,111712.0,-30372.0,2,0,False,False,False,False,False,True,False,False,Normal
2024-11-06,156.0,256.0,176.0,6086.0,137.0,False,False,False,False,True,False,256.0,6086.0,156.0,176.0,137.0,False,6342.0,39.0,0.008267090620031725,0.7784090909090909,6279.714285714285,6059.142857142857,13.2,6308.571428571428,6051.964285714285,21.11111111111111,71.55685427856393,40.96780578833933,58594.0,81516.0,111849.0,-30333.0,3,0,True,False,False,False,False,True,False,False,Watch
2024-11-07,125.0,232.0,192.0,6084.0,177.0,False,False,False,False,True,False,232.0,6084.0,125.0,192.0,177.0,False,6316.0,15.0,-0.00409965310627558,0.921875,6268.571428571428,6050.0,17.0,6306.142857142857,6054.303571428572,20.5,70.6133948065923,38.67313164344325,58719.0,81708.0,112026.0,-30318.0,4,0,True,False,False,False,False,True,False,False,Watch
2024-11-08,,208.75,,6053.75,,False,False,False,False,False,True,,,,,,True,6262.5,,-0.008470550981633962,,6260.880952380952,6044.059523809524,17.0,6301.392857142857,6056.321428571428,20.5,71.1918560810529,38.67313164344325,58719.0,81708.0,112026.0,-30318.0,0,0,False,False,False,False,False,False,False,False,Missing Report
2024-11-09,,185.5,,6023.5,,False,False,False,False,False,True,,,,,,True,6209.0,,-0.008542914171656646,,6256.642857142857,6041.321428571428,17.0,6294.321428571428,6058.017857142857,20.5,75.28426085646753,38.67313164344325,58719.0,81708.0,112026.0,-30318.0,0,0,False,False,False,False,False,False,False,False,Missing Report
2024-11-10,,162.25,,5993.25,,False,False,False,False,False,True,,,,,,True,6155.5,,-0.00861652440006444,,6255.857142857143,6041.785714285715,28.0,6284.928571428572,6059.392857142857,26.555555555555557,83.97022554964437,35.63744909189989,58719.0,81708.0,112026.0,-30318.0,0,0,False,False,False,False,False,False,False,False,Missing Report
2024-11-11,118.0,139.0,168.0,5963.0,145.0,False,True,False,False,True,False,139.0,5963.0,118.0,168.0,145.0,False,6102.0,23.0,-0.008691414182438462,0.8630952380952381,6239.571428571428,6035.5,27.5,6272.214285714285,6056.178571428572,25.0,97.20652585586824,35.42950747611344,58837.0,81876.0,112171.0,-30295.0,1,0,False,False,False,False,False,True,False,False,Normal
2024-11-12,142.0,235.0,139.0,5975.0,138.0,False,False,False,False,True,False,235.0,5975.0,142.0,139.0,138.0,False,6210.0,1.0,0.017699115044247815,0.9928057553956835,6228.142857142857,6025.5,19.5,6259.857142857143,6046.821428571428,13.666666666666666,92.9424014519124,20.548722588033982,58979.0,82015.0,112309.0,-30294.0,2,0,False,False,False,False,False,False,False,False,Normal
2024-11-13,148.0,245.0,175.0,5966.0,151.0,False,False,False,False,True,False,245.0,5966.0,148.0,175.0,151.0,False,6211.0,24.0,0.00016103059581329404,0.8628571428571429,6209.428571428572,6008.357142857143,15.75,6244.571428571428,6033.75,14.333333333333334,80.45136329348155,20.802644062714194,59127.0,82190.0,112460.0,-30270.0,3,0,True,False,False,False,False,True,False,False,Watch
2024-11-14,119.0,219.0,210.0,6025.0,172.0,False,False,False,False,True,False,219.0,6025.0,119.0,210.0,172.0,False,6244.0,38.0,0.005313154081468374,0.819047619047619,6199.142857142857,5999.928571428572,21.5,6233.857142857143,6024.964285714285,19.0,68.0530165721591,20.8865985742049,59246.0,82400.0,112632.0,-30232.0,4,0,True,False,False,False,False,True,False,False,Watch
2024-11-15,,216.0,,5955.333333333333,,False,False,False,False,False,True,,,,,,True,6171.333333333333,,-0.011637838992099137,,6186.119047619048,5985.869047619048,21.5,6223.5,6014.964285714285,19.0,65.52209779152695,20.8865985742049,59246.0,82400.0,112632.0,-30232.0,0,0,False,False,False,False,False,False,False,False,Missing Report
2024-11-16,,213.0,,5885.666666666667,,False,False,False,False,False,True,,,,,,True,6098.666666666667,,-0.01177487306902869,,6170.357142857143,5966.178571428572,21.5,6213.5,6003.75,19.0,73.25625319612912,20.8865985742049,59246.0,82400.0,112632.0,-30232.0,0,0,False,False,False,False,False,False,False,False,Missing Report
2024-11-17,105.0,210.0,149.0,5816.0,195.0,False,False,False,False,True,False,210.0,5816.0,105.0,149.0,195.0,False,6026.0,-46.0,-0.0119151727153477,1.308724832214765,6151.857142857143,5940.857142857143,8.0,6203.857142857143,5991.321428571428,16.88888888888889,88.0831934139842,26.360218343388002,59351.0,82549.0,112827.0,-30278.0,0,1,False,False,False,False,False,False,False,False,Normal
2024-11-18,143.0,203.0,163.0,5819.0,138.0,False,False,False,False,True,False,203.0,5819.0,143.0,163.0,138.0,False,6022.0,25.0,-0.0006637902422834685,0.8466257668711656,6140.428571428572,5920.285714285715,8.4,6190.0,5977.892857142857,16.88888888888889,100.42169633038962,26.360218343388002,59494.0,82712.0,112965.0,-30253.0,1,0,False,False,False,False,False,True,False,False,Normal
2024-11-19,119.0,209.0,152.0,5844.0,146.0,False,False,False,False,True,False,209.0,5844.0,119.0,152.0,146.0,False,6053.0,6.0,0.005147791431418192,0.9605263157894737,6118.0,5901.571428571428,9.4,6173.071428571428,5963.535714285715,13.88888888888889,102.22736755042648,25.828494170413595,59613.0,82864.0,113111.0,-30247.0,2,0,False,False,False,False,False,True,False,False,Normal
2024-11-20,155.0,212.0,181.0,5879.0,148.0,False,False,False,False,True,False,212.0,5879.0,155.0,181.0,148.0,False,6091.0,33.0,0.006277878737815934,0.8176795580110497,6100.857142857143,5889.142857142857,11.2,6155.142857142857,5948.75,13.222222222222221,91.80013260676185,25.16832224134979,59768.0,83045.0,113259.0,-30214.0,3,0,True,False,False,False,False,True,False,False,Watch
2024-11-21,109.0,214.0,173.0,5850.0,210.0,False,False,False,False,True,False,214.0,5850.0,109.0,173.0,210.0,False,6064.0,-37.0,-0.004432769660154379,1.2138728323699421,6075.142857142857,5864.142857142857,-3.8,6137.142857142857,5932.035714285715,7.444444444444445,82.01802639853487,30.17909504570599,59877.0,83218.0,113469.0,-30251.0,0,1,False,False,False,False,False,False,False,False,Normal
2024-11-22,,237.0,,5788.0,,False,False,False,False,False,True,,,,,,True,6025.0,,-0.006431398416886558,,6054.2380952380945,5840.2380952380945,-3.8,6120.178571428572,5913.053571428572,7.444444444444445,78.58509635163585,30.17909504570599,59877.0,83218.0,113469.0,-30251.0,0,0,False,False,False,False,False,False,False,False,Missing Report
2024-11-23,,260.0,,5726.0,,False,False,False,False,False,True,,,,,,True,5986.0,,-0.006473029045643175,,6038.142857142857,5817.428571428572,-3.8,6104.25,5891.803571428572,7.444444444444445,81.73390089435665,30.17909504570599,59877.0,83218.0,113469.0,-30251.0,0,0,False,False,False,False,False,False,False,False,Missing Report
2024-11-24,191.0,283.0,192.0,5664.0,207.0,False,False,False,False,True,False,283.0,5664.0,191.0,192.0,207.0,False,5947.0,-15.0,-0.006515202138322795,1.078125,6026.857142857143,5795.714285714285,2.4,6089.357142857143,5868.285714285715,5.2,90.23108645029941,29.32499881595114,60068.0,83410.0,113676.0,-30266.0,0,1,False,False,False,False,False,False,False,False,Normal
2024-11-25,170.0,297.0,196.0,5715.0,129.0,False,False,False,False,True,False,297.0,5715.0,170.0,196.0,129.0,False,6012.0,67.0,0.010929880612073228,0.6581632653061225,6025.428571428572,5780.857142857143,10.8,6082.928571428572,5850.571428571428,9.6,92.44006407136283,35.03712316957516,60238.0,83606.0,113805.0,-30199.0,1,0,False,False,False,False,False,True,False,False,Normal
2024-11-26,152.0,272.0,214.0,5826.0,112.0,False,False,False,False,True,False,272.0,5826.0,152.0,214.0,112.0,False,6098.0,102.0,0.014304723885562254,0.5233644859813084,6031.857142857143,5778.285714285715,30.0,6074.928571428572,5839.928571428572,19.7,85.15648527257876,45.32855366959946,60390.0,83820.0,113917.0,-30097.0,2,0,False,False,False,False,False,True,False,False,Normal
2024-11-27,239.0,367.0,224.0,5862.0,211.0,False,False,False,False,True,False,367.0,5862.0,239.0,224.0,211.0,False,6229.0,13.0,0.021482453263365064,0.9419642857142857,6051.571428571428,5775.857142857143,26.0,6076.214285714285,5832.5,18.6,87.47332752293705,45.3460766402855,60629.0,84044.0,114128.0,-30084.0,3,0,True,False,False,False,False,True,False,False,Watch
2024-11-28,113.0,280.0,237.0,5963.0,143.0,False,False,False,False,True,False,280.0,5963.0,113.0,237.0,143.0,False,6243.0,94.0,0.00224755177396041,0.6033755274261603,6077.142857142857,5792.0,52.2,6076.142857142857,5828.071428571428,24.2,87.3260629462548,51.10077190110604,60742.0,84281.0,114271.0,-29990.0,4,0,True,False,False,False,False,True,False,False,Watch
2024-11-29,,288.6666666666667,,5970.666666666667,,False,False,False,False,False,True,,,,,,True,6259.333333333334,,0.002616263548507858,,6110.619047619048,5818.095238095238,52.2,6082.428571428572,5829.166666666667,24.2,97.30219281994096,51.10077190110604,60742.0,84281.0,114271.0,-29990.0,0,0,False,False,False,False,False,False,False,False,Missing Report
2024-11-30,,297.3333333333333,,5978.333333333333,,False,False,False,False,False,True,,,,,,True,6275.666666666666,,0.0026094365747149073,,6152.0,5854.142857142857,52.2,6095.071428571428,5835.785714285715,24.2,110.21650632292307,51.10077190110604,60742.0,84281.0,114271.0,-29990.0,0,0,False,False,False,False,False,False,False,False,Missing Report
2024-12-01,196.0,306.0,187.0,5986.0,149.0,False,False,False,False,True,False,306.0,5986.0,196.0,187.0,149.0,False,6292.0,38.0,0.002602645137302906,0.7967914438502673,6201.285714285715,5900.142857142857,62.8,6114.071428571428,5847.928571428572,32.6,119.89605031616439,44.79384878405594,60938.0,84468.0,114420.0,-29952.0,1,0,False,False,False,False,False,True,False,False,Normal
2024-12-02,236.0,330.0,222.0,6061.0,115.0,False,False,False,False,True,False,330.0,6061.0,236.0,222.0,115.0,False,6391.0,107.0,0.01573426573426584,0.5180180180180181,6255.428571428572,5949.571428571428,70.8,6140.428571428572,5865.214285714285,40.8,137.38276609487338,50.402380896143995,61174.0,84690.0,114535.0,-29845.0,2,0,False,False,False,False,False,True,False,False,Normal
2024-12-03,81.0,230.0,242.0,6192.0,107.0,False,True,False,False,True,False,230.0,6192.0,81.0,242.0,107.0,False,6422.0,135.0,0.0048505711156312525,0.44214876033057854,6301.714285714285,6001.857142857143,77.4,6166.785714285715,5890.071428571428,53.7,153.74185307492752,56.62949761387595,61255.0,84932.0,114642.0,-29710.0,3,0,True,False,False,False,False,True,False,False,Watch
2024-12-04,118.0,245.0,160.0,6269.0,115.0,False,False,False,False,True,False,245.0,6269.0,118.0,160.0,115.0,False,6514.0,45.0,0.014325755216443525,0.71875,6342.428571428572,6060.0,83.8,6197.0,5917.928571428572,54.9,177.44097369310012,56.26810819638405,61373.0,85092.0,114757.0,-29665.0,4,0,True,False,False,False,False,True,False,False,Watch
2024-12-05,218.0,283.0,208.0,6310.0,150.0,False,False,False,False,True,False,283.0,6310.0,218.0,208.0,150.0,False,6593.0,58.0,0.012127724900214965,0.7211538461538461,6392.428571428572,6109.571428571428,76.6,6234.785714285715,5950.785714285715,64.4,201.6179261775743,46.13554907973754,61591.0,85300.0,114907.0,-29607.0,5,0,True,False,False,False,False,True,False,False,Watch
2024-12-06,,269.6666666666667,,6302.0,,False,False,False,False,False,True,,,,,,True,6571.666666666667,,-0.0032357550937862634,,6437.047619047618,6156.904761904762,76.6,6273.833333333334,5987.5,64.4,210.59986566629735,46.13554907973754,61591.0,85300.0,114907.0,-29607.0,0,0,False,False,False,False,False,False,False,False,Missing Report
2024-12-07,,256.3333333333333,,6294.0,,False,False,False,False,False,True,,,,,,True,6550.333333333333,,-0.003246259193507628,,6476.285714285715,6202.0,76.6,6314.142857142857,6028.071428571428,64.4,205.20836666260527,46.13554907973754,61591.0,85300.0,114907.0,-29607.0,0,0,False,False,False,False,False,False,False,False,Missing Report
2024-12-08,132.0,243.0,183.0,6286.0,172.0,False,False,False,False,True,False,243.0,6286.0,132.0,183.0,172.0,False,6529.0,11.0,-0.0032568317133987446,0.9398907103825137,6510.142857142857,6244.857142857143,71.2,6355.714285714285,6072.5,67.0,182.8432076493425,41.68133075290802,61723.0,85483.0,115079.0,-29596.0,1,0,False,False,False,False,False,True,False,False,Normal
2024-12-09,224.0,315.0,152.0,6268.0,174.0,False,False,False,False,True,False,315.0,6268.0,224.0,152.0,174.0,False,6583.0,-22.0,0.008270791851738402,1.144736842105263,6537.571428571428,6274.428571428572,45.4,6396.5,6112.0,58.1,162.86897623140777,50.29347207474659,61947.0,85635.0,115253.0,-29618.0,0,1,False,False,False,False,False,False,False,False,Normal
2024-12-10,167.0,326.0,213.0,6310.0,149.0,False,False,False,False,True,False,326.0,6310.0,167.0,213.0,149.0,False,6636.0,64.0,0.008051040559015732,0.6995305164319249,6568.142857142857,6291.285714285715,31.2,6434.928571428572,6146.571428571428,54.3,149.98086365474853,47.99085561044108,62114.0,85848.0,115402.0,-29554.0,1,0,False,False,False,False,False,True,False,False,Normal
2024-12-11,209.0,353.0,232.0,6402.0,152.0,False,False,False,False,True,False,353.0,6402.0,209.0,232.0,152.0,False,6755.0,80.0,0.01793248945147674,0.6551724137931034,6602.571428571428,6310.285714285715,38.2,6472.5,6185.142857142857,61.0,159.97642721608517,46.22889909040765,62323.0,86080.0,115554.0,-29474.0,2,0,False,False,False,False,False,True,False,False,Normal
2024-12-12,153.0,253.0,286.0,6481.0,194.0,False,True,False,False,True,False,253.0,6481.0,153.0,286.0,194.0,False,6734.0,92.0,-0.0031088082901554737,0.6783216783216783,6622.714285714285,6334.714285714285,45.0,6507.571428571428,6222.142857142857,60.8,159.61344482943514,46.074336071661705,62476.0,86366.0,115748.0,-29382.0,3,0,True,False,False,False,False,True,False,False,Watch
2024-12-13,,281.0,,6456.666666666667,,False,False,False,False,False,True,,,,,,True,6737.666666666667,,0.0005445005445006146,,6646.428571428572,6356.809523809524,45.0,6541.738095238096,6256.857142857143,60.8,153.4657276009799,46.074336071661705,62476.0,86366.0,115748.0,-29382.0,0,0,False,False,False,False,False,False,False,False,Missing Report
2024-12-14,,309.0,,6432.333333333333,,False,False,False,False,False,True,,,,,,True,6741.333333333333,,0.0005442042250036749,,6673.714285714285,6376.571428571428,45.0,6575.0,6289.285714285715,60.8,141.34730216360543,46.074336071661705,62476.0,86366.0,115748.0,-29382.0,0,0,False,False,False,False,False,False,False,False,Missing Report
2024-12-15,180.0,337.0,219.0,6408.0,224.0,False,False,False,False,True,False,337.0,6408.0,180.0,219.0,224.0,False,6745.0,-5.0,0.0005439082278482221,1.0228310502283104,6704.571428571428,6394.0,41.8,6607.357142857143,6319.428571428572,56.5,122.12257148575503,50.255458520553695,62656.0,86585.0,115972.0,-29387.0,0,1,False,False,False,False,False,False,False,False,Normal
2024-12-16,133.0,287.0,189.0,6454.0,149.0,False,False,False,False,True,False,287.0,6454.0,133.0,189.0,149.0,False,6741.0,40.0,-0.0005930318754633346,0.7883597883597884,6727.142857142857,6420.571428571428,54.2,6632.357142857143,6347.5,49.8,109.60804015351343,47.144694528888444,62789.0,86774.0,116121.0,-29347.0,1,0,False,False,False,False,False,True,False,False,Normal
2024-12-17,187.0,310.0,247.0,6506.0,151.0,False,False,False,False,True,False,310.0,6506.0,187.0,247.0,151.0,False,6816.0,96.0,0.011125945705384943,0.611336032388664,6752.857142857143,6448.571428571428,60.6,6660.5,6369.928571428572,45.9,101.74148150927311,40.451479852067266,62976.0,87021.0,116272.0,-29251.0,2,0,False,False,False,False,False,True,False,False,Normal
2024-12-18,168.0,285.0,210.0,6598.0,134.0,False,False,False,False,True,False,285.0,6598.0,168.0,210.0,134.0,False,6883.0,76.0,0.009829812206572752,0.638095238095238,6771.142857142857,6476.571428571428,59.8,6686.857142857143,6393.428571428572,49.0,108.44548153932483,41.54783053568747,63144.0,87231.0,116406.0,-29175.0,3,0,True,False,False,False,False,True,False,False,Watch
2024-12-19,269.0,412.0,204.0,6600.0,238.0,False,False,False,False,True,False,412.0,6600.0,269.0,204.0,238.0,False,7012.0,-34.0,0.018741827691413526,1.1666666666666667,6810.857142857143,6493.571428571428,34.6,6716.785714285715,6414.142857142857,39.8,135.09373808838302,48.873532941892016,63413.0,87435.0,116644.0,-29209.0,0,1,False,False,False,False,False,False,False,False,Normal
2024-12-20,,359.6666666666667,,6598.333333333333,,False,False,False,False,False,True,,,,,,True,6958.0,,-0.00770108385624646,,6842.333333333334,6513.809523809525,34.6,6744.380952380952,6435.309523809524,39.8,142.42892107248807,48.873532941892016,63413.0,87435.0,116644.0,-29209.0,0,0,False,False,False,False,False,False,False,False,Missing Report
2024-12-21,,307.3333333333333,,6596.666666666667,,False,False,False,False,False,True,,,,,,True,6904.0,,-0.007760850819200971,,6865.571428571428,6537.285714285715,34.6,6769.642857142857,6456.928571428572,39.8,136.6093353343277,48.873532941892016,63413.0,87435.0,116644.0,-29209.0,0,0,False,False,False,False,False,False,False,False,Missing Report
2024-12-22,100.0,255.0,236.0,6595.0,268.0,False,False,False,False,True,False,255.0,6595.0,100.0,236.0,268.0,False,6850.0,-32.0,-0.007821552723059066,1.1355932203389831,6880.571428571428,6564.0,29.2,6792.571428571428,6479.0,35.5,118.90385605187078,53.37342243310057,63513.0,87671.0,116912.0,-29241.0,0,1,False,False,False,False,False,False,False,False,Normal
2024-12-23,205.0,294.0,177.0,6548.0,231.0,False,False,False,False,True,False,294.0,6548.0,205.0,177.0,231.0,False,6842.0,-54.0,-0.0011678832116788218,1.305084745762712,6895.0,6577.428571428572,10.4,6811.071428571428,6499.0,32.3,102.85432222026064,57.96560282711715,63718.0,87848.0,117143.0,-29295.0,0,2,False,False,False,False,False,False,False,False,Normal
2024-12-24,161.0,304.0,211.0,6622.0,155.0,False,False,False,False,True,False,304.0,6622.0,161.0,211.0,155.0,False,6926.0,56.0,0.012277111955568465,0.7345971563981043,6910.714285714285,6594.0,2.4,6831.785714285715,6521.285714285715,31.5,93.67643959744414,57.5330822705992,63879.0,88059.0,117298.0,-29239.0,1,0,False,False,False,False,False,True,False,False,Normal
2024-12-25,57.0,162.0,193.0,6689.0,107.0,False,True,False,False,True,False,162.0,6689.0,57.0,193.0,107.0,False,6851.0,86.0,-0.010828761189719871,0.5544041450777202,6906.142857142857,6607.0,4.4,6838.642857142857,6541.785714285715,32.1,91.10156483767777,58.12333629638102,63936.0,88252.0,117405.0,-29153.0,2,0,False,False,False,False,False,True,False,False,Normal
2024-12-26,80.0,122.0,152.0,6707.0,135.0,False,True,False,False,True,False,122.0,6707.0,80.0,152.0,135.0,False,6829.0,17.0,-0.003211210042329604,0.8881578947368421,6880.0,6622.285714285715,14.6,6845.428571428572,6557.928571428572,24.6,86.10889831266611,54.24471300402344,64016.0,88404.0,117540.0,-29136.0,3,0,True,False,False,False,False,True,False,False,Watch
2024-12-27,,138.0,,6626.333333333333,,False,False,False,False,False,True,,,,,,True,6764.333333333333,,-0.009469419631961795,,6852.333333333334,6626.285714285715,14.6,6847.333333333333,6570.047619047618,24.6,83.80594189742555,54.24471300402344,64016.0,88404.0,117540.0,-29136.0,0,0,False,False,False,False,False,False,False,False,Missing Report
2024-12-28,,154.0,,6545.666666666667,,False,False,False,False,False,True,,,,,,True,6699.666666666667,,-0.009559946779677642,,6823.142857142857,6619.0,14.6,6844.357142857143,6578.142857142857,24.6,88.46994412403386,54.24471300402344,64016.0,88404.0,117540.0,-29136.0,0,0,False,False,False,False,False,False,False,False,Missing Report
2024-12-29,107.0,170.0,133.0,6465.0,216.0,False,False,False,False,True,False,170.0,6465.0,107.0,133.0,216.0,False,6635.0,-83.0,-0.00965222150355749,1.6240601503759398,6792.428571428572,6600.428571428572,4.4,6836.5,6582.214285714285,16.8,101.84618450891372,63.74916121452529,64123.0,88537.0,117756.0,-29219.0,0,1,False,False,False,False,False,False,False,False,Normal
2024-12-30,99.0,156.0,139.0,6454.0,177.0,False,False,False,False,True,False,156.0,6454.0,99.0,139.0,177.0,False,6610.0,-38.0,-0.0037678975131876236,1.2733812949640289,6759.285714285715,6587.0,7.6,6827.142857142857,6582.214285714285,9.0,116.28896474301163,65.34693735916169,64222.0,88676.0,117933.0,-29257.0,0,2,False,False,False,False,False,False,False,False,Normal
2024-12-31,,111.0,,6429.5,,False,False,False,False,False,True,,,,,,True,6540.5,,-0.010514372163388797,,6704.214285714285,6559.5,-4.5,6807.464285714285,6576.75,-0.6666666666666666,139.3443772236895,61.259693110559866,64222.0,88676.0,117933.0,-29257.0,0,0,False,False,False,False,False,False,False,False,Missing Report
2025-01-01,25.0,66.0,94.0,6405.0,144.0,False,True,False,False,True,False,66.0,6405.0,25.0,94.0,144.0,False,6471.0,-50.0,-0.010626098922100757,1.5319148936170213,6649.928571428572,6518.928571428572,-38.5,6778.035714285715,6562.964285714285,-14.666666666666666,163.5653529774142,55.69335687494492,64247.0,88770.0,118077.0,-29307.0,0,1,False,False,False,False,False,False,False,False,Normal
2025-01-02,35.0,70.0,53.0,6292.0,170.0,False,False,False,False,True,False,70.0,6292.0,35.0,53.0,170.0,False,6362.0,-117.0,-0.016844382630196275,3.207547169811321,6583.214285714285,6459.642857142857,-72.0,6731.607142857143,6540.964285714285,-23.88888888888889,183.1277356157919,65.33269557511831,64282.0,88823.0,118247.0,-29424.0,0,2,False,False,False,False,False,False,True,False,Normal
2025-01-03,,71.0,,6155.333333333333,,False,False,False,False,False,True,,,,,,True,6226.333333333333,,-0.02132453106989418,,6506.357142857143,6392.357142857143,-72.0,6679.345238095238,6509.321428571428,-23.88888888888889,215.1519286721605,65.33269557511831,64282.0,88823.0,118247.0,-29424.0,0,0,False,False,False,False,False,False,False,False,Missing Report
2025-01-04,,72.0,,6018.666666666667,,False,False,False,False,False,True,,,,,,True,6090.666666666667,,-0.021789175009368722,,6419.357142857143,6317.071428571428,-72.0,6621.25,6468.035714285715,-23.88888888888889,255.79386023025438,65.33269557511831,64282.0,88823.0,118247.0,-29424.0,0,0,False,False,False,False,True,False,False,False,Missing Report
2025-01-05,43.0,73.0,64.0,5882.0,185.0,False,False,False,False,True,False,73.0,5882.0,43.0,64.0,185.0,False,5955.0,-121.0,-0.022274518388791686,2.890625,6322.214285714285,6233.785714285715,-81.5,6557.321428571428,6417.107142857143,-33.77777777777778,301.90968016188003,72.99961948150425,64325.0,88887.0,118432.0,-29545.0,0,1,False,False,False,False,True,False,True,False,Watch
2025-01-06,41.0,60.0,71.0,5769.0,190.0,False,True,False,False,True,False,60.0,5769.0,41.0,71.0,190.0,False,5829.0,-119.0,-0.021158690176322437,2.676056338028169,6210.642857142857,6135.928571428572,-101.75,6484.964285714285,6361.464285714285,-41.0,346.5273153016532,78.27515570089894,64366.0,88958.0,118622.0,-29664.0,0,2,False,False,False,False,True,False,True,False,Watch
2025-01-07,65.0,83.0,65.0,5703.0,133.0,False,False,False,False,True,False,83.0,5703.0,65.0,65.0,133.0,False,5786.0,-68.0,-0.007376908560645101,2.046153846153846,6102.857142857143,6032.142857142857,-95.0,6403.535714285715,6295.821428571428,-54.77777777777778,368.1832051545273,69.48700917757516,64431.0,89023.0,118755.0,-29732.0,0,3,False,True,False,False,True,False,False,False,Relief
2025-01-08,38.0,80.0,82.0,5605.0,184.0,False,True,False,False,True,False,80.0,5605.0,38.0,82.0,184.0,False,5685.0,-102.0,-0.017455928102315887,2.2439024390243905,5990.571428571428,5917.857142857143,-105.4,6320.25,6218.392857142857,-75.66666666666667,390.3867398155217,46.249324319388364,64469.0,89105.0,118939.0,-29834.0,0,4,False,True,False,False,True,False,True,False,Relief
2025-01-09,56.0,82.0,68.0,5507.0,164.0,False,False,False,False,True,False,82.0,5507.0,56.0,68.0,164.0,False,5589.0,-96.0,-0.016886543535620024,2.411764705882353,5880.142857142857,5805.714285714285,-101.2,6231.678571428572,6132.678571428572,-88.22222222222223,406.4191578881511,30.65851340891159,64525.0,89173.0,119103.0,-29930.0,0,5,False,True,False,False,True,False,True,False,Relief
2025-01-10,,89.0,,5368.666666666667,,False,False,False,False,False,True,,,,,,True,5457.666666666667,,-0.023498538796445367,,5770.333333333333,5693.333333333333,-101.2,6138.3452380952385,6042.8452380952385,-88.22222222222223,424.3286727252839,30.65851340891159,64525.0,89173.0,119103.0,-29930.0,0,0,False,False,False,False,True,False,False,False,Missing Report
2025-01-11,,96.0,,5230.333333333333,,False,False,False,False,False,True,,,,,,True,5326.333333333333,,-0.024064007817748867,,5661.142857142857,5580.714285714285,-101.2,6040.25,5948.892857142857,-88.22222222222223,442.91662867532426,30.65851340891159,64525.0,89173.0,119103.0,-29930.0,0,0,False,False,False,False,True,False,False,False,Missing Report
2025-01-12,74.0,103.0,80.0,5092.0,235.0,False,False,False,False,True,False,103.0,5092.0,74.0,80.0,235.0,False,5195.0,-155.0,-0.024657362788660042,2.9375,5552.571428571428,5467.857142857143,-108.0,5937.392857142857,5850.821428571428,-96.22222222222223,461.0091383816564,37.70867863561929,64599.0,89253.0,119338.0,-30085.0,0,1,False,False,False,False,True,False,True,False,Watch
2025-01-13,68.0,107.0,102.0,5019.0,181.0,False,False,False,False,True,False,107.0,5019.0,68.0,102.0,181.0,False,5126.0,-79.0,-0.013282001924927789,1.7745098039215685,5452.142857142857,5360.714285714285,-100.0,5831.392857142857,5748.321428571428,-100.77777777777777,465.050579029861,31.811074242225946,64667.0,89355.0,119519.0,-30164.0,0,2,False,False,False,False,True,False,False,False,Watch
2025-01-14,92.0,124.0,93.0,4957.0,139.0,False,False,False,False,True,False,124.0,4957.0,92.0,93.0,139.0,False,5081.0,-46.0,-0.00877877487319545,1.4946236559139785,5351.428571428572,5254.142857142857,-95.6,5727.142857142857,5643.142857142857,-95.3,457.3872419874964,34.634760958705016,64759.0,89448.0,119658.0,-30210.0,0,3,False,True,False,False,True,False,False,False,Relief
2025-01-15,113.0,162.0,107.0,4903.0,164.0,False,False,False,False,True,False,162.0,4903.0,113.0,107.0,164.0,False,5065.0,-57.0,-0.0031489864199960582,1.5327102803738317,5262.857142857143,5153.857142857143,-86.6,5626.714285714285,5535.857142857143,-96.0,435.3201564176354,33.67491648096503,64872.0,89555.0,119822.0,-30267.0,0,4,False,True,False,False,True,False,False,False,Relief
2025-01-16,106.0,196.0,131.0,4881.0,159.0,False,False,False,False,True,False,196.0,4881.0,106.0,131.0,159.0,False,5077.0,-28.0,0.002369200394866766,1.213740458015267,5189.714285714285,5064.428571428572,-73.0,5534.928571428572,5435.071428571428,-87.1,402.6014800895355,38.86858199969016,64978.0,89686.0,119981.0,-30295.0,0,5,False,True,False,False,True,False,False,False,Relief
2025-01-17,,181.33333333333334,,4796.666666666667,,False,False,False,False,False,True,,,,,,True,4978.0,,-0.019499704549931107,,5121.190476190475,4982.714285714285,-73.0,5445.7619047619055,5338.02380952381,-87.1,374.98333703290484,38.86858199969016,64978.0,89686.0,119981.0,-30295.0,0,0,False,False,False,False,True,False,False,False,Missing Report
2025-01-18,,166.66666666666666,,4712.333333333333,,False,False,False,False,False,True,,,,,,True,4879.0,,-0.01988750502209724,,5057.285714285715,4908.714285714285,-73.0,5359.214285714285,5244.714285714285,-87.1,353.9244355859501,38.86858199969016,64978.0,89686.0,119981.0,-30295.0,0,0,False,False,False,False,True,False,False,False,Missing Report
2025-01-19,86.0,152.0,168.0,4628.0,176.0,False,True,False,False,True,False,152.0,4628.0,86.0,168.0,176.0,False,4780.0,-8.0,-0.020291043246566942,1.0476190476190477,4998.0,4842.428571428572,-43.6,5275.285714285715,5155.142857142857,-75.8,340.850190345666,44.00454521978351,65064.0,89854.0,120157.0,-30303.0,0,1,False,False,False,False,True,False,False,False,Watch
2025-01-20,84.0,118.0,136.0,4638.0,127.0,False,True,False,False,True,False,118.0,4638.0,84.0,136.0,127.0,False,4756.0,9.0,-0.005020920502092019,0.9338235294117647,4945.142857142857,4788.0,-26.0,5198.642857142857,5074.357142857143,-63.0,327.125644704767,48.43552415324905,65148.0,89990.0,120284.0,-30294.0,1,0,False,False,False,False,True,True,False,False,Watch
2025-01-21,59.0,64.0,117.0,4728.0,54.0,False,True,False,False,True,False,64.0,4728.0,59.0,117.0,54.0,False,4792.0,63.0,0.007569386038688064,0.46153846153846156,4903.857142857143,4755.285714285715,-4.2,5127.642857142857,5004.714285714285,-49.9,296.2511196350921,62.58230136743469,65207.0,90107.0,120338.0,-30231.0,2,0,False,False,False,False,True,True,False,False,Watch
2025-01-22,62.0,97.0,52.0,4717.0,83.0,False,False,False,False,True,False,97.0,4717.0,62.0,52.0,83.0,False,4814.0,-31.0,0.0045909849749583564,1.5961538461538463,4868.0,4728.714285714285,1.0,5065.428571428572,4941.285714285715,-42.8,259.35981107204987,59.98851741977123,65269.0,90159.0,120421.0,-30262.0,0,1,False,False,False,False,True,False,False,False,Watch
2025-01-23,91.0,75.0,97.0,4621.0,174.0,False,True,False,False,True,False,75.0,4621.0,91.0,97.0,174.0,False,4696.0,-77.0,-0.02451184046530952,1.7938144329896908,4813.571428571428,4691.571428571428,-8.8,5001.642857142857,4878.0,-40.9,228.68645590810772,58.396061511029785,65360.0,90256.0,120595.0,-30339.0,0,2,False,False,False,False,True,False,False,False,Watch
2025-01-24,,67.0,,4494.333333333333,,False,False,False,False,False,True,,,,,,True,4561.333333333333,,-0.028676888131743405,,4754.047619047619,4648.380952380952,-8.8,4937.619047619048,4815.547619047619,-40.9,216.33228071064514,58.396061511029785,65360.0,90256.0,120595.0,-30339.0,0,0,False,False,False,False,False,False,False,False,Missing Report
2025-01-25,,59.0,,4367.666666666667,,False,False,False,False,False,True,,,,,,True,4426.666666666667,,-0.02952353113124806,,4689.428571428572,4599.142857142857,-8.8,4873.357142857143,4753.928571428572,-40.9,225.41496261831625,58.396061511029785,65360.0,90256.0,120595.0,-30339.0,0,0,False,False,False,False,True,False,False,False,Missing Report
2025-01-26,29.0,51.0,11.0,4241.0,182.0,False,False,False,False,True,False,51.0,4241.0,29.0,11.0,182.0,False,4292.0,-171.0,-0.030421686746987975,16.545454545454547,4619.714285714285,4543.857142857143,-41.4,4808.857142857143,4693.142857142857,-42.5,253.7159632100421,61.97893907521218,65389.0,90267.0,120777.0,-30510.0,0,1,False,False,False,False,True,False,True,False,Watch
2025-01-27,33.0,53.0,34.0,4161.0,127.0,False,False,False,False,True,False,53.0,4161.0,33.0,34.0,127.0,False,4214.0,-93.0,-0.01817334575955265,3.735294117647059,4542.285714285715,4475.714285714285,-61.8,4743.714285714285,4631.857142857143,-43.9,281.57502247944603,63.04398817051804,65422.0,90301.0,120904.0,-30603.0,0,2,False,False,False,False,True,False,False,False,Watch
2025-01-28,32.0,49.0,39.0,4096.0,101.0,False,False,False,False,True,False,49.0,4096.0,32.0,39.0,101.0,False,4145.0,-62.0,-0.016373991457047987,2.58974358974359,4449.857142857143,4385.428571428572,-86.8,4676.857142857143,4570.357142857143,-45.5,305.4400696395959,63.30569572409014,65454.0,90340.0,121005.0,-30665.0,0,3,False,True,False,False,True,False,False,False,Relief
2025-01-29,32.0,50.0,39.0,4036.0,99.0,False,False,False,False,True,False,50.0,4036.0,32.0,39.0,99.0,False,4086.0,-60.0,-0.01423401688781667,2.5384615384615383,4345.857142857143,4288.142857142857,-92.6,4606.928571428572,4508.428571428572,-45.8,321.39293995936595,63.373320709725725,65486.0,90379.0,121104.0,-30725.0,0,4,False,True,False,False,True,False,False,False,Relief
2025-01-30,47.0,42.0,47.0,3923.0,159.0,False,True,False,False,True,False,42.0,3923.0,47.0,47.0,159.0,False,3965.0,-112.0,-0.02961331375428289,3.382978723404255,4241.428571428572,4188.428571428572,-99.6,4527.5,4440.0,-54.2,333.46606972512177,66.25338565772383,65533.0,90426.0,121263.0,-30837.0,0,5,False,True,False,False,True,False,True,False,Relief
2025-01-31,,35.333333333333336,,3776.3333333333335,,False,False,False,False,False,True,,,,,,True,3811.666666666667,,-0.03867171080285825,,4134.333333333334,4085.8571428571427,-99.6,4444.190476190476,4367.119047619048,-54.2,357.114018859831,66.25338565772383,65533.0,90426.0,121263.0,-30837.0,0,0,False,False,False,False,True,False,False,False,Missing Report
2025-02-01,,28.666666666666664,,3629.6666666666665,,False,False,False,False,False,True,,,,,,True,3658.333333333333,,-0.04022737210319216,,4024.5714285714284,3980.4285714285716,-99.6,4357.0,4289.785714285715,-54.2,390.26392559872363,66.25338565772383,65533.0,90426.0,121263.0,-30837.0,0,0,False,False,False,False,True,False,False,False,Missing Report
2025-02-02,20.0,22.0,41.0,3483.0,168.0,False,True,False,False,True,False,22.0,3483.0,20.0,41.0,168.0,False,3505.0,-127.0,-0.04191343963553518,4.097560975609756,3912.1428571428573,3872.1428571428573,-90.8,4265.928571428572,4208.0,-66.1,430.63781316695537,67.70434090793403,65553.0,90467.0,121431.0,-30964.0,0,1,False,False,False,False,True,False,True,False,Watch
2025-02-03,23.0,45.0,11.0,3403.0,102.0,False,False,False,False,True,False,45.0,3403.0,23.0,11.0,102.0,False,3448.0,-91.0,-0.016262482168330927,9.272727272727273,3802.714285714286,3763.8571428571427,-90.4,4172.5,4119.785714285715,-76.1,457.20460081711275,62.569872054279124,65576.0,90478.0,121533.0,-31055.0,0,2,False,False,False,False,True,False,False,False,Watch
2025-02-04,34.0,54.0,29.0,3359.0,74.0,False,False,False,False,True,False,54.0,3359.0,34.0,29.0,74.0,False,3413.0,-45.0,-0.010150812064965153,2.5517241379310347,3698.1428571428573,3658.5714285714284,-87.0,4074.0,4022.0,-86.9,461.99376545146646,41.74911842049912,65610.0,90507.0,121607.0,-31100.0,0,3,False,True,False,False,True,False,False,False,Relief
2025-02-05,26.0,36.0,36.0,3290.0,104.0,False,False,False,False,True,False,36.0,3290.0,26.0,36.0,104.0,False,3326.0,-68.0,-0.025490770583064704,2.888888888888889,3589.5714285714284,3552.0,-88.6,3967.714285714286,3920.0714285714284,-90.6,449.65353912772343,37.6864254960143,65636.0,90543.0,121711.0,-31168.0,0,4,False,True,False,False,True,False,False,False,Relief
2025-02-06,25.0,32.0,27.0,3181.0,145.0,False,False,False,False,True,False,32.0,3181.0,25.0,27.0,145.0,False,3213.0,-118.0,-0.03397474443776305,5.37037037037037,3482.1428571428573,3446.0,-89.8,3861.785714285714,3817.214285714286,-94.7,439.45328519134813,38.268205543969856,65661.0,90570.0,121856.0,-31286.0,0,5,False,True,False,False,True,False,True,False,Relief
2025-02-07,,25.666666666666668,,3080.0,,False,False,False,False,False,True,,,,,,True,3105.6666666666665,,-0.03340595497458243,,3381.285714285714,3346.5238095238096,-89.8,3757.8095238095234,3716.190476190476,-94.7,433.3717480856905,38.268205543969856,65661.0,90570.0,121856.0,-31286.0,0,0,False,False,False,False,True,False,False,False,Missing Report
2025-02-08,,19.333333333333336,,2979.0,,False,False,False,False,False,True,,,,,,True,2998.3333333333335,,-0.03456048084147245,,3287.0,3253.5714285714284,-89.8,3655.785714285714,3617.0,-94.7,431.92361637016586,38.268205543969856,65661.0,90570.0,121856.0,-31286.0,0,0,False,False,False,False,True,False,False,False,Missing Report
2025-02-09,15.0,13.0,23.0,2878.0,99.0,False,True,False,False,True,False,13.0,2878.0,15.0,23.0,99.0,False,2891.0,-76.0,-0.0357976653696499,4.304347826086956,3199.285714285714,3167.1428571428573,-79.6,3555.714285714286,3519.6428571428573,-85.2,435.464617914248,27.49868683733368,65676.0,90593.0,121955.0,-31362.0,0,1,False,False,False,False,True,False,False,False,Watch
2025-02-10,16.0,18.0,15.0,2834.0,63.0,False,False,False,False,True,False,18.0,2834.0,16.0,15.0,63.0,False,2852.0,-48.0,-0.013490141819439638,4.2,3114.1428571428573,3085.8571428571427,-71.0,3458.4285714285716,3424.8571428571427,-80.7,429.18108123281223,29.676215691656996,65692.0,90608.0,122018.0,-31410.0,0,2,False,False,False,False,True,False,False,False,Watch
2025-02-11,11.0,22.0,12.0,2799.0,50.0,False,False,False,False,True,False,22.0,2799.0,11.0,12.0,50.0,False,2821.0,-38.0,-0.010869565217391353,4.166666666666667,3029.5714285714284,3005.8571428571427,-69.6,3363.8571428571427,3332.214285714286,-78.3,411.77621742326903,32.21817982306081,65703.0,90620.0,122068.0,-31448.0,0,3,False,True,False,False,True,False,False,False,Relief
2025-02-12,16.0,20.0,20.0,2752.0,66.0,False,False,False,False,True,False,20.0,2752.0,16.0,20.0,66.0,False,2772.0,-46.0,-0.017369727047146455,3.3,2950.4285714285716,2929.0,-65.2,3270.0,3240.5,-76.9,383.2805537797892,33.38479361093035,65719.0,90640.0,122134.0,-31494.0,0,4,False,True,False,False,True,False,False,False,Relief
2025-02-13,15.0,10.0,23.0,2703.0,72.0,False,True,False,False,True,False,10.0,2703.0,15.0,23.0,72.0,False,2713.0,-49.0,-0.02128427128427124,3.130434782608696,2879.0,2860.714285714286,-51.4,3180.5714285714284,3153.3571428571427,-70.6,353.55460968090637,31.93813464253065,65734.0,90663.0,122206.0,-31543.0,0,5,False,True,False,False,True,False,False,False,Relief
2025-02-14,,11.75,,2660.25,,False,False,False,False,False,True,,,,,,True,2672.0,,-0.015112421673424303,,2817.047619047619,2800.75,-51.4,3099.166666666667,3073.6369047619046,-70.6,327.2966909875156,31.93813464253065,65734.0,90663.0,122206.0,-31543.0,0,0,False,False,False,False,True,False,False,False,Missing Report
2025-02-15,,13.5,,2617.5,,False,False,False,False,False,True,,,,,,True,2631.0,,-0.015344311377245456,,2764.5714285714284,2749.1071428571427,-51.4,3025.785714285714,3001.339285714286,-70.6,306.8107133022978,31.93813464253065,65734.0,90663.0,122206.0,-31543.0,0,0,False,False,False,False,True,False,False,False,Missing Report
2025-02-16,,15.25,,2574.75,,False,False,False,False,False,True,,,,,,True,2590.0,,-0.015583428354237983,,2721.5714285714284,2705.785714285714,-45.25,2960.4285714285716,2936.464285714286,-64.33333333333333,294.06797366888156,26.565955657569877,65734.0,90663.0,122206.0,-31543.0,0,0,False,False,False,False,True,False,False,False,Missing Report
2025-02-17,8.0,17.0,14.0,2532.0,15.0,False,False,False,False,True,False,17.0,2532.0,8.0,14.0,15.0,False,2549.0,-1.0,-0.015830115830115843,1.0714285714285714,2678.285714285714,2662.6428571428573,-33.5,2896.214285714286,2874.25,-54.333333333333336,277.07352250618186,31.713561767798485,65742.0,90677.0,122221.0,-31544.0,0,1,False,False,False,False,True,False,False,False,Watch
2025-02-18,18.0,19.0,11.0,2536.0,9.0,False,False,False,False,True,False,19.0,2536.0,18.0,11.0,9.0,False,2555.0,2.0,0.0023538642604943316,0.8181818181818182,2640.285714285714,2625.0714285714284,-23.5,2834.9285714285716,2815.464285714286,-49.111111111111114,247.25930810671264,36.88985105840197,65760.0,90688.0,122230.0,-31542.0,1,0,False,False,False,False,True,False,False,False,Watch
2025-02-19,12.0,17.0,17.0,2528.0,19.0,False,False,False,False,True,False,17.0,2528.0,12.0,17.0,19.0,False,2545.0,-2.0,-0.003913894324853229,1.1176470588235294,2607.8571428571427,2593.0714285714284,-12.5,2779.1428571428573,2761.035714285714,-41.77777777777778,213.77952994482516,39.156026923634826,65772.0,90705.0,122249.0,-31544.0,0,1,False,False,False,False,False,False,False,False,Normal
2025-02-20,13.0,25.0,15.0,2520.0,32.0,False,False,False,False,True,False,25.0,2520.0,13.0,15.0,32.0,False,2545.0,-17.0,0.0,2.1333333333333333,2583.8571428571427,2566.9285714285716,-4.5,2731.4285714285716,2713.8214285714284,-30.555555555555557,181.6250683287052,27.240186816131594,65785.0,90720.0,122281.0,-31561.0,0,2,False,False,False,False,False,False,False,False,Normal
2025-02-21,,22.0,,2487.6666666666665,,False,False,False,False,False,True,,,,,,True,2509.6666666666665,,-0.013883431565160476,,2560.666666666667,2542.2738095238096,-4.5,2688.8571428571427,2671.5119047619046,-30.555555555555557,155.06605784381793,27.240186816131594,65785.0,90720.0,122281.0,-31561.0,0,0,False,False,False,False,False,False,False,False,Missing Report
2025-02-22,,19.0,,2455.3333333333335,,False,False,False,False,False,True,,,,,,True,2474.3333333333335,,-0.014078894939566933,,2538.285714285714,2519.1071428571427,-4.5,2651.4285714285716,2634.1071428571427,-30.555555555555557,136.7827167417374,27.240186816131594,65785.0,90720.0,122281.0,-31561.0,0,0,False,False,False,False,False,False,False,False,Missing Report
2025-02-23,7.0,16.0,8.0,2423.0,35.0,False,False,False,False,True,False,16.0,2423.0,7.0,8.0,35.0,False,2439.0,-27.0,-0.014279940724774454,4.375,2516.714285714286,2497.4285714285716,-9.0,2619.1428571428573,2601.6071428571427,-25.11111111111111,129.00862717261828,21.262904578422095,65792.0,90728.0,122316.0,-31588.0,0,1,False,False,False,False,False,False,False,False,Normal
2025-02-24,20.0,22.0,14.0,2413.0,24.0,False,False,False,False,True,False,22.0,2413.0,20.0,14.0,24.0,False,2435.0,-10.0,-0.0016400164001639794,1.7142857142857142,2500.4285714285716,2480.4285714285716,-10.8,2589.3571428571427,2571.535714285714,-20.88888888888889,118.84943173370334,19.87740202116674,65812.0,90742.0,122340.0,-31598.0,0,2,False,False,False,False,False,False,False,False,Normal
2025-02-25,11.0,7.0,7.0,2413.0,23.0,False,False,False,False,True,False,7.0,2413.0,11.0,7.0,23.0,False,2420.0,-16.0,-0.006160164271047264,3.2857142857142856,2481.1428571428573,2462.8571428571427,-14.4,2560.714285714286,2543.964285714286,-18.444444444444443,106.39732477899334,18.8355455927815,65823.0,90749.0,122363.0,-31614.0,0,3,False,True,False,False,False,False,False,False,Relief
2025-02-26,12.0,21.0,1.0,2411.0,23.0,False,False,False,False,True,False,21.0,2411.0,12.0,1.0,23.0,False,2432.0,-22.0,0.0049586776859504855,23.0,2465.0,2446.1428571428573,-18.4,2536.4285714285716,2519.6071428571427,-15.777777777777779,92.33453008165756,15.919938581678558,65835.0,90750.0,122386.0,-31636.0,0,4,False,True,False,False,False,False,False,False,Relief
2025-02-27,10.0,15.0,17.0,2391.0,37.0,False,True,False,False,True,False,15.0,2391.0,10.0,17.0,37.0,False,2406.0,-20.0,-0.010690789473684181,2.176470588235294,2445.1428571428573,2427.714285714286,-19.0,2514.5,2497.3214285714284,-12.555555555555555,83.17531171187059,10.29697906076103,65845.0,90767.0,122423.0,-31656.0,0,5,False,True,False,False,False,False,False,False,Relief
2025-02-28,,18.0,,2359.6666666666665,,False,False,False,False,False,True,,,,,,True,2377.6666666666665,,-0.0117761152673872,,2426.285714285714,2409.4285714285716,-19.0,2493.4761904761904,2475.8511904761904,-12.555555555555555,77.29306138296636,10.29697906076103,65845.0,90767.0,122423.0,-31656.0,0,0,False,False,False,False,False,False,False,False,Missing Report
2025-03-01,,21.0,,2328.3333333333335,,False,False,False,False,False,True,,,,,,True,2349.3333333333335,,-0.011916444693677142,,2408.4285714285716,2391.285714285714,-19.0,2473.3571428571427,2455.1964285714284,-12.555555555555555,75.37716721892875,10.29697906076103,65845.0,90767.0,122423.0,-31656.0,0,0,False,False,False,False,False,False,False,False,Missing Report
2025-03-02,12.0,24.0,4.0,2297.0,31.0,False,False,False,False,True,False,24.0,2297.0,12.0,4.0,31.0,False,2321.0,-27.0,-0.012060158910329188,7.75,2391.5714285714284,2373.285714285714,-19.0,2454.1428571428573,2435.3571428571427,-14.0,77.60889391605056,10.728984626286277,65857.0,90771.0,122454.0,-31683.0,0,1,False,False,False,False,False,False,False,False,Normal
2025-03-03,8.0,29.0,18.0,2287.0,25.0,False,False,False,False,True,False,29.0,2287.0,8.0,18.0,25.0,False,2316.0,-7.0,-0.0021542438604049696,1.3888888888888888,2374.5714285714284,2355.285714285714,-18.4,2437.5,2417.8571428571427,-14.6,80.62668536467451,10.068653225618306,65865.0,90789.0,122479.0,-31690.0,0,2,False,False,False,False,False,False,False,False,Normal
2025-03-04,4.0,25.0,10.0,2272.0,30.0,False,False,False,False,True,False,25.0,2272.0,4.0,10.0,30.0,False,2297.0,-20.0,-0.008203799654576849,3.0,2357.0,2335.1428571428573,-19.2,2419.0714285714284,2399.0,-16.8,81.18736150176873,8.283853102403386,65869.0,90799.0,122509.0,-31710.0,0,3,False,True,False,False,False,False,False,False,Relief
2025-03-05,5.0,20.0,4.0,2238.0,40.0,False,False,False,False,True,False,20.0,2238.0,5.0,4.0,40.0,False,2258.0,-36.0,-0.016978667827601268,10.0,2332.1428571428573,2310.4285714285716,-22.0,2398.5714285714284,2378.285714285714,-20.2,83.15441598849345,8.508818954471632,65874.0,90803.0,122549.0,-31746.0,0,4,False,True,False,False,False,False,False,False,Relief
2025-03-06,7.0,27.0,6.0,2218.0,33.0,False,False,False,False,True,False,27.0,2218.0,7.0,6.0,33.0,False,2245.0,-27.0,-0.005757307351638596,5.5,2309.1428571428573,2285.714285714286,-23.4,2377.1428571428573,2356.714285714286,-21.2,81.1479301566982,8.676917015211366,65881.0,90809.0,122582.0,-31773.0,0,5,False,True,False,False,False,False,False,False,Relief
2025-03-07,,26.333333333333332,,2191.0,,False,False,False,False,False,True,,,,,,True,2217.3333333333335,,-0.012323682256867086,,2286.2380952380954,2261.6190476190477,-23.4,2356.2619047619046,2335.5238095238096,-21.2,82.03055284002839,8.676917015211366,65881.0,90809.0,122582.0,-31773.0,0,0,False,False,False,False,False,False,False,False,Missing Report
2025-03-08,,25.666666666666668,,2164.0,,False,False,False,False,False,True,,,,,,True,2189.6666666666665,,-0.012477450390860012,,2263.4285714285716,2238.1428571428573,-23.4,2335.9285714285716,2314.714285714286,-21.2,85.71062212199348,8.676917015211366,65881.0,90809.0,122582.0,-31773.0,0,0,False,False,False,False,False,False,False,False,Missing Report
2025-03-09,12.0,25.0,15.0,2137.0,30.0,False,False,False,False,True,False,25.0,2137.0,12.0,15.0,30.0,False,2162.0,-15.0,-0.012635104277667786,2.0,2240.714285714286,2215.285714285714,-21.0,2316.1428571428573,2294.285714285714,-20.0,91.83967024250902,8.615231988878648,65893.0,90824.0,122612.0,-31788.0,0,1,False,False,False,False,False,False,False,False,Normal
2025-03-10,6.0,28.0,8.0,2125.0,23.0,False,False,False,False,True,False,28.0,2125.0,6.0,8.0,23.0,False,2153.0,-15.0,-0.004162812210915856,2.875,2217.4285714285716,2192.1428571428573,-22.6,2296.0,2273.714285714286,-20.5,94.64797576264598,8.100068586813745,65899.0,90832.0,122635.0,-31803.0,0,2,False,False,False,False,False,False,False,False,Normal
2025-03-11,3.0,11.0,7.0,2116.0,20.0,False,False,False,False,True,False,11.0,2116.0,3.0,7.0,20.0,False,2127.0,-13.0,-0.01207617278216444,2.857142857142857,2193.1428571428573,2169.8571428571427,-21.2,2275.0714285714284,2252.5,-20.2,97.47190509576957,8.3373323737924,65902.0,90839.0,122655.0,-31816.0,0,3,False,True,False,False,False,False,False,False,Relief
2025-03-12,6.0,18.0,2.0,2113.0,8.0,False,False,False,False,True,False,18.0,2113.0,6.0,2.0,8.0,False,2131.0,-6.0,0.0018805829807240215,4.0,2175.0,2152.0,-15.2,2253.5714285714284,2231.214285714286,-18.6,93.30204865381042,9.418657606638376,65908.0,90841.0,122663.0,-31822.0,0,4,False,True,False,False,False,False,False,False,Relief
2025-03-13,4.0,20.0,9.0,2116.0,6.0,False,False,False,False,True,False,20.0,2116.0,4.0,9.0,6.0,False,2136.0,3.0,0.002346316283434957,0.6666666666666666,2159.4285714285716,2137.4285714285716,-9.2,2234.285714285714,2211.5714285714284,-16.3,87.06759895903804,11.595497210362803,65912.0,90850.0,122669.0,-31819.0,1,0,False,False,False,False,False,False,False,False,Normal
2025-03-14,,16.333333333333332,,2116.3333333333335,,False,False,False,False,False,True,,,,,,True,2132.666666666667,,-0.0015605493133581394,,2147.333333333333,2126.761904761905,-9.2,2216.785714285714,2194.190476190476,-16.3,80.398431664631,11.595497210362803,65912.0,90850.0,122669.0,-31819.0,0,0,False,False,False,False,False,False,False,False,Missing Report
2025-03-15,,12.666666666666668,,2116.6666666666665,,False,False,False,False,False,True,,,,,,True,2129.333333333333,,-0.0015629884338859146,,2138.714285714286,2120.0,-9.2,2201.0714285714284,2179.0714285714284,-16.3,73.72125585641894,11.595497210362803,65912.0,90850.0,122669.0,-31819.0,0,0,False,False,False,False,False,False,False,False,Missing Report
2025-03-16,1.0,9.0,8.0,2117.0,5.0,False,False,False,False,True,False,9.0,2117.0,1.0,8.0,5.0,False,2126.0,3.0,-0.0015654351909829556,0.625,2133.5714285714284,2117.1428571428573,-5.6,2187.1428571428573,2166.214285714286,-13.3,67.47620210682736,12.374256431082978,65913.0,90858.0,122674.0,-31816.0,1,0,False,False,False,False,False,False,False,False,Normal
2025-03-17,5.0,14.0,0.0,2111.0,8.0,False,False,False,True,True,False,14.0,2111.0,5.0,0.0,8.0,False,2125.0,-8.0,-0.0004703668861711918,,2129.5714285714284,2115.1428571428573,-4.2,2173.5,2153.6428571428573,-13.4,58.072420154743796,12.321616055623485,65918.0,90858.0,122682.0,-31824.0,0,1,False,False,False,False,False,False,False,False,Normal
2025-03-18,19.0,34.0,6.0,2109.0,8.0,False,False,False,False,True,False,34.0,2109.0,19.0,6.0,8.0,False,2143.0,-2.0,0.008470588235294008,1.3333333333333333,2131.8571428571427,2114.1428571428573,-2.0,2162.5,2142.0,-11.6,46.264521856696255,12.562731479347894,65937.0,90864.0,122690.0,-31826.0,0,2,False,False,False,False,False,False,False,False,Normal
2025-03-19,6.0,22.0,14.0,2119.0,9.0,False,False,False,False,True,False,22.0,2119.0,6.0,14.0,9.0,False,2141.0,5.0,-0.0009332711152589823,0.6428571428571429,2133.285714285714,2115.0,0.2,2154.1428571428573,2133.5,-7.5,37.405770903888076,10.178954323067167,65943.0,90878.0,122699.0,-31821.0,1,0,False,False,False,False,False,False,False,False,Normal
2025-03-20,9.0,20.0,11.0,2124.0,7.0,False,False,False,False,True,False,20.0,2124.0,9.0,11.0,7.0,False,2144.0,4.0,0.0014012143858010973,0.6363636363636364,2134.4285714285716,2116.1428571428573,0.4,2146.9285714285716,2126.785714285714,-4.4,26.759191584884505,8.085652588242626,65952.0,90889.0,122706.0,-31817.0,2,0,False,False,False,False,False,False,False,False,Normal
2025-03-21,,23.0,,2128.0,,False,False,False,False,False,True,,,,,,True,2151.0,,0.0032649253731342753,,2137.047619047619,2117.809523809524,0.4,2142.190476190476,2122.285714285714,-4.4,17.65951198590777,8.085652588242626,65952.0,90889.0,122706.0,-31817.0,0,0,False,False,False,False,False,False,False,False,Missing Report
2025-03-22,,26.0,,2132.0,,False,False,False,False,False,True,,,,,,True,2158.0,,0.0032543003254299485,,2141.1428571428573,2120.0,0.4,2139.9285714285716,2120.0,-4.4,12.336575149248937,8.085652588242626,65952.0,90889.0,122706.0,-31817.0,0,0,False,False,False,False,False,False,False,False,Missing Report
2025-03-23,15.0,29.0,9.0,2136.0,2.0,False,False,False,False,True,False,29.0,2136.0,15.0,9.0,2.0,False,2165.0,7.0,0.0032437442075996525,0.2222222222222222,2146.714285714286,2122.714285714286,1.2,2140.1428571428573,2119.9285714285716,-2.2,12.767958205709483,7.871185143009445,65967.0,90898.0,122708.0,-31810.0,1,0,False,False,False,False,False,True,False,False,Normal
2025-03-24,7.0,13.0,11.0,2139.0,7.0,False,False,False,False,True,False,13.0,2139.0,7.0,11.0,7.0,False,2152.0,4.0,-0.006004618937644368,0.6363636363636364,2150.5714285714284,2126.714285714286,3.6,2140.0714285714284,2120.9285714285716,-0.3,12.69307540890497,6.634087059354009,65974.0,90909.0,122715.0,-31806.0,2,0,False,False,False,False,False,False,False,False,Normal
2025-03-25,12.0,19.0,7.0,2145.0,6.0,False,False,False,False,True,False,19.0,2145.0,12.0,7.0,6.0,False,2164.0,1.0,0.005576208178438735,0.8571428571428571,2153.5714285714284,2131.8571428571427,4.2,2142.714285714286,2123.0,1.1,13.582830493507652,4.90917508345112,65986.0,90916.0,122721.0,-31805.0,3,0,True,False,False,False,False,False,False,False,Watch
2025-03-26,9.0,21.0,15.0,2159.0,2.0,False,False,False,False,True,False,21.0,2159.0,9.0,15.0,2.0,False,2180.0,13.0,0.007393715341959428,0.13333333333333333,2159.1428571428573,2137.5714285714284,5.8,2146.214285714286,2126.285714285714,3.0,16.361099960204147,5.497474167488164,65995.0,90931.0,122723.0,-31792.0,4,0,True,False,False,False,False,True,False,False,Watch
2025-03-27,1.0,19.0,13.0,2159.0,2.0,False,False,False,False,True,False,19.0,2159.0,1.0,13.0,2.0,False,2178.0,11.0,-0.0009174311926605228,0.15384615384615385,2164.0,2142.5714285714284,7.2,2149.214285714286,2129.3571428571427,3.8,18.1020880538102,6.051629716216925,65996.0,90944.0,122725.0,-31781.0,5,0,True,False,False,False,False,True,False,False,Watch
2025-03-28,,19.333333333333332,,2168.6666666666665,,False,False,False,False,False,True,,,,,,True,2188.0,,0.0045913682277318735,,2169.285714285714,2148.3809523809523,7.2,2153.1666666666665,2133.095238095238,3.8,20.137454996586303,6.051629716216925,65996.0,90944.0,122725.0,-31781.0,0,0,False,False,False,False,False,False,False,False,Missing Report
2025-03-29,,19.666666666666668,,2178.3333333333335,,False,False,False,False,False,True,,,,,,True,2198.0,,0.004570383912248621,,2175.0,2155.0,7.2,2158.0714285714284,2137.5,3.8,22.147978841320487,6.051629716216925,65996.0,90944.0,122725.0,-31781.0,0,0,False,False,False,False,False,False,False,False,Missing Report
2025-03-30,9.0,20.0,5.0,2188.0,2.0,False,False,False,False,True,False,20.0,2188.0,9.0,5.0,2.0,False,2208.0,3.0,0.0045495905368517775,0.4,2181.1428571428573,2162.4285714285716,6.4,2163.9285714285716,2142.5714285714284,3.8,23.795488531402153,6.051629716216925,66005.0,90949.0,122727.0,-31778.0,1,0,False,False,False,False,False,False,False,False,Normal
2025-03-31,9.0,25.0,8.0,2193.0,5.0,False,False,False,False,True,False,25.0,2193.0,9.0,8.0,5.0,False,2218.0,3.0,0.004528985507246341,0.625,2190.5714285714284,2170.1428571428573,6.2,2170.5714285714284,2148.4285714285716,4.9,25.040626325154438,4.45845015423021,66014.0,90957.0,122732.0,-31775.0,2,0,False,False,False,False,False,False,False,False,Normal
2025-04-01,17.0,36.0,7.0,2191.0,12.0,False,False,False,False,True,False,36.0,2191.0,17.0,7.0,12.0,False,2227.0,-5.0,0.004057709648331853,1.7142857142857142,2199.5714285714284,2176.714285714286,5.0,2176.5714285714284,2154.285714285714,4.6,27.83388716023219,5.037636129947791,66031.0,90964.0,122744.0,-31780.0,0,1,False,False,False,False,False,False,False,False,Normal
2025-04-02,5.0,31.0,16.0,2208.0,3.0,False,False,False,False,True,False,31.0,2208.0,5.0,16.0,3.0,False,2239.0,13.0,0.005388414907947947,0.1875,2208.0,2183.714285714286,5.0,2183.5714285714284,2160.6428571428573,5.4,30.404236253211398,5.699902533277786,66036.0,90980.0,122747.0,-31767.0,1,0,False,False,False,False,False,True,False,False,Normal
2025-04-03,12.0,26.0,18.0,2223.0,8.0,False,False,False,False,True,False,26.0,2223.0,12.0,18.0,8.0,False,2249.0,10.0,0.004466279589102173,0.4444444444444444,2218.1428571428573,2192.8571428571427,4.8,2191.0714285714284,2167.714285714286,6.0,32.75189785204196,5.849976258259507,66048.0,90998.0,122755.0,-31757.0,2,0,False,False,False,False,False,True,False,False,Normal
2025-04-04,,22.0,,2226.6666666666665,,False,False,False,False,False,True,,,,,,True,2248.6666666666665,,-0.00014821402104647774,,2226.809523809524,2201.1428571428573,4.8,2198.0476190476193,2174.761904761905,6.0,33.94008222814443,5.849976258259507,66048.0,90998.0,122755.0,-31757.0,0,0,False,False,False,False,False,False,False,False,Missing Report
2025-04-05,,18.0,,2230.3333333333335,,False,False,False,False,False,True,,,,,,True,2248.3333333333335,,-0.0001482359916986642,,2234.0,2208.5714285714284,4.8,2204.5,2181.785714285714,6.0,34.32542851093482,5.849976258259507,66048.0,90998.0,122755.0,-31757.0,0,0,False,False,False,False,False,False,False,False,Missing Report
2025-04-06,7.0,14.0,7.0,2234.0,11.0,False,False,False,False,True,False,14.0,2234.0,7.0,7.0,11.0,False,2248.0,-4.0,-0.0001482579688658614,1.5714285714285714,2239.714285714286,2215.1428571428573,3.4,2210.4285714285716,2188.785714285714,4.9,34.14559789557537,6.624030327357762,66055.0,91005.0,122766.0,-31761.0,0,1,False,False,False,False,False,False,False,False,Normal
2025-04-07,12.0,22.0,9.0,2237.0,5.0,False,False,False,False,True,False,22.0,2237.0,12.0,9.0,5.0,False,2259.0,4.0,0.0048932384341637825,0.5555555555555556,2245.5714285714284,2221.4285714285716,3.6,2218.0714285714284,2195.785714285714,4.9,31.966910925332368,6.624030327357762,66067.0,91014.0,122771.0,-31757.0,1,0,False,False,False,False,False,False,False,False,Normal
2025-04-08,12.0,34.0,12.0,2243.0,9.0,False,False,False,False,True,False,34.0,2243.0,12.0,12.0,9.0,False,2277.0,3.0,0.007968127490039834,0.75,2252.714285714286,2228.8571428571427,5.2,2226.1428571428573,2202.785714285714,5.1,31.526874784362345,6.522610247778267,66079.0,91026.0,122780.0,-31754.0,2,0,False,False,False,False,False,False,False,False,Normal
2025-04-09,6.0,19.0,10.0,2251.0,5.0,False,False,False,False,True,False,19.0,2251.0,6.0,10.0,5.0,False,2270.0,5.0,-0.0030742204655248573,0.5,2257.1428571428573,2235.0,3.6,2232.5714285714284,2209.3571428571427,4.3,30.555100447215374,5.907622195094872,66085.0,91036.0,122785.0,-31749.0,3,0,True,False,False,False,False,False,False,False,Watch
2025-04-10,18.0,25.0,17.0,2265.0,6.0,False,False,False,False,True,False,25.0,2265.0,18.0,17.0,6.0,False,2290.0,11.0,0.008810572687224738,0.35294117647058826,2263.0,2241.0,3.8,2240.5714285714284,2216.9285714285716,4.3,29.821241943152057,5.907622195094872,66103.0,91053.0,122791.0,-31738.0,4,0,True,False,False,False,False,True,False,False,Watch
2025-04-11,8.0,22.0,8.0,2267.0,9.0,False,False,False,False,True,False,22.0,2267.0,8.0,8.0,9.0,False,2289.0,-1.0,-0.0004366812227074579,1.125,2268.761904761905,2246.761904761905,3.0,2247.785714285714,2223.9523809523807,3.8181818181818183,28.30318369540788,5.827832904572344,66111.0,91061.0,122800.0,-31739.0,0,1,False,False,False,False,False,False,False,False,Normal
2025-04-12,,24.0,,2275.0,,False,False,False,False,False,True,,,,,,True,2299.0,,0.004368719965050172,,2276.0,2253.1428571428573,3.0,2255.0,2230.8571428571427,3.8181818181818183,27.497630040527266,5.827832904572344,66111.0,91061.0,122800.0,-31739.0,0,0,False,False,False,False,False,False,False,False,Missing Report
2025-04-13,5.0,26.0,10.0,2283.0,3.0,False,False,False,False,True,False,26.0,2283.0,5.0,10.0,3.0,False,2309.0,7.0,0.004349717268377518,0.3,2284.714285714286,2260.1428571428573,4.833333333333333,2262.214285714286,2237.6428571428573,4.181818181818182,27.467341019493066,5.896069569095682,66116.0,91071.0,122803.0,-31732.0,1,0,False,False,False,False,False,True,False,False,Normal
2025-04-14,5.0,26.0,9.0,2282.0,13.0,False,False,False,False,True,False,26.0,2282.0,5.0,9.0,13.0,False,2308.0,-4.0,-0.0004330879168471524,1.4444444444444444,2291.714285714286,2266.5714285714284,3.5,2268.6428571428573,2244.0,3.5454545454545454,26.84824852862805,6.393178182461914,66121.0,91080.0,122816.0,-31736.0,0,1,False,False,False,False,False,False,False,False,Normal
2025-04-15,4.0,19.0,12.0,2286.0,7.0,False,False,False,False,True,False,19.0,2286.0,4.0,12.0,7.0,False,2305.0,5.0,-0.0012998266897746857,0.5833333333333334,2295.714285714286,2272.714285714286,3.8333333333333335,2274.214285714286,2250.785714285714,4.454545454545454,25.606358427396774,5.7334742759261665,66125.0,91092.0,122823.0,-31731.0,1,0,False,False,False,False,False,False,False,False,Normal
2025-04-16,11.0,30.0,5.0,2291.0,8.0,False,False,False,False,True,False,30.0,2291.0,11.0,5.0,8.0,False,2321.0,-3.0,0.00694143167028205,1.6,2303.0,2278.4285714285716,2.5,2280.0714285714284,2256.714285714286,3.0,26.300751851543534,5.366563145997604,66136.0,91097.0,122831.0,-31734.0,0,1,False,False,False,False,False,False,False,False,Normal
2025-04-17,7.0,26.0,10.0,2288.0,14.0,False,False,False,False,True,False,26.0,2288.0,7.0,10.0,14.0,False,2314.0,-4.0,-0.0030159414045669575,1.4,2306.4285714285716,2281.714285714286,0.0,2284.714285714286,2261.3571428571427,1.7272727272727273,26.1304607025605,5.197901674537662,66143.0,91107.0,122845.0,-31738.0,0,2,False,False,False,False,False,False,False,False,Normal
2025-04-18,,22.333333333333332,,2293.6666666666665,,False,False,False,False,False,True,,,,,,True,2316.0,,0.0008643042350906516,,2310.285714285714,2285.5238095238096,0.2,2289.5238095238096,2266.1428571428573,1.7272727272727273,25.163979910839434,5.197901674537662,66143.0,91107.0,122845.0,-31738.0,0,0,False,False,False,False,False,False,False,False,Missing Report
2025-04-19,,18.666666666666668,,2299.3333333333335,,False,False,False,False,False,True,,,,,,True,2318.0,,0.0008635578583764403,,2313.0,2289.0,0.2,2294.5,2271.0714285714284,1.7272727272727273,23.20394528200951,5.197901674537662,66143.0,91107.0,122845.0,-31738.0,0,0,False,False,False,False,False,False,False,False,Missing Report
2025-04-20,4.0,15.0,6.0,2305.0,4.0,False,False,False,False,True,False,15.0,2305.0,4.0,6.0,4.0,False,2320.0,2.0,0.0008628127696290733,0.6666666666666666,2314.5714285714284,2292.1428571428573,-0.8,2299.6428571428573,2276.1428571428573,2.272727272727273,19.840157959538857,4.839233598222085,66147.0,91113.0,122849.0,-31736.0,1,0,False,False,False,False,False,False,False,False,Normal
2025-04-21,10.0,25.0,5.0,2308.0,6.0,False,False,False,False,True,False,25.0,2308.0,10.0,5.0,6.0,False,2333.0,-1.0,0.005603448275862011,1.2,2318.1428571428573,2295.8571428571427,-0.2,2304.9285714285716,2281.214285714286,1.8181818181818181,17.946348606309545,4.895266730589456,66157.0,91118.0,122855.0,-31737.0,0,1,False,False,False,False,False,False,False,False,Normal
2025-04-22,7.0,19.0,14.0,2305.0,17.0,False,False,False,False,True,False,19.0,2305.0,7.0,14.0,17.0,False,2324.0,-3.0,-0.00385769395627944,1.2142857142857142,2320.8571428571427,2298.5714285714284,-1.8,2308.285714285714,2285.6428571428573,1.2727272727272727,16.67069547559307,5.081159495446034,66164.0,91132.0,122872.0,-31740.0,0,2,False,False,False,False,False,False,False,False,Normal
2025-04-23,3.0,23.0,4.0,2300.0,11.0,False,False,False,False,True,False,23.0,2300.0,3.0,4.0,11.0,False,2323.0,-7.0,-0.000430292598967319,2.75,2321.1428571428573,2299.8571428571427,-2.6,2312.0714285714284,2289.1428571428573,0.18181818181818182,12.898803068778058,5.473905037869753,66167.0,91136.0,122883.0,-31747.0,0,3,False,True,False,False,False,False,False,False,Relief
2025-04-24,3.0,9.0,7.0,2294.0,13.0,False,False,False,False,True,False,9.0,2294.0,3.0,7.0,13.0,False,2303.0,-6.0,-0.00860955660783469,1.8571428571428572,2319.5714285714284,2300.714285714286,-3.0,2313.0,2291.214285714286,-1.3636363636363635,11.589119553948905,4.410730716618828,66170.0,91143.0,122896.0,-31753.0,0,4,False,True,False,False,False,False,False,False,Relief
2025-04-25,,19.333333333333336,,2296.3333333333335,,False,False,False,False,False,True,,,,,,True,2315.666666666667,,0.005500072369373443,,2319.5238095238096,2301.095238095238,-3.0,2314.904761904762,2293.309523809524,-1.4,9.308050513823883,4.647580015446437,66170.0,91143.0,122896.0,-31753.0,0,0,False,False,False,False,False,False,False,False,Missing Report
2025-04-26,,29.666666666666668,,2298.6666666666665,,False,False,False,False,False,True,,,,,,True,2328.333333333333,,0.0054699870447671994,,2321.0,2301.0,-3.0,2317.0,2295.0,-1.4,8.73640578573062,4.647580015446437,66170.0,91143.0,122896.0,-31753.0,0,0,False,False,False,False,False,False,False,False,Missing Report
2025-04-27,9.0,40.0,12.0,2301.0,4.0,False,False,False,False,True,False,40.0,2301.0,9.0,12.0,4.0,False,2341.0,8.0,0.005440229062276369,0.3333333333333333,2324.0,2300.4285714285716,-1.8,2319.285714285714,2296.285714285714,-1.3,10.492045930668885,4.854551129264555,66179.0,91155.0,122900.0,-31745.0,1,0,False,False,False,False,False,True,False,False,Normal
2025-04-28,6.0,26.0,12.0,2307.0,8.0,False,False,False,False,True,False,26.0,2307.0,6.0,12.0,8.0,False,2333.0,4.0,-0.0034173430158052076,0.6666666666666666,2324.0,2300.285714285714,-0.8,2321.0714285714284,2298.0714285714284,-0.5,10.550795777930173,5.016638981095195,66185.0,91167.0,122908.0,-31741.0,2,0,False,False,False,False,False,False,False,False,Normal
2025-04-29,11.0,25.0,11.0,2304.0,15.0,False,False,False,False,True,False,25.0,2304.0,11.0,11.0,15.0,False,2329.0,-4.0,-0.0017145306472353683,1.3636363636363635,2324.714285714286,2300.1428571428573,-1.0,2322.785714285714,2299.3571428571427,-1.4,9.649947634564887,4.7187568984472765,66196.0,91178.0,122923.0,-31745.0,0,1,False,False,False,False,False,False,False,False,Normal
2025-04-30,7.0,34.0,9.0,2309.0,12.0,False,False,False,False,True,False,34.0,2309.0,7.0,9.0,12.0,False,2343.0,-3.0,0.006011163589523472,1.3333333333333333,2327.5714285714284,2301.4285714285716,-0.2,2324.3571428571427,2300.6428571428573,-1.4,11.029458820693282,4.7187568984472765,66203.0,91187.0,122935.0,-31748.0,0,2,False,False,False,False,False,False,False,False,Normal
2025-05-01,13.0,32.0,14.0,2306.0,16.0,False,False,False,False,True,False,32.0,2306.0,13.0,14.0,16.0,False,2338.0,-2.0,-0.0021340162185232714,1.1428571428571428,2332.5714285714284,2303.1428571428573,0.6,2326.0714285714284,2301.9285714285716,-1.2,11.16019985387913,4.638007234911156,66216.0,91201.0,122951.0,-31750.0,0,3,False,True,False,False,False,False,False,False,Relief
2025-05-02,,31.666666666666668,,2315.6666666666665,,False,False,False,False,False,True,,,,,,True,2347.333333333333,,0.003992015968063756,,2337.0952380952376,2305.904761904762,0.6,2328.309523809524,2303.5,-1.2,12.088324712553433,4.638007234911156,66216.0,91201.0,122951.0,-31750.0,0,0,False,False,False,False,False,False,False,False,Missing Report
2025-05-03,,31.333333333333332,,2325.3333333333335,,False,False,False,False,False,True,,,,,,True,2356.666666666667,,0.003976143141153354,,2341.1428571428573,2309.714285714286,0.6,2331.0714285714284,2305.3571428571427,-1.2,13.84170494633604,4.638007234911156,66216.0,91201.0,122951.0,-31750.0,0,0,False,False,False,False,False,False,False,False,Missing Report
2025-05-04,9.0,31.0,10.0,2335.0,5.0,False,False,False,False,True,False,31.0,2335.0,9.0,10.0,5.0,False,2366.0,5.0,0.003960396039603742,0.5,2344.714285714286,2314.5714285714284,0.0,2334.3571428571427,2307.5,-0.9,16.259889440360265,4.954235000928153,66225.0,91211.0,122956.0,-31745.0,1,0,False,False,False,False,False,False,False,False,Normal
2025-05-05,15.0,44.0,20.0,2331.0,17.0,False,False,False,False,True,False,44.0,2331.0,15.0,20.0,17.0,False,2375.0,3.0,0.0038038884192730382,0.85,2350.714285714286,2318.0,-0.2,2337.3571428571427,2309.1428571428573,-0.5,19.534962857492367,5.104464277035615,66240.0,91231.0,122973.0,-31742.0,2,0,False,False,False,False,False,False,False,False,Normal
2025-05-06,10.0,33.0,16.0,2339.0,16.0,False,False,False,False,True,False,33.0,2339.0,10.0,16.0,16.0,False,2372.0,0.0,-0.001263157894736855,1.0,2356.8571428571427,2323.0,0.6,2340.785714285714,2311.5714285714284,-0.2,21.155350145478234,5.028805910836695,66250.0,91247.0,122989.0,-31742.0,0,0,False,False,False,False,False,False,False,False,Normal
2025-05-07,10.0,30.0,15.0,2335.0,10.0,False,False,False,False,True,False,30.0,2335.0,10.0,15.0,10.0,False,2365.0,5.0,-0.00295109612141653,0.6666666666666666,2360.0,2326.714285714286,2.2,2343.785714285714,2314.0714285714284,1.0,21.415549557618395,4.642796092392261,66260.0,91262.0,122999.0,-31737.0,1,0,False,False,False,False,False,False,False,False,Normal
2025-05-08,15.0,24.0,16.0,2361.0,11.0,False,False,False,False,True,False,24.0,2361.0,15.0,16.0,11.0,False,2385.0,5.0,0.008456659619450413,0.6875,2366.714285714286,2334.5714285714284,3.6,2349.6428571428573,2318.8571428571427,2.1,20.60058262800462,4.067486256205647,66275.0,91278.0,123010.0,-31732.0,2,0,False,False,False,False,False,False,False,False,Normal
2025-05-09,,22.666666666666668,,2369.0,,False,False,False,False,False,True,,,,,,True,2391.6666666666665,,0.002795248078266921,,2373.0476190476193,2342.1904761904766,3.6,2355.0714285714284,2324.0476190476193,2.1,20.96891413318248,4.067486256205647,66275.0,91278.0,123010.0,-31732.0,0,0,False,False,False,False,False,False,False,False,Missing Report
2025-05-10,,21.333333333333332,,2377.0,,False,False,False,False,False,True,,,,,,True,2398.3333333333335,,0.0027874564459930973,,2379.0,2349.5714285714284,3.6,2360.0714285714284,2329.6428571428573,2.1,22.399701827841934,4.067486256205647,66275.0,91278.0,123010.0,-31732.0,0,0,False,False,False,False,False,False,False,False,Missing Report
2025-05-11,15.0,20.0,12.0,2385.0,3.0,False,False,False,False,True,False,20.0,2385.0,15.0,12.0,3.0,False,2405.0,9.0,0.002779708130646208,0.25,2384.5714285714284,2356.714285714286,4.4,2364.6428571428573,2335.6428571428573,2.2,24.627989174262368,4.237399621882853,66290.0,91290.0,123013.0,-31723.0,1,0,False,False,False,False,False,True,False,False,Normal
2025-05-12,7.0,33.0,14.0,2392.0,7.0,False,False,False,False,True,False,33.0,2392.0,7.0,14.0,7.0,False,2425.0,7.0,0.008316008316008316,0.5,2391.714285714286,2365.4285714285716,5.2,2371.214285714286,2341.714285714286,2.5,27.62681935133139,4.47834294751228,66297.0,91304.0,123020.0,-31716.0,2,0,False,False,False,False,False,True,False,False,Normal
2025-05-13,18.0,29.0,12.0,2394.0,11.0,False,False,False,False,True,False,29.0,2394.0,18.0,12.0,11.0,False,2423.0,1.0,-0.0008247422680411898,0.9166666666666666,2399.0,2373.285714285714,5.4,2377.9285714285716,2348.1428571428573,3.0,27.998222945941812,3.9157800414873654,66315.0,91316.0,123031.0,-31715.0,3,0,True,False,False,False,False,False,False,False,Watch
2025-05-14,7.0,30.0,14.0,2394.0,11.0,False,False,False,False,True,False,30.0,2394.0,7.0,14.0,11.0,False,2424.0,3.0,0.0004127115146512761,0.7857142857142857,2407.4285714285716,2381.714285714286,5.0,2383.714285714286,2354.214285714286,3.6,28.5881025779952,3.3065591380331973,66322.0,91330.0,123042.0,-31712.0,4,0,True,False,False,False,False,False,False,False,Watch
2025-05-15,15.0,31.0,14.0,2410.0,14.0,False,False,False,False,True,False,31.0,2410.0,15.0,14.0,14.0,False,2441.0,0.0,0.0070132013201320564,1.0,2415.4285714285716,2388.714285714286,4.0,2391.0714285714284,2361.6428571428573,3.8,29.16624279711616,2.973961069755616,66337.0,91344.0,123056.0,-31712.0,0,0,False,False,False,False,False,False,False,False,Normal
2025-05-16,,30.0,,2419.0,,False,False,False,False,False,True,,,,,,True,2449.0,,0.0032773453502663585,,2423.619047619048,2395.8571428571427,4.0,2398.3333333333335,2369.023809523809,3.8,30.080802858061393,2.973961069755616,66337.0,91344.0,123056.0,-31712.0,0,0,False,False,False,False,False,False,False,False,Missing Report
2025-05-17,,29.0,,2428.0,,False,False,False,False,False,True,,,,,,True,2457.0,,0.0032666394446712044,,2432.0,2403.1428571428573,4.0,2405.5,2376.3571428571427,3.8,31.31689421029746,2.973961069755616,66337.0,91344.0,123056.0,-31712.0,0,0,False,False,False,False,False,False,False,False,Missing Report
2025-05-18,13.0,28.0,14.0,2437.0,9.0,False,False,False,False,True,False,28.0,2437.0,13.0,14.0,9.0,False,2465.0,5.0,0.0032560032560031704,0.6428571428571429,2440.5714285714284,2410.5714285714284,3.2,2412.5714285714284,2383.6428571428573,3.8,32.85123904718429,2.973961069755616,66350.0,91358.0,123065.0,-31707.0,1,0,False,False,False,False,False,False,False,False,Normal
2025-05-19,7.0,27.0,17.0,2457.0,6.0,False,False,False,False,True,False,27.0,2457.0,7.0,17.0,6.0,False,2484.0,11.0,0.007707910750507141,0.35294117647058826,2449.0,2419.8571428571427,4.0,2420.3571428571427,2392.6428571428573,4.6,36.02503029886871,3.7178249316233014,66357.0,91375.0,123071.0,-31696.0,2,0,False,False,False,False,False,True,False,False,Normal
2025-05-20,,44.5,,2462.0,,False,False,False,False,False,True,,,,,,True,2506.5,,0.009057971014492683,,2460.9285714285716,2429.5714285714284,4.75,2429.964285714286,2401.4285714285716,5.111111111111111,39.86656046362127,3.5512126254402085,66357.0,91375.0,123071.0,-31696.0,0,0,False,False,False,False,False,False,False,False,Missing Report
2025-05-21,14.0,62.0,13.0,2467.0,18.0,False,False,False,False,True,False,62.0,2467.0,14.0,13.0,18.0,False,2529.0,-5.0,0.008976660682226134,1.3846153846153846,2475.9285714285716,2440.0,2.75,2441.6785714285716,2410.8571428571427,4.0,43.259526109793754,4.898979485563777,66371.0,91388.0,123089.0,-31701.0,0,1,False,False,False,False,False,False,False,False,Normal
2025-05-22,18.0,36.0,17.0,2473.0,15.0,False,False,False,False,True,False,36.0,2473.0,18.0,17.0,15.0,False,2509.0,2.0,-0.007908264136022192,0.8823529411764706,2485.6428571428573,2449.0,3.25,2450.535714285714,2418.8571428571427,3.6666666666666665,43.455949722416534,4.924428900895483,66389.0,91405.0,123104.0,-31699.0,1,0,False,False,False,False,False,False,False,False,Normal
2025-05-23,,33.6,,2479.2,,False,False,False,False,False,True,,,,,,True,2512.7999999999997,,0.0015145476285371995,,2494.7571428571428,2457.6,3.25,2459.1880952380952,2426.7285714285713,3.6666666666666665,42.888620620529316,4.924428900895483,66389.0,91405.0,123104.0,-31699.0,0,0,False,False,False,False,False,False,False,False,Missing Report
2025-05-24,,31.2,,2485.4,,False,False,False,False,False,True,,,,,,True,2516.6,,0.0015122572429162595,,2503.2714285714287,2465.7999999999997,3.25,2467.6357142857146,2434.4714285714285,3.6666666666666665,41.60842383218969,4.924428900895483,66389.0,91405.0,123104.0,-31699.0,0,0,False,False,False,False,False,False,False,False,Missing Report
2025-05-25,,28.8,,2491.6,,False,False,False,False,False,True,,,,,,True,2520.4,,0.00150997377413975,,2511.1857142857143,2473.6,2.6666666666666665,2475.878571428572,2442.085714285714,3.0,39.62905263717877,4.810702354420626,66389.0,91405.0,123104.0,-31699.0,0,0,False,False,False,False,False,False,False,False,Missing Report
2025-05-26,,26.4,,2497.8,,False,False,False,False,False,True,,,,,,True,2524.2000000000003,,0.0015076971909222525,,2516.9285714285716,2479.4285714285716,-1.5,2482.964285714286,2449.6428571428573,2.4285714285714284,38.68952565408505,4.894116973709054,66389.0,91405.0,123104.0,-31699.0,0,0,False,False,False,False,False,False,False,False,Missing Report
2025-05-27,6.0,24.0,7.0,2504.0,11.0,False,False,False,False,True,False,24.0,2504.0,6.0,7.0,11.0,False,2528.0,-4.0,0.0015054274621661978,1.5714285714285714,2520.0,2485.4285714285716,-2.3333333333333335,2490.464285714286,2457.5,1.7142857142857142,36.272931356377974,5.468524655218072,66395.0,91412.0,123115.0,-31703.0,0,1,False,False,False,False,False,False,False,False,Normal
2025-05-28,12.0,39.0,12.0,2499.0,14.0,False,False,False,False,True,False,39.0,2499.0,12.0,12.0,14.0,False,2538.0,-2.0,0.003955696202531556,1.1666666666666667,2521.285714285714,2490.0,-1.3333333333333333,2498.6071428571427,2465.0,1.0,32.8379345390232,5.597618541245847,66407.0,91424.0,123129.0,-31705.0,0,2,False,False,False,False,False,False,False,False,Normal
2025-05-29,13.0,38.0,15.0,2506.0,11.0,False,False,False,False,True,False,38.0,2506.0,13.0,15.0,11.0,False,2544.0,4.0,0.0023640661938533203,0.7333333333333333,2526.285714285714,2494.714285714286,-0.6666666666666666,2505.964285714286,2471.8571428571427,1.5714285714285714,30.385259760671477,5.682051943240251,66420.0,91439.0,123140.0,-31701.0,1,0,False,False,False,False,False,False,False,False,Normal
2025-05-30,,33.333333333333336,,2513.3333333333335,,False,False,False,False,False,True,,,,,,True,2546.666666666667,,0.0010482180293502896,,2531.12380952381,2499.590476190476,-0.6666666666666666,2512.940476190476,2478.595238095238,1.5714285714285714,27.3620242697808,5.682051943240251,66420.0,91439.0,123140.0,-31701.0,0,0,False,False,False,False,False,False,False,False,Missing Report
2025-05-31,,28.666666666666664,,2520.6666666666665,,False,False,False,False,False,True,,,,,,True,2549.333333333333,,0.0010471204188480243,,2535.7999999999997,2504.628571428572,-0.6666666666666666,2519.535714285714,2485.214285714286,1.5714285714285714,23.7276010894268,5.682051943240251,66420.0,91439.0,123140.0,-31701.0,0,0,False,False,False,False,False,False,False,False,Missing Report
2025-06-01,8.0,24.0,16.0,2528.0,12.0,False,False,False,False,True,False,24.0,2528.0,8.0,16.0,12.0,False,2552.0,4.0,0.0010460251046027214,0.75,2540.3142857142857,2509.8285714285716,0.5,2525.75,2491.714285714286,1.4285714285714286,19.331382520721718,5.593363414411787,66428.0,91455.0,123152.0,-31697.0,1,0,False,False,False,False,False,False,False,False,Normal
2025-06-02,10.0,19.0,5.0,2518.0,16.0,False,False,False,False,True,False,19.0,2518.0,10.0,5.0,16.0,False,2537.0,-11.0,-0.0058777429467085085,3.2,2542.1428571428573,2512.714285714286,-1.8,2529.535714285714,2496.0714285714284,-1.7142857142857142,15.294513080917879,5.498917642414812,66438.0,91460.0,123168.0,-31708.0,0,1,False,False,False,False,False,False,False,False,Normal
2025-06-03,5.0,23.0,11.0,2519.0,15.0,False,False,False,False,True,False,23.0,2519.0,5.0,11.0,15.0,False,2542.0,-4.0,0.0019708316909736734,1.3636363636363635,2544.1428571428573,2514.8571428571427,-1.8,2532.0714285714284,2500.1428571428573,-2.0,14.075849813239278,5.154748157902487,66443.0,91471.0,123183.0,-31712.0,0,2,False,False,False,False,False,False,False,False,Normal
2025-06-04,4.0,16.0,9.0,2516.0,16.0,False,False,False,False,True,False,16.0,2516.0,4.0,9.0,16.0,False,2532.0,-7.0,-0.003933910306844979,1.7777777777777777,2543.285714285714,2517.285714285714,-2.8,2532.285714285714,2503.6428571428573,-2.25,14.04830319612123,5.36523198805837,66447.0,91480.0,123199.0,-31719.0,0,3,False,True,False,False,False,False,False,False,Relief
2025-06-05,8.0,26.0,5.0,2503.0,21.0,False,False,False,False,True,False,26.0,2503.0,8.0,5.0,21.0,False,2529.0,-16.0,-0.0011848341232227888,4.2,2541.1428571428573,2516.8571428571427,-6.8,2533.714285714286,2505.785714285714,-4.5,12.420865493727607,6.8868404532515255,66455.0,91485.0,123220.0,-31735.0,0,4,False,True,False,False,False,False,False,False,Relief
2025-06-06,,22.666666666666668,,2504.3333333333335,,False,False,False,False,False,True,,,,,,True,2527.0,,-0.0007908264136021748,,2538.333333333333,2515.5714285714284,-6.8,2534.7285714285713,2507.580952380952,-4.5,11.090134644200292,6.8868404532515255,66455.0,91485.0,123220.0,-31735.0,0,0,False,False,False,False,False,False,False,False,Missing Report
2025-06-07,,19.333333333333332,,2505.6666666666665,,False,False,False,False,False,True,,,,,,True,2525.0,,-0.000791452314997998,,2534.8571428571427,2513.4285714285716,-6.8,2535.328571428571,2509.0285714285715,-4.5,10.227580071493866,6.8868404532515255,66455.0,91485.0,123220.0,-31735.0,0,0,False,False,False,False,False,False,False,False,Missing Report
2025-06-08,10.0,16.0,15.0,2507.0,13.0,False,False,False,False,True,False,16.0,2507.0,10.0,15.0,13.0,False,2523.0,2.0,-0.0007920792079207928,0.8666666666666667,2530.714285714286,2510.4285714285716,-7.2,2535.5142857142855,2510.128571428572,-3.7777777777777777,9.955642756259056,6.796649501365984,66465.0,91500.0,123233.0,-31733.0,1,0,False,False,False,False,False,False,False,False,Normal
2025-06-09,8.0,21.0,14.0,2516.0,9.0,False,False,False,False,True,False,21.0,2516.0,8.0,14.0,9.0,False,2537.0,5.0,0.005548949663099378,0.6428571428571429,2530.714285714286,2510.1428571428573,-4.0,2536.4285714285716,2511.4285714285716,-2.9,9.40942295110075,6.983313444679657,66473.0,91514.0,123242.0,-31728.0,2,0,False,False,False,False,False,False,False,False,Normal
2025-06-10,17.0,28.0,7.0,2511.0,12.0,False,False,False,False,True,False,28.0,2511.0,17.0,7.0,12.0,False,2539.0,-5.0,0.0007883326763893361,1.7142857142857142,2530.285714285714,2509.0,-4.2,2537.214285714286,2511.9285714285716,-3.0,9.10584214402207,7.00793201387457,66490.0,91521.0,123254.0,-31733.0,0,1,False,False,False,False,False,False,False,False,Normal
2025-06-11,,27.428571428571427,,2512.714285714286,,False,False,False,False,False,True,,,,,,True,2540.1428571428573,,0.0004501209700107367,,2531.448979591837,2508.530612244898,-3.5,2537.3673469387754,2512.908163265306,-3.111111111111111,9.13801817560264,7.423685817104951,66490.0,91521.0,123254.0,-31733.0,0,0,False,False,False,False,False,False,False,False,Missing Report
2025-06-12,,26.857142857142858,,2514.4285714285716,,False,False,False,False,False,True,,,,,,True,2541.285714285714,,0.0004499184522803734,,2533.204081632653,2510.163265306123,0.6666666666666666,2537.173469387755,2513.5102040816323,-4.0,9.01442931884218,7.406560798178407,66490.0,91521.0,123254.0,-31733.0,0,0,False,False,False,False,False,False,False,False,Missing Report
2025-06-13,,26.285714285714285,,2516.1428571428573,,False,False,False,False,False,True,,,,,,True,2542.4285714285716,,0.0004497161167014152,,2535.4081632653065,2511.8503401360545,0.6666666666666666,2536.87074829932,2513.7108843537417,-4.0,8.738031416025239,7.406560798178407,66490.0,91521.0,123254.0,-31733.0,0,0,False,False,False,False,False,False,False,False,Missing Report
2025-06-14,,25.714285714285715,,2517.8571428571427,,False,False,False,False,False,True,,,,,,True,2543.5714285714284,,0.00044951396302739255,,2538.061224489796,2513.591836734694,0.6666666666666666,2536.4591836734694,2513.5102040816323,-4.0,8.22661348942983,7.406560798178407,66490.0,91521.0,123254.0,-31733.0,0,0,False,False,False,False,False,False,False,False,Missing Report
2025-06-15,,25.142857142857142,,2519.5714285714284,,False,False,False,False,False,True,,,,,,True,2544.714285714286,,0.00044931199101383434,,2541.163265306123,2515.387755102041,0.0,2535.938775510204,2512.908163265306,-5.142857142857143,7.3518254979379325,7.197883286737082,66490.0,91521.0,123254.0,-31733.0,0,0,False,False,False,False,False,False,False,False,Missing Report
2025-06-16,,24.571428571428573,,2521.285714285714,,False,False,False,False,False,True,,,,,,True,2545.8571428571427,,0.0004491102004153813,,2542.4285714285716,2516.1428571428573,-5.0,2536.5714285714284,2513.1428571428573,-4.166666666666667,7.816578588766758,7.359800721937045,66490.0,91521.0,123254.0,-31733.0,0,0,False,False,False,False,False,False,False,False,Missing Report
2025-06-17,7.0,24.0,10.0,2523.0,14.0,False,False,False,False,True,False,24.0,2523.0,7.0,10.0,14.0,False,2547.0,-4.0,0.00044890859098822844,1.4,2543.5714285714284,2517.8571428571427,-4.0,2536.9285714285716,2513.4285714285716,-4.166666666666667,8.189043857247166,7.359800721937045,66497.0,91531.0,123268.0,-31737.0,0,1,False,False,False,False,False,False,False,False,Normal
2025-06-18,,21.5,,2512.0,,False,False,False,False,False,True,,,,,,True,2533.5,,-0.005300353356890497,,2542.6224489795923,2517.7551020408164,-4.0,2537.035714285714,2513.1428571428573,-3.6,8.129193745032332,8.080841540331557,66497.0,91531.0,123268.0,-31737.0,0,0,False,False,False,False,False,False,False,False,Missing Report
2025-06-19,8.0,19.0,7.0,2501.0,18.0,False,False,False,False,True,False,19.0,2501.0,8.0,7.0,18.0,False,2520.0,-11.0,-0.005328596802841923,2.5714285714285716,2539.581632653061,2515.836734693878,-7.5,2536.3928571428573,2513.0,-2.6,9.110207399194504,6.268971207458866,66505.0,91538.0,123286.0,-31748.0,0,1,False,False,False,False,False,False,False,False,Normal
2025-06-20,,17.0,,2503.3333333333335,,False,False,False,False,False,True,,,,,,True,2520.3333333333335,,0.00013227513227520582,,2536.4251700680275,2514.006802721088,-7.5,2535.916666666667,2512.9285714285716,-2.6,9.787961057575965,6.268971207458866,66505.0,91538.0,123286.0,-31748.0,0,0,False,False,False,False,False,False,False,False,Missing Report
2025-06-21,,15.0,,2505.6666666666665,,False,False,False,False,False,True,,,,,,True,2520.6666666666665,,0.00013225763787838574,,2533.1530612244896,2512.265306122449,-7.5,2535.6071428571427,2512.9285714285716,-2.6,10.218768481752608,6.268971207458866,66505.0,91538.0,123286.0,-31748.0,0,0,False,False,False,False,False,False,False,False,Missing Report
2025-06-22,7.0,13.0,5.0,2508.0,7.0,False,False,False,False,True,False,13.0,2508.0,7.0,5.0,7.0,False,2521.0,-2.0,0.00013224014810897522,1.4,2529.765306122449,2510.612244897959,-5.666666666666667,2535.464285714286,2513.0,-3.4,10.42055969938709,5.770615218496908,66512.0,91543.0,123293.0,-31750.0,0,1,False,False,False,False,False,False,False,False,Normal
2025-06-23,3.0,15.0,5.0,2495.0,17.0,False,False,False,False,True,False,15.0,2495.0,3.0,5.0,17.0,False,2510.0,-12.0,-0.004363347877826218,3.4,2524.6428571428573,2506.8571428571427,-7.25,2533.535714285714,2511.5,-6.8,12.420965024535244,4.438468204228515,66515.0,91548.0,123310.0,-31762.0,0,2,False,False,False,False,False,False,False,False,Normal
2025-06-24,5.0,20.0,5.0,2489.0,16.0,False,False,False,False,True,False,20.0,2489.0,5.0,5.0,16.0,False,2509.0,-11.0,-0.00039840637450194727,3.2,2519.214285714286,2502.0,-9.0,2531.3928571428573,2509.9285714285716,-8.0,13.904902236498634,4.636809247742168,66520.0,91553.0,123326.0,-31773.0,0,3,False,True,False,False,False,False,False,False,Relief
2025-06-25,6.0,12.0,2.0,2470.0,24.0,False,False,False,False,True,False,12.0,2470.0,6.0,2.0,24.0,False,2482.0,-22.0,-0.010761259465922657,12.0,2511.8571428571427,2496.0,-11.6,2527.2397959183677,2506.8775510204077,-10.333333333333334,18.882476556804082,7.061633427658515,66526.0,91555.0,123350.0,-31795.0,0,4,False,True,False,False,False,False,False,False,Relief
2025-06-26,3.0,9.0,7.0,2447.0,35.0,False,False,False,False,True,False,9.0,2447.0,3.0,7.0,35.0,False,2456.0,-28.0,-0.010475423045930743,5.0,2502.714285714286,2488.285714285714,-15.0,2521.1479591836733,2502.061224489796,-12.857142857142858,26.302086820415308,9.28131764044424,66529.0,91562.0,123385.0,-31823.0,0,5,False,True,False,False,False,False,False,False,Relief
2025-06-27,,11.666666666666666,,2435.6666666666665,,False,False,False,False,False,True,,,,,,True,2447.333333333333,,-0.0035287730727471267,,2492.285714285714,2478.6190476190473,-15.0,2514.355442176871,2496.312925170068,-12.857142857142858,32.03747269189346,9.28131764044424,66529.0,91562.0,123385.0,-31823.0,0,0,False,False,False,False,False,False,False,False,Missing Report
2025-06-28,,14.333333333333332,,2424.3333333333335,,False,False,False,False,False,True,,,,,,True,2438.666666666667,,-0.003541269408880221,,2480.5714285714284,2467.0,-15.0,2506.862244897959,2489.6326530612246,-12.857142857142858,36.61897399632262,9.28131764044424,66529.0,91562.0,123385.0,-31823.0,0,0,False,False,False,False,False,False,False,False,Missing Report
2025-06-29,5.0,17.0,7.0,2413.0,20.0,False,False,False,False,True,False,17.0,2413.0,5.0,7.0,20.0,False,2430.0,-13.0,-0.0035538545653364118,2.857142857142857,2467.5714285714284,2453.4285714285716,-17.2,2498.668367346939,2482.020408163265,-12.875,40.16065163943925,8.59297886150403,66534.0,91569.0,123405.0,-31836.0,0,1,False,False,False,False,False,False,False,False,Normal
2025-06-30,9.0,22.0,8.0,2407.0,16.0,False,False,False,False,True,False,22.0,2407.0,9.0,8.0,16.0,False,2429.0,-8.0,-0.0004115226337448874,2.0,2456.0,2440.8571428571427,-16.4,2490.3214285714284,2473.8571428571427,-12.333333333333334,41.71230650270156,8.200609733426733,66543.0,91577.0,123421.0,-31844.0,0,2,False,False,False,False,False,False,False,False,Normal
2025-07-01,7.0,14.0,6.0,2391.0,22.0,False,False,False,False,True,False,14.0,2391.0,7.0,6.0,22.0,False,2405.0,-16.0,-0.009880609304240395,3.6666666666666665,2441.1428571428573,2426.8571428571427,-17.4,2480.1785714285716,2464.4285714285716,-13.666666666666666,44.06805460707194,7.632168761235113,66550.0,91583.0,123443.0,-31860.0,0,3,False,True,False,False,False,False,False,False,Relief
2025-07-02,8.0,20.0,9.0,2373.0,38.0,False,False,False,False,True,False,20.0,2373.0,8.0,9.0,38.0,False,2393.0,-29.0,-0.00498960498960499,4.222222222222222,2428.4285714285716,2413.0,-18.8,2470.1428571428573,2454.5,-15.2,46.898274032006604,8.676917015211387,66558.0,91592.0,123481.0,-31889.0,0,4,False,True,False,False,False,False,False,False,Relief
2025-07-03,,19.25,,2362.75,,False,False,False,False,False,True,,,,,,True,2382.0,,-0.004596740493104878,,2417.8571428571427,2400.964285714286,-16.5,2460.285714285714,2444.625,-15.666666666666666,50.0122817611939,9.069178573607035,66558.0,91592.0,123481.0,-31889.0,0,0,False,False,False,False,False,False,False,False,Missing Report
2025-07-04,,18.5,,2352.5,,False,False,False,False,False,True,,,,,,True,2371.0,,-0.0046179680940385825,,2406.952380952381,2389.0833333333335,-16.5,2449.619047619048,2433.851190476191,-15.666666666666666,52.10145545274131,9.069178573607035,66558.0,91592.0,123481.0,-31889.0,0,0,False,False,False,False,False,False,False,False,Missing Report
2025-07-05,,17.75,,2342.25,,False,False,False,False,False,True,,,,,,True,2360.0,,-0.004639392661324293,,2395.714285714286,2377.3571428571427,-16.5,2438.1428571428573,2422.1785714285716,-15.666666666666666,52.936296866927044,9.069178573607035,66558.0,91592.0,123481.0,-31889.0,0,0,False,False,False,False,False,False,False,False,Missing Report
2025-07-06,4.0,17.0,2.0,2332.0,8.0,False,False,False,False,True,False,17.0,2332.0,4.0,2.0,8.0,False,2349.0,-6.0,-0.004661016949152552,4.0,2384.1428571428573,2365.785714285714,-14.75,2425.8571428571427,2409.6071428571427,-16.11111111111111,52.18109725368337,8.388153021439464,66562.0,91594.0,123489.0,-31895.0,0,1,False,False,False,False,False,False,False,False,Normal
2025-07-07,3.0,18.0,8.0,2317.0,20.0,False,False,False,False,True,False,18.0,2317.0,3.0,8.0,20.0,False,2335.0,-12.0,-0.005959982971477262,2.5,2370.714285714286,2352.9285714285716,-15.75,2413.3571428571427,2396.8928571428573,-16.11111111111111,51.42939135565663,8.388153021439464,66565.0,91602.0,123509.0,-31907.0,0,2,False,False,False,False,False,False,False,False,Normal
2025-07-08,5.0,16.0,8.0,2306.0,20.0,False,False,False,False,True,False,16.0,2306.0,5.0,8.0,20.0,False,2322.0,-12.0,-0.005567451820128522,2.5,2358.8571428571427,2340.785714285714,-14.75,2400.0,2383.8214285714284,-16.22222222222222,48.899862790473016,8.318319808976891,66570.0,91610.0,123529.0,-31919.0,0,3,False,True,False,False,False,False,False,False,Relief
2025-07-09,2.0,18.0,0.0,2281.0,32.0,False,False,False,True,True,False,18.0,2281.0,2.0,0.0,32.0,False,2299.0,-32.0,-0.009905254091300608,,2345.4285714285716,2327.6428571428573,-15.5,2386.9285714285716,2370.3214285714284,-17.333333333333332,49.74588048152986,9.733961166964495,66572.0,91610.0,123561.0,-31951.0,0,4,False,True,False,False,False,False,False,False,Relief
2025-07-10,2.0,12.0,3.0,2252.0,39.0,False,False,False,False,True,False,12.0,2252.0,2.0,3.0,39.0,False,2264.0,-36.0,-0.015224010439321423,13.0,2328.5714285714284,2311.8214285714284,-19.6,2373.214285714286,2356.3928571428573,-18.22222222222222,55.38530261505544,11.099299277180393,66574.0,91613.0,123600.0,-31987.0,0,5,False,True,False,False,False,False,False,False,Relief
2025-07-11,,12.333333333333334,,2236.0,,False,False,False,False,False,True,,,,,,True,2248.3333333333335,,-0.006919905771495816,,2311.0476190476193,2295.1785714285716,-19.6,2359.0,2342.130952380952,-18.22222222222222,60.224508737892165,11.099299277180393,66574.0,91613.0,123600.0,-31987.0,0,0,False,False,False,False,False,False,False,False,Missing Report
2025-07-12,,12.666666666666666,,2220.0,,False,False,False,False,False,True,,,,,,True,2232.6666666666665,,-0.0069681245366939315,,2292.8571428571427,2277.714285714286,-19.6,2344.285714285714,2327.535714285714,-18.22222222222222,64.29085313668068,11.099299277180393,66574.0,91613.0,123600.0,-31987.0,0,0,False,False,False,False,False,False,False,False,Missing Report
2025-07-13,1.0,13.0,4.0,2204.0,10.0,False,False,False,False,True,False,13.0,2204.0,1.0,4.0,10.0,False,2217.0,-6.0,-0.007017020005971819,2.5,2274.0,2259.4285714285716,-19.6,2329.0714285714284,2312.6071428571427,-17.444444444444443,67.56600806169715,11.737877907771514,66575.0,91617.0,123610.0,-31993.0,0,1,False,False,False,False,False,False,False,False,Normal
2025-07-14,2.0,9.0,1.0,2181.0,26.0,False,False,False,False,True,False,9.0,2181.0,2.0,1.0,26.0,False,2190.0,-25.0,-0.012178619756427644,26.0,2253.285714285714,2240.0,-22.2,2312.0,2296.464285714286,-19.333333333333332,70.50489465751586,11.390785749893316,66577.0,91618.0,123636.0,-32018.0,0,2,False,False,False,False,False,False,False,False,Normal
2025-07-15,0.0,8.0,5.0,2171.0,17.0,False,False,False,False,True,False,8.0,2171.0,0.0,5.0,17.0,False,2179.0,-12.0,-0.005022831050228271,3.4,2232.8571428571427,2220.714285714286,-22.2,2295.8571428571427,2280.75,-18.88888888888889,73.38724292010198,11.61297167442872,66577.0,91623.0,123653.0,-32030.0,0,3,False,True,False,False,False,False,False,False,Relief
2025-07-16,1.0,9.0,0.0,2164.0,11.0,False,False,False,True,True,False,9.0,2164.0,1.0,0.0,11.0,False,2173.0,-11.0,-0.0027535566773749798,,2214.8571428571427,2204.0,-18.0,2280.1428571428573,2265.8214285714284,-16.88888888888889,74.53132356696905,11.196477620711077,66578.0,91623.0,123664.0,-32041.0,0,4,False,True,False,False,False,False,False,False,Relief
2025-07-17,3.0,16.0,2.0,2153.0,17.0,False,False,False,False,True,False,16.0,2153.0,3.0,2.0,17.0,False,2169.0,-15.0,-0.0018407731247124248,8.5,2201.285714285714,2189.8571428571427,-13.8,2264.9285714285716,2250.839285714286,-16.7,73.8767949359357,10.573026477261124,66581.0,91625.0,123681.0,-32056.0,0,5,False,True,False,False,False,False,False,False,Relief
2025-07-18,,16.5,,2145.0,,False,False,False,False,False,True,,,,,,True,2161.5,,-0.003457814661134151,,2188.8809523809523,2176.8571428571427,-13.8,2249.964285714286,2236.0178571428573,-16.7,71.93076498192445,10.573026477261124,66581.0,91625.0,123681.0,-32056.0,0,0,False,False,False,False,False,False,False,False,Missing Report
2025-07-19,,17.0,,2137.0,,False,False,False,False,False,True,,,,,,True,2154.0,,-0.003469812630117919,,2177.6428571428573,2165.0,-13.8,2235.25,2221.3571428571427,-16.7,68.68691355521393,10.573026477261124,66581.0,91625.0,123681.0,-32056.0,0,0,False,False,False,False,False,False,False,False,Missing Report
2025-07-20,,17.5,,2129.0,,False,False,False,False,False,True,,,,,,True,2146.5,,-0.0034818941504177747,,2167.5714285714284,2154.285714285714,-15.75,2220.785714285714,2206.8571428571427,-17.88888888888889,64.0559126926136,10.481465122352118,66581.0,91625.0,123681.0,-32056.0,0,0,False,False,False,False,False,False,False,False,Missing Report
2025-07-21,4.0,18.0,7.0,2121.0,16.0,False,False,False,False,True,False,18.0,2121.0,4.0,7.0,16.0,False,2139.0,-9.0,-0.0034940600978337066,2.2857142857142856,2160.285714285714,2145.714285714286,-11.75,2206.785714285714,2192.8571428571427,-17.555555555555557,58.33660901083642,10.736748938936339,66585.0,91632.0,123697.0,-32065.0,0,1,False,False,False,False,False,False,False,False,Normal
2025-07-22,5.0,13.0,3.0,2117.0,16.0,False,False,False,False,True,False,13.0,2117.0,5.0,3.0,16.0,False,2130.0,-13.0,-0.0042075736325385416,5.333333333333333,2153.285714285714,2138.0,-12.0,2193.0714285714284,2179.3571428571427,-17.666666666666668,51.313254240720134,10.677078252030038,66590.0,91635.0,123713.0,-32078.0,0,2,False,False,False,False,False,False,False,False,Normal
2025-07-23,6.0,21.0,5.0,2111.0,14.0,False,False,False,False,True,False,21.0,2111.0,6.0,5.0,14.0,False,2132.0,-9.0,0.0009389671361501595,2.8,2147.4285714285716,2130.4285714285716,-11.5,2181.1428571428573,2167.214285714286,-15.11111111111111,43.629944290524826,9.505846154398046,66596.0,91640.0,123727.0,-32087.0,0,3,False,True,False,False,False,False,False,False,Relief
2025-07-24,6.0,18.0,7.0,2096.0,29.0,False,False,False,False,True,False,18.0,2096.0,6.0,7.0,29.0,False,2114.0,-22.0,-0.008442776735459678,4.142857142857143,2139.5714285714284,2122.285714285714,-13.25,2170.4285714285716,2156.0714285714284,-13.555555555555555,39.9828336145505,6.247221604661621,66602.0,91647.0,123756.0,-32109.0,0,4,False,True,False,False,False,False,False,False,Relief
2025-07-25,,16.0,,2093.3333333333335,,False,False,False,False,False,True,,,,,,True,2109.3333333333335,,-0.002207505518763697,,2132.1190476190477,2114.904761904762,-13.25,2160.5,2145.8809523809523,-13.555555555555555,36.23168561434173,6.247221604661621,66602.0,91647.0,123756.0,-32109.0,0,0,False,False,False,False,False,False,False,False,Missing Report
2025-07-26,,14.0,,2090.6666666666665,,False,False,False,False,False,True,,,,,,True,2104.6666666666665,,-0.0022123893805311434,,2125.0714285714284,2108.285714285714,-13.25,2151.3571428571427,2136.6428571428573,-13.555555555555555,32.58669286094631,6.247221604661621,66602.0,91647.0,123756.0,-32109.0,0,0,False,False,False,False,False,False,False,False,Missing Report
2025-07-27,1.0,12.0,2.0,2088.0,4.0,False,False,False,False,True,False,12.0,2088.0,1.0,2.0,4.0,False,2100.0,-2.0,-0.0022172949002217113,2.0,2118.4285714285716,2102.4285714285716,-11.0,2143.0,2128.3571428571427,-13.11111111111111,29.293460658099136,6.954215348339759,66603.0,91649.0,123760.0,-32111.0,0,1,False,False,False,False,False,False,False,False,Normal
2025-07-28,2.0,9.0,3.0,2080.0,14.0,False,False,False,False,True,False,9.0,2080.0,2.0,3.0,14.0,False,2089.0,-11.0,-0.005238095238095264,4.666666666666667,2111.285714285714,2096.5714285714284,-11.4,2135.785714285714,2121.1428571428573,-11.555555555555555,29.265030363259086,5.341140119651523,66605.0,91652.0,123774.0,-32122.0,0,2,False,False,False,False,False,False,False,False,Normal
2025-07-29,2.0,8.0,3.0,2072.0,12.0,False,False,False,False,True,False,8.0,2072.0,2.0,3.0,12.0,False,2080.0,-9.0,-0.004308281474389664,4.0,2104.1428571428573,2090.1428571428573,-10.6,2128.714285714286,2114.0714285714284,-11.222222222222221,29.972097316450913,5.403188359146641,66607.0,91655.0,123786.0,-32131.0,0,3,False,True,False,False,False,False,False,False,Relief
2025-07-30,4.0,15.0,4.0,2063.0,16.0,False,False,False,False,True,False,15.0,2063.0,4.0,4.0,16.0,False,2078.0,-12.0,-0.0009615384615384581,4.0,2096.4285714285716,2083.285714285714,-11.2,2121.9285714285716,2106.8571428571427,-11.333333333333334,29.92852698407719,5.408326913193518,66611.0,91659.0,123802.0,-32143.0,0,4,False,True,False,False,False,False,False,False,Relief
2025-07-31,2.0,9.0,6.0,2058.0,15.0,False,False,False,False,True,False,9.0,2058.0,2.0,6.0,15.0,False,2067.0,-9.0,-0.005293551491819093,2.5,2089.714285714286,2077.8571428571427,-8.6,2114.6428571428573,2100.0714285714284,-10.666666666666666,30.003337213047747,5.267826876423843,66613.0,91665.0,123817.0,-32152.0,0,5,False,True,False,False,False,False,False,False,Relief
2025-08-01,,14.666666666666668,,2055.0,,False,False,False,False,False,True,,,,,,True,2069.6666666666665,,0.0012901144976615875,,2084.047619047619,2072.3809523809523,-8.6,2108.0833333333335,2093.6428571428573,-10.666666666666666,28.992686222911438,5.267826876423843,66613.0,91665.0,123817.0,-32152.0,0,0,False,False,False,False,False,False,False,False,Missing Report
2025-08-02,,20.333333333333336,,2052.0,,False,False,False,False,False,True,,,,,,True,2072.3333333333335,,0.0012884522467386805,,2079.4285714285716,2066.8571428571427,-8.6,2102.25,2087.5714285714284,-10.666666666666666,27.204099579055004,5.267826876423843,66613.0,91665.0,123817.0,-32152.0,0,0,False,False,False,False,False,False,False,False,Missing Report
2025-08-03,5.0,26.0,3.0,2049.0,5.0,False,False,False,False,True,False,26.0,2049.0,5.0,3.0,5.0,False,2075.0,-2.0,0.0012867942737653237,1.6666666666666667,2075.8571428571427,2061.285714285714,-8.6,2097.1428571428573,2081.8571428571427,-9.8,24.869132437474583,5.6725459696466265,66618.0,91668.0,123822.0,-32154.0,0,1,False,False,False,False,False,False,False,False,Normal
2025-08-04,5.0,22.0,11.0,2040.0,14.0,False,False,False,False,True,False,22.0,2040.0,5.0,11.0,14.0,False,2062.0,-3.0,-0.006265060240963849,1.2727272727272727,2072.0,2055.5714285714284,-7.0,2091.6428571428573,2076.0714285714284,-9.2,23.3693729985697,6.069962474712747,66623.0,91679.0,123836.0,-32157.0,0,2,False,False,False,False,False,False,False,False,Normal
2025-08-05,2.0,21.0,10.0,2042.0,14.0,False,False,False,False,True,False,21.0,2042.0,2.0,10.0,14.0,False,2063.0,-4.0,0.00048496605237624557,1.4,2069.5714285714284,2051.285714285714,-6.0,2086.8571428571427,2070.714285714286,-8.3,21.71167485744288,6.111010100173372,66625.0,91689.0,123850.0,-32161.0,0,3,False,True,False,False,False,False,False,False,Relief
2025-08-06,4.0,17.0,3.0,2036.0,13.0,False,False,False,False,True,False,17.0,2036.0,4.0,3.0,13.0,False,2053.0,-10.0,-0.004847309743092554,4.333333333333333,2066.0,2047.4285714285713,-5.6,2081.214285714286,2065.3571428571427,-8.4,19.196958059584944,6.131883886700442,66629.0,91692.0,123863.0,-32171.0,0,4,False,True,False,False,False,False,False,False,Relief
2025-08-07,4.0,18.0,6.0,2031.0,17.0,False,False,False,False,True,False,18.0,2031.0,4.0,6.0,17.0,False,2049.0,-11.0,-0.001948368241597609,2.8333333333333335,2063.4285714285716,2043.5714285714287,-6.0,2076.5714285714284,2060.714285714286,-7.3,18.505452444343213,4.056544780417461,66633.0,91698.0,123880.0,-32182.0,0,5,False,True,False,False,False,False,False,False,Relief
2025-08-08,,18.0,,2022.6666666666667,,False,False,False,False,False,True,,,,,,True,2040.6666666666667,,-0.004067024564828325,,2059.285714285714,2038.952380952381,-6.0,2071.666666666667,2055.666666666667,-7.3,18.25226832103826,4.056544780417461,66633.0,91698.0,123880.0,-32182.0,0,0,False,False,False,False,False,False,False,False,Missing Report
2025-08-09,,18.0,,2014.3333333333333,,False,False,False,False,False,True,,,,,,True,2032.3333333333333,,-0.004083632799738668,,2053.5714285714284,2033.5714285714287,-6.0,2066.5,2050.214285714286,-7.3,18.429236333999935,4.056544780417461,66633.0,91698.0,123880.0,-32182.0,0,0,False,False,False,False,False,False,False,False,Missing Report
2025-08-10,0.0,18.0,8.0,2006.0,12.0,False,False,False,False,True,False,18.0,2006.0,0.0,8.0,12.0,False,2024.0,-4.0,-0.004100377234705577,1.5,2046.2857142857142,2027.4285714285713,-6.4,2061.0714285714284,2044.357142857143,-7.5,18.98725553452433,3.807886552928879,66633.0,91706.0,123892.0,-32186.0,0,1,False,False,False,False,False,False,False,False,Normal
2025-08-11,6.0,23.0,4.0,1999.0,16.0,False,False,False,False,True,False,23.0,1999.0,6.0,4.0,16.0,False,2022.0,-12.0,-0.0009881422924901129,4.0,2040.5714285714287,2021.5714285714287,-8.2,2056.285714285714,2038.5714285714287,-7.6,19.831278551744152,3.921450978624411,66639.0,91710.0,123908.0,-32198.0,0,2,False,False,False,False,False,False,False,False,Normal
2025-08-12,8.0,38.0,9.0,1999.0,9.0,False,False,False,False,True,False,38.0,1999.0,8.0,9.0,9.0,False,2037.0,0.0,0.007418397626112849,1.0,2036.857142857143,2015.4285714285713,-7.4,2053.214285714286,2033.357142857143,-6.7,19.19562233138198,4.547282460740087,66647.0,91719.0,123917.0,-32198.0,0,0,False,False,False,False,False,False,False,False,Normal
2025-08-13,6.0,22.0,12.0,1997.0,17.0,False,False,False,False,True,False,22.0,1997.0,6.0,12.0,17.0,False,2019.0,-5.0,-0.008836524300441795,1.4166666666666667,2032.0,2009.857142857143,-6.4,2049.0,2028.642857142857,-6.0,19.80244307790615,4.163331998929467,66653.0,91731.0,123934.0,-32203.0,0,1,False,False,False,False,False,False,False,False,Normal
2025-08-14,3.0,27.0,4.0,1994.0,11.0,False,False,False,False,True,False,27.0,1994.0,3.0,4.0,11.0,False,2021.0,-7.0,0.000990589400693409,2.75,2028.0,2004.5714285714287,-5.6,2045.7142857142858,2024.0714285714287,-5.8,20.393503711030625,4.049691346260442,66656.0,91735.0,123945.0,-32210.0,0,2,False,False,False,False,False,False,False,False,Normal
2025-08-15,,22.666666666666668,,1993.0,,False,False,False,False,False,True,,,,,,True,2015.6666666666667,,-0.0026389576117433755,,2024.4285714285713,2000.3333333333335,-5.6,2041.857142857143,2019.642857142857,-5.8,20.62017693688311,4.049691346260442,66656.0,91735.0,123945.0,-32210.0,0,0,False,False,False,False,False,False,False,False,Missing Report
2025-08-16,,18.333333333333336,,1992.0,,False,False,False,False,False,True,,,,,,True,2010.3333333333333,,-0.0026459401356044854,,2021.2857142857142,1997.142857142857,-5.6,2037.4285714285713,2015.357142857143,-5.8,20.2254086431806,4.049691346260442,66656.0,91735.0,123945.0,-32210.0,0,0,False,False,False,False,False,False,False,False,Missing Report
2025-08-17,4.0,14.0,2.0,1991.0,3.0,False,False,False,False,True,False,14.0,1991.0,4.0,2.0,3.0,False,2005.0,-1.0,-0.0026529597081743628,1.5,2018.5714285714287,1995.0,-5.0,2032.4285714285713,2011.2142857142858,-5.7,18.82688955106654,4.164666186433333,66660.0,91737.0,123948.0,-32211.0,0,1,False,False,False,False,False,False,False,False,Normal
2025-08-18,4.0,20.0,6.0,1985.0,14.0,False,False,False,False,True,False,20.0,1985.0,4.0,6.0,14.0,False,2005.0,-8.0,0.0,2.3333333333333335,2016.142857142857,1993.0,-4.2,2028.357142857143,2007.2857142857142,-6.2,18.088795355706832,4.104198392429527,66664.0,91743.0,123962.0,-32219.0,0,2,False,False,False,False,False,False,False,False,Normal
2025-08-19,5.0,35.0,3.0,1980.0,11.0,False,False,False,False,True,False,35.0,1980.0,5.0,3.0,11.0,False,2015.0,-8.0,0.004987531172069737,3.6666666666666665,2013.0,1990.2857142857142,-5.8,2024.9285714285713,2002.857142857143,-6.6,15.36072166819497,4.06065128875474,66669.0,91746.0,123973.0,-32227.0,0,3,False,True,False,False,False,False,False,False,Relief
2025-08-20,10.0,38.0,10.0,1983.0,10.0,False,False,False,False,True,False,38.0,1983.0,10.0,10.0,10.0,False,2021.0,0.0,0.0029776674937964653,1.0,2013.2857142857142,1988.2857142857142,-4.8,2022.642857142857,1999.0714285714287,-5.6,13.072751244964305,4.351245032552184,66679.0,91756.0,123983.0,-32227.0,0,0,False,False,False,False,False,False,False,False,Normal
2025-08-21,6.0,49.0,8.0,1972.0,21.0,False,False,False,False,True,False,49.0,1972.0,6.0,8.0,21.0,False,2021.0,-13.0,0.0,2.625,2013.2857142857142,1985.142857142857,-6.0,2020.642857142857,1994.857142857143,-5.8,10.646988474407772,4.6619023298767255,66685.0,91764.0,124004.0,-32240.0,0,1,False,False,False,False,False,False,False,False,Normal
2025-08-22,,39.666666666666664,,1975.0,,False,False,False,False,False,True,,,,,,True,2014.6666666666667,,-0.0031337621639452307,,2013.142857142857,1982.5714285714287,-6.0,2018.7857142857142,1991.452380952381,-5.8,9.030439621888368,4.6619023298767255,66685.0,91764.0,124004.0,-32240.0,0,0,False,False,False,False,False,False,False,False,Missing Report
2025-08-23,,30.333333333333332,,1978.0,,False,False,False,False,False,True,,,,,,True,2008.3333333333333,,-0.0031436135009927924,,2012.857142857143,1980.5714285714287,-6.0,2017.0714285714287,1988.857142857143,-5.8,8.524653593277558,4.6619023298767255,66685.0,91764.0,124004.0,-32240.0,0,0,False,False,False,False,False,False,False,False,Missing Report
2025-08-24,4.0,21.0,5.0,1981.0,5.0,False,False,False,False,True,False,21.0,1981.0,4.0,5.0,5.0,False,2002.0,0.0,-0.003153526970954279,1.0,2012.4285714285713,1979.142857142857,-5.8,2015.5,1987.0714285714287,-5.4,9.153720446146133,4.993328882950739,66689.0,91769.0,124009.0,-32240.0,0,0,False,False,False,False,False,False,False,False,Normal
2025-08-25,8.0,30.0,8.0,1980.0,11.0,False,False,False,False,True,False,30.0,1980.0,8.0,8.0,11.0,False,2010.0,-3.0,0.003996003996004083,1.375,2013.142857142857,1978.4285714285713,-4.8,2014.642857142857,1985.7142857142858,-4.5,9.059597799674787,4.453463071959859,66697.0,91777.0,124020.0,-32243.0,0,1,False,False,False,False,False,False,False,False,Normal
2025-08-26,10.0,21.0,20.0,1989.0,15.0,False,False,False,False,True,False,21.0,1989.0,10.0,20.0,15.0,False,2010.0,5.0,0.0,0.75,2012.4285714285713,1979.7142857142858,-2.2,2012.7142857142858,1985.0,-4.0,6.424920932983406,5.22812904711716,66707.0,91797.0,124035.0,-32238.0,1,0,False,False,False,False,False,False,False,False,Normal
2025-08-27,5.0,19.0,9.0,1988.0,19.0,False,False,False,False,True,False,19.0,1988.0,5.0,9.0,19.0,False,2007.0,-10.0,-0.0014925373134327957,2.111111111111111,2010.4285714285713,1980.4285714285713,-4.2,2011.857142857143,1984.357142857143,-4.5,6.3214656272395375,5.562773089424128,66712.0,91806.0,124054.0,-32248.0,0,1,False,False,False,False,False,False,False,False,Normal
2025-08-28,8.0,33.0,6.0,1984.0,17.0,False,False,False,False,True,False,33.0,1984.0,8.0,6.0,17.0,False,2017.0,-11.0,0.004982561036372735,2.8333333333333335,2009.857142857143,1982.142857142857,-3.8,2011.5714285714287,1983.642857142857,-4.9,5.956291731676893,5.896326540028414,66720.0,91812.0,124071.0,-32259.0,0,2,False,False,False,False,False,False,False,False,Normal
2025-08-29,,32.0,,1990.5,,False,False,False,False,False,True,,,,,,True,2022.5,,0.0027268220128904286,,2010.9761904761906,1984.357142857143,-3.8,2012.0595238095236,1983.4642857142858,-4.9,6.566428173553031,5.896326540028414,66720.0,91812.0,124071.0,-32259.0,0,0,False,False,False,False,False,False,False,False,Missing Report
2025-08-30,,31.0,,1997.0,,False,False,False,False,False,True,,,,,,True,2028.0,,0.002719406674907221,,2013.7857142857142,1987.0714285714287,-3.8,2013.3214285714287,1983.8214285714287,-4.9,7.7922995681915435,5.896326540028414,66720.0,91812.0,124071.0,-32259.0,0,0,False,False,False,False,False,False,False,False,Missing Report
2025-08-31,,30.0,,2003.5,,False,False,False,False,False,True,,,,,,True,2033.5,,0.002712031558185446,,2018.2857142857142,1990.2857142857142,-4.75,2015.357142857143,1984.7142857142858,-5.333333333333333,9.069262702508846,6.082762530296069,66720.0,91812.0,124071.0,-32259.0,0,0,False,False,False,False,False,False,False,False,Missing Report
2025-09-01,10.0,29.0,17.0,2010.0,5.0,False,False,False,False,True,False,29.0,2010.0,10.0,17.0,5.0,False,2039.0,12.0,0.0027046963363659415,0.29411764705882354,2022.4285714285713,1994.5714285714287,-1.0,2017.7857142857142,1986.5,-3.111111111111111,10.518893970509739,8.252945602091724,66730.0,91829.0,124076.0,-32247.0,1,0,False,False,False,False,False,True,False,False,Normal
2025-09-02,6.0,35.0,9.0,2020.0,9.0,False,False,False,False,True,False,35.0,2020.0,6.0,9.0,9.0,False,2055.0,0.0,0.007846983815595898,1.0,2028.857142857143,1999.0,-2.25,2020.642857142857,1989.357142857143,-2.2222222222222223,14.414922389864099,8.089774066339464,66736.0,91838.0,124085.0,-32247.0,0,0,False,False,False,False,False,False,False,False,Normal
2025-09-03,4.0,29.0,11.0,2019.0,10.0,False,False,False,False,True,False,29.0,2019.0,4.0,11.0,10.0,False,2048.0,1.0,-0.0034063260340632118,0.9090909090909091,2034.7142857142858,2003.4285714285713,0.5,2022.5714285714287,1991.9285714285713,-2.111111111111111,16.1661662913887,8.13087394509872,66740.0,91849.0,124095.0,-32246.0,1,0,False,False,False,False,False,False,False,False,Normal
2025-09-04,11.0,40.0,2.0,2015.0,14.0,False,False,False,False,True,False,40.0,2015.0,11.0,2.0,14.0,False,2055.0,-12.0,0.00341796875,7.0,2040.142857142857,2007.857142857143,0.25,2025.0,1995.0,-2.0,18.322024476366792,7.96868872525299,66751.0,91851.0,124109.0,-32258.0,0,1,False,False,False,False,False,False,False,False,Normal
2025-09-05,,33.0,,2018.6666666666667,,False,False,False,False,False,True,,,,,,True,2051.666666666667,,-0.0016220600162204502,,2044.309523809524,2011.8809523809523,0.25,2027.642857142857,1998.1190476190477,-2.0,19.356182019652,7.96868872525299,66751.0,91851.0,124109.0,-32258.0,0,0,False,False,False,False,False,False,False,False,Missing Report
2025-09-06,,26.0,,2022.3333333333333,,False,False,False,False,False,True,,,,,,True,2048.333333333333,,-0.0016246953696185118,,2047.2142857142858,2015.5,0.25,2030.5,2001.2857142857142,-2.0,19.23849416757705,7.96868872525299,66751.0,91851.0,124109.0,-32258.0,0,0,False,False,False,False,False,False,False,False,Missing Report
2025-09-07,4.0,19.0,9.0,2026.0,7.0,False,False,False,False,True,False,19.0,2026.0,4.0,9.0,7.0,False,2045.0,2.0,-0.0016273393002439462,0.7777777777777778,2048.8571428571427,2018.7142857142858,0.6,2033.5714285714287,2004.5,-1.7777777777777777,17.7102406778958,8.05881160248945,66755.0,91860.0,124116.0,-32256.0,1,0,False,False,False,False,False,False,False,False,Normal
2025-09-08,7.0,25.0,5.0,2025.0,6.0,False,False,False,False,True,False,25.0,2025.0,7.0,5.0,6.0,False,2050.0,-1.0,0.0024449877750611915,1.2,2050.4285714285716,2020.857142857143,-2.0,2036.4285714285713,2007.7142857142858,-1.5555555555555556,16.819137733542913,8.04846431176482,66762.0,91865.0,124122.0,-32257.0,0,1,False,False,False,False,False,False,False,False,Normal
2025-09-09,18.0,42.0,11.0,2023.0,14.0,False,False,False,False,True,False,42.0,2023.0,18.0,11.0,14.0,False,2065.0,-3.0,0.007317073170731714,1.2727272727272727,2051.8571428571427,2021.2857142857142,-2.6,2040.357142857143,2010.142857142857,-2.4444444444444446,16.59302410789277,7.666666666664976,66780.0,91876.0,124136.0,-32260.0,0,2,False,False,False,False,False,False,False,False,Normal
2025-09-10,10.0,47.0,14.0,2025.0,18.0,False,False,False,False,True,False,47.0,2025.0,10.0,14.0,18.0,False,2072.0,-4.0,0.003389830508474523,1.2857142857142858,2055.285714285714,2022.142857142857,-3.6,2045.0,2012.7857142857142,-1.7777777777777777,15.605855784275233,7.172478263781535,66790.0,91890.0,124154.0,-32264.0,0,3,False,True,False,False,False,False,False,False,Relief
2025-09-11,12.0,38.0,29.0,2047.0,6.0,False,False,False,False,True,False,38.0,2047.0,12.0,29.0,6.0,False,2085.0,23.0,0.006274131274131234,0.20689655172413793,2059.5714285714284,2026.7142857142858,3.4,2049.8571428571427,2017.2857142857142,2.0,16.760231863624206,10.074720839803675,66802.0,91919.0,124160.0,-32241.0,1,0,False,False,False,False,False,True,False,False,Normal
2025-09-12,,38.333333333333336,,2059.0,,False,False,False,False,False,True,,,,,,True,2097.3333333333335,,0.00591526778577145,,2066.095238095238,2032.4761904761906,3.4,2055.2023809523807,2022.1785714285713,2.0,19.12980608348622,10.074720839803675,66802.0,91919.0,124160.0,-32241.0,0,0,False,False,False,False,False,False,False,False,Missing Report
2025-09-13,,38.666666666666664,,2071.0,,False,False,False,False,False,True,,,,,,True,2109.6666666666665,,0.005880483153210214,,2074.8571428571427,2039.4285714285713,3.4,2061.035714285714,2027.4642857142858,2.0,22.373306984159093,10.074720839803675,66802.0,91919.0,124160.0,-32241.0,0,0,False,False,False,False,False,False,False,False,Missing Report
2025-09-14,7.0,39.0,13.0,2083.0,5.0,False,False,False,False,True,False,39.0,2083.0,7.0,13.0,5.0,False,2122.0,8.0,0.00584610522989415,0.38461538461538464,2085.8571428571427,2047.5714285714287,4.6,2067.3571428571427,2033.142857142857,2.6,26.174452302193163,9.686187187030797,66809.0,91932.0,124165.0,-32233.0,1,0,False,False,False,False,False,True,False,False,Normal
2025-09-15,9.0,47.0,10.0,2086.0,10.0,False,False,False,False,True,False,47.0,2086.0,9.0,10.0,10.0,False,2133.0,0.0,0.005183788878416529,1.0,2097.714285714286,2056.285714285714,4.8,2074.0714285714284,2038.5714285714287,1.4,30.10244007343961,9.118966803072201,66818.0,91942.0,124175.0,-32233.0,0,0,False,False,False,False,False,False,False,False,Normal
2025-09-16,7.0,28.0,17.0,2095.0,12.0,False,False,False,False,True,False,28.0,2095.0,7.0,17.0,12.0,False,2123.0,5.0,-0.00468823253633377,0.7058823529411765,2106.0,2066.5714285714284,6.4,2078.9285714285716,2043.9285714285713,1.9,32.20133738130239,9.170605214487063,66825.0,91959.0,124187.0,-32228.0,1,0,False,False,False,False,False,False,False,False,Normal
2025-09-17,7.0,38.0,5.0,2096.0,13.0,False,False,False,False,True,False,38.0,2096.0,7.0,5.0,13.0,False,2134.0,-8.0,0.005181347150259086,2.6,2114.8571428571427,2076.714285714286,5.6,2085.0714285714284,2049.4285714285716,1.0,34.00004488558283,9.695359714831485,66832.0,91964.0,124200.0,-32236.0,0,1,False,False,False,False,False,False,False,False,Normal
2025-09-18,20.0,52.0,11.0,2096.0,14.0,False,False,False,False,True,False,52.0,2096.0,20.0,11.0,14.0,False,2148.0,-3.0,0.006560449859418949,1.2727272727272727,2123.8571428571427,2083.714285714286,0.4,2091.714285714286,2055.214285714286,1.9,36.65427695719688,8.723531395024454,66852.0,91975.0,124214.0,-32239.0,0,2,False,False,False,False,False,False,False,False,Normal
2025-09-19,,46.333333333333336,,2108.6666666666665,,False,False,False,False,False,True,,,,,,True,2155.0,,0.0032588454376163423,,2132.095238095238,2090.809523809524,0.4,2099.095238095238,2061.6428571428573,1.9,38.33510108633031,8.723531395024454,66852.0,91975.0,124214.0,-32239.0,0,0,False,False,False,False,False,False,False,False,Missing Report
2025-09-20,,40.666666666666664,,2121.3333333333335,,False,False,False,False,False,True,,,,,,True,2162.0,,0.0032482598607888047,,2139.5714285714284,2098.0,0.4,2107.214285714286,2068.714285714286,1.9,38.791268540511034,8.723531395024454,66852.0,91975.0,124214.0,-32239.0,0,0,False,False,False,False,False,False,False,False,Missing Report
2025-09-21,8.0,35.0,13.0,2134.0,5.0,False,False,False,False,True,False,35.0,2134.0,8.0,13.0,5.0,False,2169.0,8.0,0.003237742830712209,0.38461538461538464,2146.285714285714,2105.285714285714,0.4,2116.0714285714284,2076.4285714285716,2.5,37.632314390839454,8.934950102452206,66860.0,91988.0,124219.0,-32231.0,1,0,False,False,False,False,False,True,False,False,Normal
2025-09-22,17.0,40.0,14.0,2141.0,10.0,False,False,False,False,True,False,40.0,2141.0,17.0,14.0,10.0,False,2181.0,4.0,0.0055325034578146415,0.7142857142857143,2153.1428571428573,2113.1428571428573,1.2,2125.4285714285716,2084.714285714286,3.0,36.19921814215993,8.856886837056338,66877.0,92002.0,124229.0,-32227.0,2,0,False,False,False,False,False,False,False,False,Normal
2025-09-23,11.0,36.0,10.0,2145.0,15.0,False,False,False,False,True,False,36.0,2145.0,11.0,10.0,15.0,False,2181.0,-5.0,0.0,1.5,2161.4285714285716,2120.285714285714,-0.8,2133.714285714286,2093.4285714285716,2.8,34.54140513686876,9.028350409188187,66888.0,92012.0,124244.0,-32232.0,0,1,False,False,False,False,False,False,False,False,Normal
2025-09-24,3.0,38.0,12.0,2138.0,17.0,False,False,False,False,True,False,38.0,2138.0,3.0,12.0,17.0,False,2176.0,-5.0,-0.0022925263640531934,1.4166666666666667,2167.4285714285716,2126.285714285714,-0.2,2141.1428571428573,2101.5,2.7,31.277012740549104,9.117138927437685,66891.0,92024.0,124261.0,-32237.0,0,2,False,False,False,False,False,False,False,False,Normal
2025-09-25,6.0,35.0,12.0,2132.0,18.0,False,False,False,False,True,False,35.0,2132.0,6.0,12.0,18.0,False,2167.0,-6.0,-0.004136029411764719,1.5,2170.1428571428573,2131.4285714285716,-0.8,2147.0,2107.5714285714284,-0.2,27.39112089701136,6.033241251597449,66897.0,92036.0,124279.0,-32243.0,0,3,False,True,False,False,False,False,False,False,Relief
2025-09-26,,33.0,,2136.6666666666665,,False,False,False,False,False,True,,,,,,True,2169.6666666666665,,0.001230579910782792,,2172.238095238095,2135.4285714285716,-0.8,2152.166666666667,2113.1190476190477,-0.2,23.901775488784793,6.033241251597449,66897.0,92036.0,124279.0,-32243.0,0,0,False,False,False,False,False,False,False,False,Missing Report
2025-09-27,,31.0,,2141.3333333333335,,False,False,False,False,False,True,,,,,,True,2172.3333333333335,,0.0012290674450761152,,2173.714285714286,2138.285714285714,-0.8,2156.6428571428573,2118.1428571428573,-0.2,21.02520435764671,6.033241251597449,66897.0,92036.0,124279.0,-32243.0,0,0,False,False,False,False,False,False,False,False,Missing Report
2025-09-28,11.0,29.0,12.0,2146.0,9.0,False,False,False,False,True,False,29.0,2146.0,11.0,12.0,9.0,False,2175.0,3.0,0.0012275586926500104,0.75,2174.5714285714284,2140.0,-1.8,2160.4285714285716,2122.6428571428573,-0.7,18.97971411669032,5.457919831663525,66908.0,92048.0,124288.0,-32240.0,1,0,False,False,False,False,False,False,False,False,Normal
2025-09-29,8.0,35.0,12.0,2148.0,13.0,False,False,False,False,True,False,35.0,2148.0,8.0,12.0,13.0,False,2183.0,-1.0,0.0036781609195402076,1.0833333333333333,2174.8571428571427,2141.0,-2.8,2164.0,2127.0714285714284,-0.8,18.105578298796797,5.452828012445508,66916.0,92060.0,124301.0,-32241.0,0,1,False,False,False,False,False,False,False,False,Normal
2025-09-30,8.0,32.0,12.0,2159.0,7.0,False,False,False,False,True,False,32.0,2159.0,8.0,12.0,7.0,False,2191.0,5.0,0.003664681630783262,0.5833333333333334,2176.285714285714,2143.0,-0.8,2168.8571428571427,2131.6428571428573,-0.8,15.138513893269117,5.452828012445508,66924.0,92072.0,124308.0,-32236.0,1,0,False,False,False,False,False,False,False,False,Normal
2025-10-01,4.0,33.0,12.0,2163.0,14.0,False,False,False,False,True,False,33.0,2163.0,4.0,12.0,14.0,False,2196.0,-2.0,0.0022820629849384932,1.1666666666666667,2179.1428571428573,2146.5714285714284,-0.2,2173.285714285714,2136.4285714285716,-0.2,13.086730492556075,4.871686908383017,66928.0,92084.0,124322.0,-32238.0,0,1,False,False,False,False,False,False,False,False,Normal
2025-10-02,20.0,51.0,15.0,2164.0,16.0,False,False,False,False,True,False,51.0,2164.0,20.0,15.0,16.0,False,2215.0,-1.0,0.00865209471766848,1.0666666666666667,2186.0,2151.1428571428573,0.8,2178.0714285714284,2141.285714285714,0.0,15.207498462616698,4.784233364800055,66948.0,92099.0,124338.0,-32239.0,0,2,False,False,False,False,False,False,False,False,Normal
2025-10-03,,43.333333333333336,,2169.3333333333335,,False,False,False,False,False,True,,,,,,True,2212.666666666667,,-0.0010534236267869534,,2192.1428571428573,2155.809523809524,0.8,2182.190476190476,2145.6190476190473,0.0,16.251608346173757,4.784233364800055,66948.0,92099.0,124338.0,-32239.0,0,0,False,False,False,False,False,False,False,False,Missing Report
2025-10-04,,35.666666666666664,,2174.6666666666665,,False,False,False,False,False,True,,,,,,True,2210.333333333333,,-0.0010545344983431404,,2197.5714285714284,2160.5714285714284,0.8,2185.6428571428573,2149.4285714285716,0.0,16.758446916953137,4.784233364800055,66948.0,92099.0,124338.0,-32239.0,0,0,False,False,False,False,False,False,False,False,Missing Report
2025-10-05,8.0,28.0,13.0,2180.0,16.0,False,False,False,False,True,False,28.0,2180.0,8.0,13.0,16.0,False,2208.0,-3.0,-0.001055647715276553,1.2307692307692308,2202.285714285714,2165.4285714285716,-0.4,2188.4285714285716,2152.714285714286,-1.1,17.018556265270163,3.9285281382867057,66956.0,92112.0,124354.0,-32242.0,0,1,False,False,False,False,False,False,False,False,Normal
2025-10-06,5.0,33.0,15.0,2187.0,10.0,False,False,False,False,True,False,33.0,2187.0,5.0,15.0,10.0,False,2220.0,5.0,0.005434782608695565,0.6666666666666666,2207.5714285714284,2171.0,0.8,2191.214285714286,2156.0,-1.0,18.806985030187896,4.082482904635824,66961.0,92127.0,124364.0,-32237.0,1,0,False,False,False,False,False,False,False,False,Normal
2025-10-07,11.0,45.0,4.0,2189.0,10.0,False,False,False,False,True,False,45.0,2189.0,11.0,4.0,10.0,False,2234.0,-6.0,0.006306306306306242,2.5,2213.714285714286,2175.285714285714,-1.4,2195.0,2159.1428571428573,-1.1,21.703912752842825,4.201851443772451,66972.0,92131.0,124374.0,-32243.0,0,1,False,False,False,False,False,False,False,False,Normal
2025-10-08,8.0,49.0,15.0,2192.0,17.0,False,False,False,False,True,False,49.0,2192.0,8.0,15.0,17.0,False,2241.0,-2.0,0.003133393017009878,1.1333333333333333,2220.1428571428573,2179.4285714285716,-1.4,2199.6428571428573,2163.0,-0.8,24.14219424718733,3.994440581049198,66980.0,92146.0,124391.0,-32245.0,0,2,False,False,False,False,False,False,False,False,Normal
2025-10-09,11.0,55.0,13.0,2192.0,12.0,False,False,False,False,True,False,55.0,2192.0,11.0,13.0,12.0,False,2247.0,1.0,0.0026773761713521083,0.9230769230769231,2224.714285714286,2183.4285714285716,-1.0,2205.3571428571427,2167.285714285714,-0.1,25.26321750002925,3.573047252226567,66991.0,92159.0,124403.0,-32244.0,1,0,False,False,False,False,False,False,False,False,Normal
2025-10-10,,47.25,,2199.75,,False,False,False,False,False,True,,,,,,True,2247.0,,0.0,,2229.6190476190473,2187.7738095238096,-1.0,2210.8809523809523,2171.7916666666665,-0.1,25.313624967662516,3.573047252226567,66991.0,92159.0,124403.0,-32244.0,0,0,False,False,False,False,False,False,False,False,Missing Report
2025-10-11,,39.5,,2207.5,,False,False,False,False,False,True,,,,,,True,2247.0,,0.0,,2234.8571428571427,2192.464285714286,-1.0,2216.214285714286,2176.5178571428573,-0.1,24.417174538068398,3.573047252226567,66991.0,92159.0,124403.0,-32244.0,0,0,False,False,False,False,False,False,False,False,Missing Report
2025-10-12,,31.75,,2215.25,,False,False,False,False,False,True,,,,,,True,2247.0,,0.0,,2240.4285714285716,2197.5,-0.5,2221.3571428571427,2181.464285714286,-0.4444444444444444,22.58221986831574,3.609401304614388,66991.0,92159.0,124403.0,-32244.0,0,0,False,False,False,False,False,False,False,False,Missing Report
2025-10-13,8.0,24.0,7.0,2223.0,6.0,False,False,False,False,True,False,24.0,2223.0,8.0,7.0,6.0,False,2247.0,1.0,0.0,0.8571428571428571,2244.285714285714,2202.6428571428573,-1.5,2225.9285714285716,2186.8214285714284,-0.2222222222222222,20.612077844852223,3.6324157862803554,66999.0,92166.0,124409.0,-32243.0,1,0,False,False,False,False,False,False,False,False,Normal
2025-10-14,7.0,30.0,16.0,2235.0,8.0,False,False,False,False,True,False,30.0,2235.0,7.0,16.0,8.0,False,2265.0,8.0,0.008010680907877266,0.5,2248.714285714286,2209.214285714286,2.0,2231.214285714286,2192.25,0.1111111111111111,20.453661251154465,4.255715111598217,67006.0,92182.0,124417.0,-32235.0,2,0,False,False,False,False,False,True,False,False,Normal
2025-10-15,8.0,29.0,10.0,2225.0,15.0,False,False,False,False,True,False,29.0,2225.0,8.0,10.0,15.0,False,2254.0,-5.0,-0.004856512141280356,1.5,2250.5714285714284,2213.9285714285716,1.25,2235.3571428571427,2196.6785714285716,-0.2222222222222222,18.558507284883845,4.549114687982567,67014.0,92192.0,124432.0,-32240.0,0,1,False,False,False,False,False,False,False,False,Normal
2025-10-16,9.0,33.0,15.0,2233.0,9.0,False,False,False,False,True,False,33.0,2233.0,9.0,15.0,9.0,False,2266.0,6.0,0.0053238686779060185,0.6,2253.285714285714,2219.785714285714,2.5,2239.0,2201.6071428571427,0.5555555555555556,19.247821492410004,4.97772817435345,67023.0,92207.0,124441.0,-32234.0,1,0,False,False,False,False,False,True,False,False,Normal
2025-10-17,,33.333333333333336,,2234.3333333333335,,False,False,False,False,False,True,,,,,,True,2267.666666666667,,0.0007355104442483551,,2256.2380952380954,2224.7261904761904,2.5,2242.9285714285716,2206.25,0.5555555555555556,19.0716949418442,4.97772817435345,67023.0,92207.0,124441.0,-32234.0,0,0,False,False,False,False,False,False,False,False,Missing Report
2025-10-18,,33.666666666666664,,2235.6666666666665,,False,False,False,False,False,True,,,,,,True,2269.333333333333,,0.0007349698662351134,,2259.4285714285716,2228.75,2.5,2247.1428571428573,2210.6071428571427,0.5555555555555556,17.79066992086952,4.97772817435345,67023.0,92207.0,124441.0,-32234.0,0,0,False,False,False,False,False,False,False,False,Missing Report
2025-10-19,9.0,34.0,17.0,2237.0,7.0,False,False,False,False,True,False,34.0,2237.0,9.0,17.0,7.0,False,2271.0,10.0,0.0007344300822562655,0.4117647058823529,2262.8571428571427,2231.8571428571427,4.0,2251.6428571428573,2214.6785714285716,2.0,14.853394253466378,5.656854249490125,67032.0,92224.0,124448.0,-32224.0,1,0,False,False,False,False,False,True,False,False,Normal
2025-10-20,10.0,39.0,6.0,2243.0,7.0,False,False,False,False,True,False,39.0,2243.0,10.0,6.0,7.0,False,2282.0,-1.0,0.00484368119771017,1.1666666666666667,2267.8571428571427,2234.714285714286,3.6,2256.0714285714284,2218.6785714285716,1.3333333333333333,13.905774829053883,5.612486080158633,67042.0,92230.0,124455.0,-32225.0,0,1,False,False,False,False,False,False,False,False,Normal
2025-10-21,13.0,39.0,17.0,2251.0,9.0,False,False,False,False,True,False,39.0,2251.0,13.0,17.0,9.0,False,2290.0,8.0,0.0035056967572304476,0.5294117647058824,2271.4285714285716,2237.0,3.6,2260.0714285714284,2223.1071428571427,2.888888888888889,15.073709810218318,5.254627590142395,67055.0,92247.0,124464.0,-32217.0,1,0,False,False,False,False,False,True,False,False,Normal
2025-10-22,12.0,42.0,13.0,2261.0,12.0,False,False,False,False,True,False,42.0,2261.0,12.0,13.0,12.0,False,2303.0,1.0,0.005676855895196509,0.9230769230769231,2278.4285714285716,2242.1428571428573,4.8,2264.5,2228.035714285714,3.2222222222222223,17.88507948269169,4.994441354588021,67067.0,92260.0,124476.0,-32216.0,2,0,False,False,False,False,False,False,False,False,Normal
2025-10-23,4.0,27.0,26.0,2266.0,18.0,False,False,False,False,True,False,27.0,2266.0,4.0,26.0,18.0,False,2293.0,8.0,-0.004342162396873683,0.6923076923076923,2282.285714285714,2246.8571428571427,5.2,2267.785714285714,2233.3214285714284,4.0,18.63257286042485,5.147815070491038,67071.0,92286.0,124494.0,-32208.0,3,0,True,False,False,False,False,True,False,False,Watch
2025-10-24,,29.666666666666668,,2269.3333333333335,,False,False,False,False,False,True,,,,,,True,2299.0,,0.0026166593981682418,,2286.7619047619046,2251.8571428571427,5.2,2271.5,2238.2916666666665,4.0,19.339853005034453,5.147815070491038,67071.0,92286.0,124494.0,-32208.0,0,0,False,False,False,False,False,False,False,False,Missing Report
2025-10-25,,32.333333333333336,,2272.6666666666665,,False,False,False,False,False,True,,,,,,True,2305.0,,0.002609830361026466,,2291.8571428571427,2257.1428571428573,5.2,2275.6428571428573,2242.9464285714284,4.0,19.892215661580885,5.147815070491038,67071.0,92286.0,124494.0,-32208.0,0,0,False,False,False,False,False,False,False,False,Missing Report
2025-10-26,4.0,35.0,12.0,2276.0,10.0,False,False,False,False,True,False,35.0,2276.0,4.0,12.0,10.0,False,2311.0,2.0,0.0026030368763556577,0.8333333333333334,2297.5714285714284,2262.714285714286,3.6,2280.214285714286,2247.285714285714,3.8,20.15563679163935,4.894441291458404,67075.0,92298.0,124504.0,-32206.0,1,0,False,False,False,False,False,False,False,False,Normal
2025-10-27,2.0,31.0,8.0,2282.0,11.0,False,False,False,False,True,False,31.0,2282.0,2.0,8.0,11.0,False,2313.0,-3.0,0.0008654262224145892,1.375,2302.0,2268.285714285714,3.2,2284.9285714285716,2251.5,3.4,19.497174266205743,5.295700562194002,67077.0,92306.0,124515.0,-32209.0,0,1,False,False,False,False,False,False,False,False,Normal
2025-10-28,6.0,22.0,11.0,2286.0,6.0,False,False,False,False,True,False,22.0,2286.0,6.0,11.0,6.0,False,2308.0,5.0,-0.002161694768698652,0.5454545454545454,2304.5714285714284,2273.285714285714,2.6,2288.0,2255.1428571428573,3.1,19.503232247583725,5.087020520673686,67083.0,92317.0,124521.0,-32204.0,1,0,False,False,False,False,False,False,False,False,Normal
2025-10-29,6.0,25.0,4.0,2280.0,17.0,False,False,False,False,True,False,25.0,2280.0,6.0,4.0,17.0,False,2305.0,-13.0,-0.0012998266897746857,4.25,2304.8571428571427,2276.0,-0.2,2291.6428571428573,2259.0714285714284,2.3,17.302963665795165,6.832113712296884,67089.0,92321.0,124538.0,-32217.0,0,1,False,False,False,False,False,False,False,False,Normal
2025-10-30,3.0,17.0,14.0,2287.0,12.0,False,False,False,False,True,False,17.0,2287.0,3.0,14.0,12.0,False,2304.0,2.0,-0.0004338394793925726,0.8571428571428571,2306.4285714285716,2279.0,-1.4,2294.3571428571427,2262.9285714285716,1.9,15.894128502397114,6.707375708044554,67092.0,92335.0,124550.0,-32215.0,1,0,False,False,False,False,False,False,False,False,Normal
2025-10-31,,18.333333333333332,,2283.6666666666665,,False,False,False,False,False,True,,,,,,True,2302.0,,-0.0008680555555555802,,2306.8571428571427,2281.047619047619,-1.4,2296.809523809524,2266.452380952381,1.9,13.994329907815061,6.707375708044554,67092.0,92335.0,124550.0,-32215.0,0,0,False,False,False,False,False,False,False,False,Missing Report
2025-11-01,,19.666666666666668,,2280.3333333333335,,False,False,False,False,False,True,,,,,,True,2300.0,,-0.0008688097306689402,,2306.1428571428573,2282.1428571428573,-1.4,2299.0,2269.6428571428573,1.9,11.549225736481462,6.707375708044554,67092.0,92335.0,124550.0,-32215.0,0,0,False,False,False,False,False,False,False,False,Missing Report
2025-11-02,5.0,21.0,10.0,2277.0,7.0,False,False,False,False,True,False,21.0,2277.0,5.0,10.0,7.0,False,2298.0,3.0,-0.0008695652173913437,0.7,2304.285714285714,2282.285714285714,-1.2,2300.9285714285716,2272.5,1.2,8.315548771790398,6.106462878693863,67097.0,92345.0,124557.0,-32212.0,1,0,False,False,False,False,False,False,False,False,Normal
2025-11-03,3.0,28.0,5.0,2269.0,12.0,False,False,False,False,True,False,28.0,2269.0,3.0,5.0,12.0,False,2297.0,-7.0,-0.0004351610095735259,2.4,2302.0,2280.4285714285716,-2.0,2302.0,2274.3571428571427,0.6,6.445033845231584,6.619835513228363,67100.0,92350.0,124569.0,-32219.0,0,1,False,False,False,False,False,False,False,False,Normal
2025-11-04,6.0,33.0,6.0,2270.0,8.0,False,False,False,False,True,False,33.0,2270.0,6.0,6.0,8.0,False,2303.0,-2.0,0.0026121027427079557,1.3333333333333333,2301.285714285714,2278.1428571428573,-3.4,2302.9285714285716,2275.714285714286,-0.4,5.441497021744041,6.113736809656997,67106.0,92356.0,124577.0,-32221.0,0,2,False,False,False,False,False,False,False,False,Normal
2025-11-05,8.0,41.0,8.0,2272.0,7.0,False,False,False,False,True,False,41.0,2272.0,8.0,8.0,7.0,False,2313.0,1.0,0.004342162396873572,0.875,2302.4285714285716,2277.0,-0.6,2303.6428571428573,2276.5,-0.4,6.071460869545941,6.113736809656997,67114.0,92364.0,124584.0,-32220.0,1,0,False,False,False,False,False,False,False,False,Normal
2025-11-06,6.0,33.0,9.0,2264.0,19.0,False,False,False,False,True,False,33.0,2264.0,6.0,9.0,19.0,False,2297.0,-10.0,-0.006917423259835687,2.111111111111111,2301.4285714285716,2273.714285714286,-3.0,2303.9285714285716,2276.3571428571427,-2.2,5.608568773211804,6.0147965699394,67120.0,92373.0,124603.0,-32230.0,0,1,False,False,False,False,False,False,False,False,Normal
2025-11-07,,33.0,,2274.0,,False,False,False,False,False,True,,,,,,True,2307.0,,0.004353504571179778,,2302.1428571428573,2272.3333333333335,-3.0,2304.5,2276.690476190476,-2.2,5.473713382098659,6.0147965699394,67120.0,92373.0,124603.0,-32230.0,0,0,False,False,False,False,False,False,False,False,Missing Report
2025-11-08,,33.0,,2284.0,,False,False,False,False,False,True,,,,,,True,2317.0,,0.004334633723450443,,2304.5714285714284,2272.8571428571427,-3.0,2305.3571428571427,2277.5,-2.2,6.4164109436814,6.0147965699394,67120.0,92373.0,124603.0,-32230.0,0,0,False,False,False,False,False,False,False,False,Missing Report
2025-11-09,11.0,33.0,5.0,2294.0,4.0,False,False,False,False,True,False,33.0,2294.0,11.0,5.0,4.0,False,2327.0,1.0,0.004315925766076756,0.8,2308.714285714286,2275.285714285714,-3.4,2306.5,2278.785714285714,-2.3,8.56423689385504,5.94511938016567,67131.0,92378.0,124607.0,-32229.0,1,0,False,False,False,False,False,False,False,False,Normal
2025-11-10,,36.0,,2294.0,,False,False,False,False,False,True,,,,,,True,2330.0,,0.0012892135797164528,,2313.4285714285716,2278.8571428571427,-2.5,2307.714285714286,2279.6428571428573,-2.2222222222222223,10.535132211651497,6.300352723809879,67131.0,92378.0,124607.0,-32229.0,0,0,False,False,False,False,False,False,False,False,Missing Report
2025-11-11,11.0,39.0,12.0,2294.0,14.0,False,False,False,False,True,False,39.0,2294.0,11.0,12.0,14.0,False,2333.0,-2.0,0.0012875536480687622,1.1666666666666667,2317.714285714286,2282.285714285714,-2.5,2309.5,2280.214285714286,-3.0,12.519215988184403,5.700877125493414,67142.0,92390.0,124621.0,-32231.0,0,1,False,False,False,False,False,False,False,False,Normal
2025-11-12,14.0,48.0,20.0,2302.0,7.0,False,False,False,False,True,False,48.0,2302.0,14.0,20.0,7.0,False,2350.0,13.0,0.0072867552507500655,0.35,2323.0,2286.5714285714284,0.5,2312.714285714286,2281.785714285714,-0.1111111111111111,16.43836305560748,6.527718675853411,67156.0,92410.0,124628.0,-32218.0,1,0,False,False,False,False,False,True,False,False,Normal
2025-11-13,6.0,26.0,16.0,2317.0,5.0,False,False,False,False,True,False,26.0,2317.0,6.0,16.0,5.0,False,2343.0,11.0,-0.0029787234042553123,0.3125,2329.5714285714284,2294.1428571428573,5.75,2315.5,2283.9285714285716,0.8888888888888888,18.071439422614446,7.507403753035099,67162.0,92426.0,124633.0,-32207.0,2,0,False,False,False,False,False,True,False,False,Normal
2025-11-14,,24.666666666666668,,2324.6666666666665,,False,False,False,False,False,True,,,,,,True,2349.333333333333,,0.0027030872101292402,,2335.6190476190473,2301.3809523809523,5.75,2318.8809523809523,2286.8571428571427,0.8888888888888888,19.705354006701363,7.507403753035099,67162.0,92426.0,124633.0,-32207.0,0,0,False,False,False,False,False,False,False,False,Missing Report
2025-11-15,,23.333333333333332,,2332.3333333333335,,False,False,False,False,False,True,,,,,,True,2355.666666666667,,0.0026958002270149883,,2341.1428571428573,2308.285714285714,5.75,2322.8571428571427,2290.5714285714284,0.8888888888888888,21.164683642153804,7.507403753035099,67162.0,92426.0,124633.0,-32207.0,0,0,False,False,False,False,False,False,False,False,Missing Report
2025-11-16,5.0,22.0,3.0,2340.0,5.0,False,False,False,False,True,False,22.0,2340.0,5.0,3.0,5.0,False,2362.0,-2.0,0.0026885524267721284,1.6666666666666667,2346.1428571428573,2314.8571428571427,5.0,2327.4285714285716,2295.0714285714284,0.3333333333333333,22.265848501613995,7.516648189184747,67167.0,92429.0,124638.0,-32209.0,0,1,False,False,False,False,False,False,False,False,Normal
2025-11-17,1.0,35.0,6.0,2343.0,8.0,False,False,False,False,True,False,35.0,2343.0,1.0,6.0,8.0,False,2378.0,-2.0,0.006773920406435208,1.3333333333333333,2353.0,2321.8571428571427,3.6,2333.214285714286,2300.3571428571427,0.8888888888888888,24.19140453659347,7.078920193863291,67168.0,92435.0,124646.0,-32211.0,0,2,False,False,False,False,False,False,False,False,Normal
2025-11-18,2.0,38.0,8.0,2345.0,12.0,False,False,False,False,True,False,38.0,2345.0,2.0,8.0,12.0,False,2383.0,-4.0,0.002102607232968845,1.5,2360.1428571428573,2329.1428571428573,3.2,2338.9285714285716,2305.714285714286,0.6666666666666666,25.89399117030977,7.211102550926201,67170.0,92443.0,124658.0,-32215.0,0,3,False,True,False,False,False,False,False,False,Relief
2025-11-19,7.0,32.0,3.0,2340.0,10.0,False,False,False,False,True,False,32.0,2340.0,7.0,3.0,10.0,False,2372.0,-7.0,-0.004616030214015909,3.3333333333333335,2363.285714285714,2334.5714285714284,-0.8,2343.1428571428573,2310.5714285714284,-0.2222222222222222,26.14937833906314,7.644896627451462,67177.0,92446.0,124668.0,-32222.0,0,4,False,True,False,False,False,False,False,False,Relief
2025-11-20,18.0,57.0,8.0,2340.0,9.0,False,False,False,False,True,False,57.0,2340.0,18.0,8.0,9.0,False,2397.0,-1.0,0.010539629005059004,1.125,2371.0,2337.8571428571427,-3.2,2350.285714285714,2316.0,0.7777777777777778,26.233291671373777,6.7412494720503275,67195.0,92454.0,124677.0,-32223.0,0,5,False,True,False,False,False,False,False,False,Relief
2025-11-21,,53.333333333333336,,2351.6666666666665,,False,False,False,False,False,True,,,,,,True,2405.0,,0.003337505214851877,,2378.952380952381,2341.714285714286,-3.2,2357.285714285714,2321.5476190476193,0.7777777777777778,26.86205888051548,6.7412494720503275,67195.0,92454.0,124677.0,-32223.0,0,0,False,False,False,False,False,False,False,False,Missing Report
2025-11-22,,49.666666666666664,,2363.3333333333335,,False,False,False,False,False,True,,,,,,True,2413.0,,0.0033264033264033266,,2387.1428571428573,2346.1428571428573,-3.2,2364.1428571428573,2327.214285714286,0.7777777777777778,28.015476269327852,6.7412494720503275,67195.0,92454.0,124677.0,-32223.0,0,0,False,False,False,False,False,False,False,False,Missing Report
2025-11-23,3.0,46.0,22.0,2375.0,1.0,False,False,False,False,True,False,46.0,2375.0,3.0,22.0,1.0,False,2421.0,21.0,0.0033153750518026825,0.045454545454545456,2395.5714285714284,2351.1428571428573,1.4,2370.8571428571427,2333.0,3.0,29.645689578715356,9.539392014168124,67198.0,92476.0,124678.0,-32202.0,1,0,False,False,False,False,False,True,False,False,Normal
2025-11-24,9.0,40.0,9.0,2371.0,13.0,False,False,False,False,True,False,40.0,2371.0,9.0,9.0,13.0,False,2411.0,-4.0,-0.0041305245766212195,1.4444444444444444,2400.285714285714,2355.1428571428573,1.0,2376.6428571428573,2338.5,2.3,28.954566316866046,9.262229153333783,67207.0,92485.0,124691.0,-32206.0,0,1,False,False,False,False,False,False,False,False,Normal
2025-11-25,6.0,47.0,14.0,2375.0,11.0,False,False,False,False,True,False,47.0,2375.0,6.0,14.0,11.0,False,2422.0,3.0,0.004562422231439323,0.7857142857142857,2405.8571428571427,2359.4285714285716,2.4,2383.0,2344.285714285714,2.8,28.400373172061414,9.13844139397351,67213.0,92499.0,124702.0,-32203.0,1,0,False,False,False,False,False,False,False,False,Normal
2025-11-26,,35.5,,2382.0,,False,False,False,False,False,True,,,,,,True,2417.5,,-0.0018579686209744262,,2412.3571428571427,2365.4285714285716,4.75,2387.8214285714284,2350.0,1.6666666666666667,28.09511198040808,8.916277250062072,67213.0,92499.0,124702.0,-32203.0,0,0,False,False,False,False,False,False,False,False,Missing Report
2025-11-27,4.0,24.0,8.0,2389.0,7.0,False,False,False,False,True,False,24.0,2389.0,4.0,8.0,7.0,False,2413.0,1.0,-0.0018614270941055278,0.875,2414.6428571428573,2372.4285714285716,5.25,2392.8214285714284,2355.1428571428573,0.5555555555555556,25.625046526778718,8.202303199574626,67217.0,92507.0,124709.0,-32202.0,1,0,False,False,False,False,False,False,False,False,Normal
2025-11-28,,22.0,,2397.6666666666665,,False,False,False,False,False,True,,,,,,True,2419.6666666666665,,0.002762812543168902,,2416.7380952380954,2379.0,5.25,2397.845238095238,2360.3571428571427,0.5555555555555556,23.225434060046354,8.202303199574626,67217.0,92507.0,124709.0,-32202.0,0,0,False,False,False,False,False,False,False,False,Missing Report
2025-11-29,,20.0,,2406.3333333333335,,False,False,False,False,False,True,,,,,,True,2426.3333333333335,,0.0027552004408322173,,2418.6428571428573,2385.1428571428573,5.25,2402.8928571428573,2365.6428571428573,0.5555555555555556,20.917992815263478,8.202303199574626,67217.0,92507.0,124709.0,-32202.0,0,0,False,False,False,False,False,False,False,False,Missing Report
2025-11-30,4.0,18.0,10.0,2415.0,0.0,False,False,False,False,True,False,18.0,2415.0,4.0,10.0,0.0,False,2433.0,10.0,0.002747630168979276,0.0,2420.3571428571427,2390.8571428571427,2.5,2407.964285714286,2371.0,1.8888888888888888,18.733873806963583,8.69546497382892,67221.0,92517.0,124709.0,-32192.0,1,0,False,False,False,False,False,True,False,False,Normal
2025-12-01,4.0,26.0,4.0,2410.0,9.0,False,False,False,False,True,False,26.0,2410.0,4.0,4.0,9.0,False,2436.0,-5.0,0.0012330456226881115,2.25,2423.9285714285716,2396.4285714285716,2.25,2412.1071428571427,2375.785714285714,1.5555555555555556,17.996391741888242,8.917834814446397,67225.0,92521.0,124718.0,-32197.0,0,1,False,False,False,False,False,False,False,False,Normal
2025-12-02,7.0,34.0,6.0,2407.0,8.0,False,False,False,False,True,False,34.0,2407.0,7.0,6.0,8.0,False,2441.0,-2.0,0.0020525451559934016,1.3333333333333333,2426.6428571428573,2401.0,1.0,2416.25,2380.214285714286,1.7777777777777777,17.447938425158547,8.786036902063348,67232.0,92527.0,124726.0,-32199.0,0,2,False,False,False,False,False,False,False,False,Normal
2025-12-03,4.0,32.0,8.0,2419.0,7.0,False,False,False,False,True,False,32.0,2419.0,4.0,8.0,7.0,False,2451.0,1.0,0.004096681687832948,0.875,2431.4285714285716,2406.285714285714,1.0,2421.8928571428573,2385.8571428571427,2.6666666666666665,14.574243625876322,8.170067319182538,67236.0,92535.0,124733.0,-32198.0,1,0,False,False,False,False,False,False,False,False,Normal
2025-12-04,16.0,39.0,7.0,2418.0,13.0,False,False,False,False,True,False,39.0,2418.0,16.0,7.0,13.0,False,2457.0,-6.0,0.00244798041615657,1.8571428571428572,2437.714285714286,2410.4285714285716,-0.4,2426.1785714285716,2391.4285714285716,2.111111111111111,15.484547608155202,8.608781046761825,67252.0,92542.0,124746.0,-32204.0,0,1,False,False,False,False,False,False,False,False,Normal
2025-12-05,,34.0,,2421.6666666666665,,False,False,False,False,False,True,,,,,,True,2455.6666666666665,,-0.0005426672093339358,,2442.8571428571427,2413.8571428571427,-0.4,2429.797619047619,2396.4285714285716,2.111111111111111,16.063998409804945,8.608781046761825,67252.0,92542.0,124746.0,-32204.0,0,0,False,False,False,False,False,False,False,False,Missing Report
2025-12-06,,29.0,,2425.3333333333335,,False,False,False,False,False,True,,,,,,True,2454.3333333333335,,-0.0005429618569294803,,2446.8571428571427,2416.5714285714284,-0.4,2432.75,2400.8571428571427,2.111111111111111,16.530824605157015,8.608781046761825,67252.0,92542.0,124746.0,-32204.0,0,0,False,False,False,False,False,False,False,False,Missing Report
2025-12-07,4.0,24.0,13.0,2429.0,12.0,False,False,False,False,True,False,24.0,2429.0,4.0,13.0,12.0,False,2453.0,1.0,-0.0005432568246639402,0.9230769230769231,2449.714285714286,2418.5714285714284,-2.2,2435.035714285714,2404.714285714286,-0.1111111111111111,16.98719710320891,4.910306620882797,67256.0,92555.0,124758.0,-32203.0,1,0,False,False,False,False,False,False,False,False,Normal
2025-12-08,9.0,27.0,9.0,2440.0,4.0,False,False,False,False,True,False,27.0,2440.0,9.0,9.0,4.0,False,2467.0,5.0,0.00570729718711771,0.4444444444444444,2454.1428571428573,2422.8571428571427,-0.2,2439.035714285714,2409.6428571428573,0.8888888888888888,17.478213362541446,4.935697631651023,67265.0,92564.0,124762.0,-32198.0,2,0,False,False,False,False,False,False,False,False,Normal
2025-12-09,4.0,30.0,7.0,2443.0,8.0,False,False,False,False,True,False,30.0,2443.0,4.0,7.0,8.0,False,2473.0,-1.0,0.002432103769760774,1.1428571428571428,2458.714285714286,2428.0,0.0,2442.6785714285716,2414.5,0.4444444444444444,18.910547889142823,4.9018137232816335,67269.0,92571.0,124770.0,-32199.0,0,1,False,False,False,False,False,False,False,False,Normal
2025-12-10,10.0,54.0,5.0,2439.0,9.0,False,False,False,False,True,False,54.0,2439.0,10.0,5.0,9.0,False,2493.0,-4.0,0.008087343307723316,1.8,2464.714285714286,2430.8571428571427,-1.0,2448.0714285714284,2418.5714285714284,0.0,21.732711394226232,4.830458915394118,67279.0,92576.0,124779.0,-32203.0,0,2,False,False,False,False,False,False,False,False,Normal
2025-12-11,7.0,47.0,9.0,2437.0,10.0,False,False,False,False,True,False,47.0,2437.0,7.0,9.0,10.0,False,2484.0,-1.0,-0.0036101083032491488,1.1111111111111112,2468.5714285714284,2433.5714285714284,0.0,2453.1428571428573,2422.0,-0.2,21.196562481413746,4.825856285558664,67286.0,92585.0,124789.0,-32204.0,0,3,False,True,False,False,False,False,False,False,Relief
2025-12-12,,43.0,,2445.3333333333335,,False,False,False,False,False,True,,,,,,True,2488.3333333333335,,0.0017444981213097233,,2473.2380952380954,2436.952380952381,0.0,2458.047619047619,2425.404761904762,-0.2,20.79523989225518,4.825856285558664,67286.0,92585.0,124789.0,-32204.0,0,0,False,False,False,False,False,False,False,False,Missing Report
2025-12-13,,39.0,,2453.6666666666665,,False,False,False,False,False,True,,,,,,True,2492.6666666666665,,0.0017414601473542124,,2478.714285714286,2441.0,0.0,2462.785714285714,2428.785714285714,-0.2,20.56908605947182,4.825856285558664,67286.0,92585.0,124789.0,-32204.0,0,0,False,False,False,False,False,False,False,False,Missing Report
2025-12-14,8.0,35.0,4.0,2462.0,8.0,False,False,False,False,True,False,35.0,2462.0,8.0,4.0,8.0,False,2497.0,-4.0,0.0017384327360256968,2.0,2485.0,2445.714285714286,-1.0,2467.3571428571427,2432.1428571428573,-1.6,20.551982985076428,3.3399933466299934,67294.0,92589.0,124797.0,-32208.0,0,1,False,False,False,False,False,False,False,False,Normal
2025-12-15,11.0,42.0,9.0,2470.0,7.0,False,False,False,False,True,False,42.0,2470.0,11.0,9.0,7.0,False,2512.0,2.0,0.006007208650380402,0.7777777777777778,2491.4285714285716,2450.0,-1.6,2472.785714285714,2436.4285714285716,-0.9,21.640657812395226,3.2812599206164372,67305.0,92598.0,124804.0,-32206.0,1,0,False,False,False,False,False,False,False,False,Normal
2025-12-16,8.0,54.0,15.0,2468.0,9.0,False,False,False,False,True,False,54.0,2468.0,8.0,15.0,9.0,False,2522.0,6.0,0.00398089171974525,0.6,2498.4285714285716,2453.5714285714284,-0.2,2478.5714285714284,2440.785714285714,-0.1,23.256440540147143,3.9001424475380757,67313.0,92613.0,124813.0,-32200.0,2,0,False,False,False,False,False,True,False,False,Normal
2025-12-17,7.0,31.0,11.0,2481.0,10.0,False,False,False,False,True,False,31.0,2481.0,7.0,11.0,10.0,False,2512.0,1.0,-0.003965107057890549,0.9090909090909091,2501.1428571428573,2459.5714285714284,0.8,2482.9285714285716,2445.214285714286,-0.1,23.407274256864245,3.9001424475380757,67320.0,92624.0,124823.0,-32199.0,3,0,True,False,False,False,False,False,False,False,Watch
2025-12-18,11.0,50.0,6.0,2472.0,16.0,False,False,False,False,True,False,50.0,2472.0,11.0,6.0,16.0,False,2522.0,-10.0,0.00398089171974525,2.6666666666666665,2506.5714285714284,2464.5714285714284,-1.0,2487.5714285714284,2449.0714285714284,-0.5,24.298158122299583,4.696334267866024,67331.0,92630.0,124839.0,-32209.0,0,1,False,False,False,False,False,False,False,False,Normal
2025-12-19,,39.333333333333336,,2476.0,,False,False,False,False,False,True,,,,,,True,2515.3333333333335,,-0.002643404705260366,,2510.4285714285716,2468.9523809523807,-1.0,2491.833333333333,2452.9523809523807,-0.5,23.490951152747467,4.696334267866024,67331.0,92630.0,124839.0,-32209.0,0,0,False,False,False,False,False,False,False,False,Missing Report
2025-12-20,,28.666666666666668,,2480.0,,False,False,False,False,False,True,,,,,,True,2508.6666666666665,,-0.0026504108136762294,,2512.714285714286,2472.714285714286,-1.0,2495.714285714286,2456.8571428571427,-0.5,21.19500712348279,4.696334267866024,67331.0,92630.0,124839.0,-32209.0,0,0,False,False,False,False,False,False,False,False,Missing Report
2025-12-21,6.0,18.0,11.0,2484.0,14.0,False,False,False,False,True,False,18.0,2484.0,6.0,11.0,14.0,False,2502.0,-3.0,-0.0026574541589157175,1.2727272727272727,2513.4285714285716,2475.8571428571427,-0.8,2499.214285714286,2460.785714285714,-0.9,17.283759051914778,4.724639903971449,67337.0,92641.0,124853.0,-32212.0,0,1,False,False,False,False,False,False,False,False,Normal
